bucket,start_ns,start_hms,end_ns,duration_ns,n_events,n_updates,ofi,abs_flow,mid2_open,mid2_close,dmid_cents,dmid_bps
0,34200004241176,09:30:00,34201172976370,1168735194,158,50,-104,1416,11712700,11713700,5.0000,0.853774
1,34201172976370,09:30:01,34203295665697,2122689327,120,50,-286,1556,11713700,11711500,-11.0000,-1.878143
2,34203295665697,09:30:03,34206292254316,2996588619,81,50,-33,2615,11711500,11711600,0.5000,0.085386
3,34206292254316,09:30:06,34211146132928,4853878612,81,50,-1669,4599,11711600,11710100,-7.5000,-1.280781
4,34211146132928,09:30:11,34219517076244,8370943316,93,50,-2223,5445,11710100,11708000,-10.5000,-1.793324
5,34219517076244,09:30:19,34228977444304,9460368060,94,50,272,1186,11708000,11713200,26.0000,4.441408
6,34228977444304,09:30:28,34234279598420,5302154116,106,50,130,1026,11713200,11712200,-5.0000,-0.853738
7,34234279598420,09:30:34,34242095740199,7816141779,110,50,-798,1896,11712200,11709800,-12.0000,-2.049145
8,34242095740199,09:30:42,34247097986134,5002245935,78,50,-471,1875,11709800,11706700,-15.5000,-2.647355
9,34247097986134,09:30:47,34252023180830,4925194696,110,50,502,3026,11706700,11711200,22.5000,3.843953
10,34252023180830,09:30:52,34256750383635,4727202805,97,50,-1344,3814,11711200,11710000,-6.0000,-1.024660
11,34256750383635,09:30:56,34259729791913,2979408278,101,50,-158,1852,11710000,11711500,7.5000,1.280956
12,34259729791913,09:30:59,34261806639960,2076848047,95,50,346,2146,11711500,11709400,-10.5000,-1.793109
13,34261806639960,09:31:01,34264884055849,3077415889,102,50,226,2912,11709400,11709500,0.5000,0.085401
14,34264884055849,09:31:04,34272716661820,7832605971,118,50,246,2946,11709500,11710000,2.5000,0.427004
15,34272716661820,09:31:12,34278891627439,6174965619,84,50,313,2873,11710000,11710600,3.0000,0.512383
16,34278891627439,09:31:18,34281450083526,2558456087,80,50,-335,3553,11710600,11710900,1.5000,0.256178
17,34281450083526,09:31:21,34285250010851,3799927325,116,50,-1559,3161,11710900,11707800,-15.5000,-2.647107
18,34285250010851,09:31:25,34286966554224,1716543373,74,50,-1250,3816,11707800,11707200,-3.0000,-0.512479
19,34286966554224,09:31:26,34287853266702,886712478,107,50,-891,2485,11707200,11705000,-11.0000,-1.879185
20,34287853266702,09:31:27,34288204018241,350751539,72,50,-1203,2563,11705000,11701200,-19.0000,-3.246476
21,34288204018241,09:31:28,34288770969403,566951162,71,50,-5931,6531,11701200,11697700,-17.5000,-2.991146
22,34288770969403,09:31:28,34305098815535,16327846132,138,50,-870,4674,11697700,11696200,-7.5000,-1.282303
23,34305098815535,09:31:45,34305131602497,32786962,83,50,-160,4880,11696200,11698400,11.0000,1.880953
24,34305131602497,09:31:45,34309629974124,4498371627,88,50,-485,4335,11698400,11702700,21.5000,3.675716
25,34309629974124,09:31:49,34310959917340,1329943216,94,50,-1086,1108,11702700,11702700,0.0000,0.000000
26,34310959917340,09:31:50,34312176998868,1217081528,92,50,-1086,1344,11702700,11698900,-19.0000,-3.247114
27,34312176998868,09:31:52,34314163181343,1986182475,85,50,-1167,1389,11698900,11701300,12.0000,2.051475
28,34314163181343,09:31:54,34316777169467,2613988124,85,50,-2314,4336,11701300,11700100,-6.0000,-1.025527
29,34316777169467,09:31:56,34323423567265,6646397798,74,50,-53,5547,11700100,11702600,12.5000,2.136734
30,34323423567265,09:32:03,34331240090163,7816522898,123,50,253,4947,11702600,11702700,0.5000,0.085451
31,34331240090163,09:32:11,34346692392210,15452302047,102,50,-1732,4348,11702700,11701600,-5.5000,-0.939954
32,34346692392210,09:32:26,34349819806335,3127414125,92,50,-966,992,11701600,11702500,4.5000,0.769126
33,34349819806335,09:32:29,34364563612597,14743806262,111,50,-1589,2777,11702500,11701100,-7.0000,-1.196326
34,34364563612597,09:32:44,34375944032568,11380419971,116,50,-378,6376,11701100,11704800,18.5000,3.162096
35,34375944032568,09:32:55,34376035196625,91164057,74,50,200,5200,11704800,11705500,3.5000,0.598045
36,34376035196625,09:32:56,34377950517818,1915321193,70,50,407,4833,11705500,11707000,7.5000,1.281449
37,34377950517818,09:32:57,34382319633557,4369115739,107,50,2200,6318,11707000,11711100,20.5000,3.502178
38,34382319633557,09:33:02,34383578430124,1258796567,88,50,2319,7493,11711100,11705900,-26.0000,-4.440232
39,34383578430124,09:33:03,34385251113154,1672683030,80,50,1454,8586,11705900,11707800,9.5000,1.623113
40,34385251113154,09:33:05,34385535924112,284810958,54,50,36,9318,11707800,11707800,0.0000,0.000000
41,34385535924112,09:33:05,34389206135418,3670211306,97,50,645,6531,11707800,11710300,12.5000,2.135329
42,34389206135418,09:33:09,34394151896451,4945761033,98,50,-552,4780,11710300,11707100,-16.0000,-2.732637
43,34394151896451,09:33:14,34397303486891,3151590440,123,50,697,1797,11707100,11712300,26.0000,4.441749
44,34397303486891,09:33:17,34397762363816,458876925,111,50,502,3250,11712300,11717000,23.5000,4.012875
45,34397762363816,09:33:17,34398803807617,1041443801,108,50,537,4847,11717000,11715200,-9.0000,-1.536229
46,34398803807617,09:33:18,34399270660885,466853268,80,50,1476,3218,11715200,11718600,17.0000,2.902213
47,34399270660885,09:33:19,34399875416359,604755474,107,50,270,4842,11718600,11728500,49.5000,8.448108
48,34399875416359,09:33:19,34400078935942,203519583,77,50,254,4326,11728500,11727900,-3.0000,-0.511574
49,34400078935942,09:33:20,34400382798032,303862090,144,50,696,2986,11727900,11730500,13.0000,2.216936
50,34400382798032,09:33:20,34400722090601,339292569,113,50,220,4884,11730500,11727100,-17.0000,-2.898427
51,34400722090601,09:33:20,34402208574911,1486484310,106,50,768,3504,11727100,11729200,10.5000,1.790724
52,34402208574911,09:33:22,34409326183386,7117608475,122,50,1360,4140,11729200,11734600,27.0000,4.603895
53,34409326183386,09:33:29,34410642229133,1316045747,74,50,-552,5102,11734600,11736000,7.0000,1.193053
54,34410642229133,09:33:30,34411820542605,1178313472,101,50,969,2865,11736000,11737900,9.5000,1.618950
55,34411820542605,09:33:31,34413111022727,1290480122,90,50,1380,5612,11737900,11739700,9.0000,1.533494
56,34413111022727,09:33:33,34419596714126,6485691399,157,50,-396,2962,11739700,11734900,-24.0000,-4.088691
57,34419596714126,09:33:39,34419664834074,68119948,90,50,1018,6584,11734900,11729900,-25.0000,-4.260795
58,34419664834074,09:33:39,34419759643380,94809306,64,50,649,5575,11729900,11723300,-33.0000,-5.626646
59,34419759643380,09:33:39,34425152727314,5393083934,215,50,531,2599,11723300,11727000,18.5000,3.156108
60,34425152727314,09:33:45,34426764225708,1611498394,84,50,1982,8162,11727000,11729000,10.0000,1.705466
61,34426764225708,09:33:46,34433190776111,6426550403,132,50,826,3162,11729000,11732800,19.0000,3.239833
62,34433190776111,09:33:53,34437468499076,4277722965,102,50,618,4500,11732800,11736000,16.0000,2.727397
63,34437468499076,09:33:57,34440465557070,2997057994,82,50,1963,5563,11736000,11738100,10.5000,1.789366
64,34440465557070,09:34:00,34441732427139,1266870069,143,50,480,4974,11738100,11739700,8.0000,1.363083
65,34441732427139,09:34:01,34442348488788,616061649,186,50,118,5296,11739700,11739100,-3.0000,-0.511086
66,34442348488788,09:34:02,34444134934713,1786445925,158,50,-151,3757,11739100,11739100,0.0000,0.000000
67,34444134934713,09:34:04,34449110281352,4975346639,136,50,2474,4330,11739100,11746600,37.5000,6.388905
68,34449110281352,09:34:09,34453204361540,4094080188,110,50,204,2886,11746600,11746100,-2.5000,-0.425655
69,34453204361540,09:34:13,34457354163461,4149801921,101,50,1640,2852,11746100,11749100,15.0000,2.554039
70,34457354163461,09:34:17,34461374694493,4020531032,126,50,1479,3489,11749100,11753000,19.5000,3.319403
71,34461374694493,09:34:21,34467367379682,5992685189,91,50,1682,5734,11753000,11751000,-10.0000,-1.701693
72,34467367379682,09:34:27,34472369022522,5001642840,137,50,-1112,3528,11751000,11742900,-40.5000,-6.893030
73,34472369022522,09:34:32,34481247289279,8878266757,156,50,1836,3180,11742900,11747800,24.5000,4.172734
74,34481247289279,09:34:41,34489338438103,8091148824,119,50,-1368,4268,11747800,11743500,-21.5000,-3.660260
75,34489338438103,09:34:49,34499078709850,9740271747,146,50,108,4130,11743500,11746500,15.0000,2.554605
76,34499078709850,09:34:59,34506840417851,7761708001,96,50,-1181,4967,11746500,11742900,-18.0000,-3.064743
77,34506840417851,09:35:06,34518509095776,11668677925,106,50,-1339,4263,11742900,11737400,-27.5000,-4.683681
78,34518509095776,09:35:18,34530323024933,11813929157,125,50,-536,2960,11737400,11735000,-12.0000,-2.044746
79,34530323024933,09:35:30,34547935028755,17612003822,175,50,-327,3191,11735000,11732400,-13.0000,-2.215594
80,34547935028755,09:35:47,34561185696548,13250667793,95,50,-332,3276,11732400,11732200,-1.0000,-0.170468
81,34561185696548,09:36:01,34576971214967,15785518419,119,50,374,2346,11732200,11734400,11.0000,1.875181
82,34576971214967,09:36:16,34578221370761,1250155794,116,50,766,1922,11734400,11735000,3.0000,0.511317
83,34578221370761,09:36:18,34579287475241,1066104480,89,50,-2388,7404,11735000,11734900,-0.5000,-0.085215
84,34579287475241,09:36:19,34583780449617,4492974376,123,50,-696,5048,11734900,11738100,16.0000,2.726909
85,34583780449617,09:36:23,34585169421089,1388971472,103,50,2497,5933,11738100,11746600,42.5000,7.241376
86,34585169421089,09:36:25,34588572687146,3403266057,69,50,-1264,5572,11746600,11742700,-19.5000,-3.320110
87,34588572687146,09:36:28,34594787498252,6214811106,101,50,-825,5345,11742700,11745200,12.5000,2.128982
88,34594787498252,09:36:34,34595702587266,915089014,77,50,-2982,9818,11745200,11745800,3.0000,0.510847
89,34595702587266,09:36:35,34596239811114,537223848,69,50,-2690,8726,11745800,11745600,-1.0000,-0.170274
90,34596239811114,09:36:36,34596875108740,635297626,100,50,-2382,8062,11745600,11746500,4.5000,0.766244
91,34596875108740,09:36:36,34600722686059,3847577319,97,50,-1309,4717,11746500,11742700,-19.0000,-3.235006
92,34600722686059,09:36:40,34609145939242,8423253183,152,50,409,1749,11742700,11740300,-12.0000,-2.043823
93,34609145939242,09:36:49,34613181839740,4035900498,133,50,489,4233,11740300,11745700,27.0000,4.599542
94,34613181839740,09:36:53,34617825973587,4644133847,96,50,128,4060,11745700,11747500,9.0000,1.532476
95,34617825973587,09:36:57,34621779232391,3953258804,83,50,1144,6538,11747500,11750200,13.5000,2.298361
96,34621779232391,09:37:01,34624864131423,3084899032,63,50,-900,7910,11750200,11752000,9.0000,1.531889
97,34624864131423,09:37:04,34624939159428,75028005,66,50,-3200,10000,11752000,11752000,0.0000,0.000000
98,34624939159428,09:37:04,34629026322524,4087163096,79,50,-2900,8134,11752000,11743800,-41.0000,-6.977536
99,34629026322524,09:37:09,34634129211592,5102889068,74,50,0,1828,11743800,11744300,2.5000,0.425757
100,34634129211592,09:37:14,34634577648754,448437162,99,50,0,9600,11744300,11745700,7.0000,1.192068
101,34634577648754,09:37:14,34639755669234,5178020480,107,50,-26,8698,11745700,11744600,-5.5000,-0.936513
102,34639755669234,09:37:19,34643445695876,3690026642,93,50,-1852,5728,11744600,11745600,5.0000,0.851455
103,34643445695876,09:37:23,34647272815517,3827119641,91,50,-2600,8358,11745600,11747400,9.0000,1.532489
104,34647272815517,09:37:27,34648874320166,1601504649,85,50,-2510,7924,11747400,11744700,-13.5000,-2.298381
105,34648874320166,09:37:28,34656439242729,7564922563,118,50,-10,2050,11744700,11744000,-3.5000,-0.596014
106,34656439242729,09:37:36,34665300249237,8861006508,120,50,500,2940,11744000,11746000,10.0000,1.702997
107,34665300249237,09:37:45,34675719834838,10419585601,113,50,-943,2795,11746000,11744200,-9.0000,-1.532437
108,34675719834838,09:37:55,34677696433404,1976598566,112,50,-1879,4279,11744200,11740500,-18.5000,-3.150491
109,34677696433404,09:37:57,34686888164227,9191730823,178,50,-823,3183,11740500,11736400,-20.5000,-3.492185
110,34686888164227,09:38:06,34698874776027,11986611800,163,50,-870,2966,11736400,11734000,-12.0000,-2.044920
111,34698874776027,09:38:18,34706207156191,7332380164,141,50,-1522,4542,11734000,11729500,-22.5000,-3.835009
112,34706207156191,09:38:26,34711238870078,5031713887,148,50,-601,5021,11729500,11722600,-34.5000,-5.882604
113,34711238870078,09:38:31,34714841620842,3602750764,119,50,-1700,4500,11722600,11716600,-30.0000,-5.118318
114,34714841620842,09:38:34,34717702608065,2860987223,293,50,-1000,4668,11716600,11713500,-15.5000,-2.645819
115,34717702608065,09:38:37,34720733610896,3031002831,76,50,-1801,8401,11713500,11713600,0.5000,0.085372
116,34720733610896,09:38:40,34735332027160,14598416264,112,50,1061,3657,11713600,11723100,47.5000,8.110231
117,34735332027160,09:38:55,34736159324123,827296963,67,50,-1705,7755,11723100,11720400,-13.5000,-2.303145
118,34736159324123,09:38:56,34736350366604,191042481,62,50,-2500,9900,11720400,11720300,-0.5000,-0.085321
119,34736350366604,09:38:56,34737033189931,682823327,70,50,-3500,9900,11720300,11720100,-1.0000,-0.170644
120,34737033189931,09:38:57,34737271410081,238220150,67,50,-3200,10000,11720100,11720100,0.0000,0.000000
121,34737271410081,09:38:57,34737506786313,235376232,66,50,-2800,10000,11720100,11721500,7.0000,1.194529
122,34737506786313,09:38:57,34737735835029,229048716,67,50,-3200,9800,11721500,11721500,0.0000,0.000000
123,34737735835029,09:38:57,34742608692719,4872857690,97,50,-2844,7024,11721500,11716700,-24.0000,-4.095039
124,34742608692719,09:39:02,34755803275835,13194583116,139,50,585,3173,11716700,11717500,4.0000,0.682786
125,34755803275835,09:39:15,34764558380882,8755105047,137,50,1018,5634,11717500,11722500,25.0000,4.267122
126,34764558380882,09:39:24,34766918999562,2360618680,107,50,601,4145,11722500,11725500,15.0000,2.559181
127,34766918999562,09:39:26,34777938121537,11019121975,190,50,999,2711,11725500,11723900,-8.0000,-1.364547
128,34777938121537,09:39:37,34787804604946,9866483409,124,50,-154,2838,11723900,11726000,10.5000,1.791213
129,34787804604946,09:39:47,34799555064413,11750459467,134,50,-998,3110,11726000,11723400,-13.0000,-2.217295
130,34799555064413,09:39:59,34806017547019,6462482606,156,50,-120,2748,11723400,11723100,-1.5000,-0.255898
131,34806017547019,09:40:06,34816861908102,10844361083,143,50,-654,3336,11723100,11721700,-7.0000,-1.194223
132,34816861908102,09:40:16,34828872899797,12010991695,129,50,221,2603,11721700,11722400,3.5000,0.597183
133,34828872899797,09:40:28,34833126120128,4253220331,131,50,828,4752,11722400,11722200,-1.0000,-0.170614
134,34833126120128,09:40:33,34847518690718,14392570590,98,50,-378,3390,11722200,11722500,1.5000,0.255925
135,34847518690718,09:40:47,34851468308982,3949618264,93,50,-367,2447,11722500,11721500,-5.0000,-0.853060
136,34851468308982,09:40:51,34865621975005,14153666023,156,50,200,2844,11721500,11723500,10.0000,1.706266
137,34865621975005,09:41:05,34877437364537,11815389532,163,50,962,3342,11723500,11726300,14.0000,2.388365
138,34877437364537,09:41:17,34887576667284,10139302747,107,50,514,3982,11726300,11727500,6.0000,1.023341
139,34887576667284,09:41:27,34892384270189,4807602905,227,50,765,3137,11727500,11729400,9.5000,1.620124
140,34892384270189,09:41:32,34900923634232,8539364043,163,50,-128,5550,11729400,11723600,-29.0000,-4.944839
141,34900923634232,09:41:40,34916619071661,15695437429,124,50,342,4726,11723600,11725800,11.0000,1.876557
142,34916619071661,09:41:56,34930394235795,13775164134,165,50,-719,2663,11725800,11723400,-12.0000,-2.046769
143,34930394235795,09:42:10,34953358371876,22964136081,192,50,-285,4713,11723400,11722100,-6.5000,-1.108893
144,34953358371876,09:42:33,34953383182589,24810713,60,50,61,5775,11722100,11723700,8.0000,1.364943
145,34953383182589,09:42:33,34958003086433,4619903844,106,50,154,5320,11723700,11724500,4.0000,0.682378
146,34958003086433,09:42:38,34965186823229,7183736796,153,50,384,2026,11724500,11724500,0.0000,0.000000
147,34965186823229,09:42:45,34980193495804,15006672575,211,50,371,3201,11724500,11727200,13.5000,2.302870
148,34980193495804,09:43:00,34988564722319,8371226515,140,50,165,2287,11727200,11728800,8.0000,1.364350
149,34988564722319,09:43:08,34993462257928,4897535609,126,50,618,2582,11728800,11730100,6.5000,1.108383
150,34993462257928,09:43:13,35000000529438,6538271510,117,50,-261,3709,11730100,11729900,-1.0000,-0.170502
151,35000000529438,09:43:20,35007685116923,7684587485,202,50,-643,2741,11729900,11724100,-29.0000,-4.944629
152,35007685116923,09:43:27,35025025029972,17339913049,179,50,-178,2588,11724100,11723100,-5.0000,-0.852944
153,35025025029972,09:43:45,35034084579185,9059549213,153,50,1339,4717,11723100,11727000,19.5000,3.326765
154,35034084579185,09:43:54,35039027645095,4943065910,140,50,1051,3677,11727000,11728500,7.5000,1.279100
155,35039027645095,09:43:59,35045655825422,6628180327,127,50,-596,3012,11728500,11727300,-6.0000,-1.023149
156,35045655825422,09:44:05,35049005361603,3349536181,128,50,438,2910,11727300,11727200,-0.5000,-0.085271
157,35049005361603,09:44:09,35054645801362,5640439759,110,50,1322,3078,11727200,11728300,5.5000,0.937990
158,35054645801362,09:44:14,35069803098223,15157296861,132,50,100,1596,11728300,11727500,-4.0000,-0.682111
159,35069803098223,09:44:29,35075811524126,6008425903,112,50,1022,4098,11727500,11728700,6.0000,1.023236
160,35075811524126,09:44:35,35076507092154,695568028,98,50,1026,3932,11728700,11733600,24.5000,4.177786
161,35076507092154,09:44:36,35081198333407,4691241253,144,50,-493,4153,11733600,11730200,-17.0000,-2.897661
162,35081198333407,09:44:41,35096640450978,15442117571,200,50,919,2953,11730200,11731500,6.5000,1.108250
163,35096640450978,09:44:56,35099870964428,3230513450,88,50,1887,4767,11731500,11734600,15.5000,2.642458
164,35099870964428,09:44:59,35107710087868,7839123440,127,50,651,4295,11734600,11736300,8.5000,1.448707
165,35107710087868,09:45:07,35109670522994,1960435126,107,50,-800,5200,11736300,11733500,-14.0000,-2.385760
166,35109670522994,09:45:09,35109998496520,327973526,80,50,0,5000,11733500,11734300,4.0000,0.681808
167,35109998496520,09:45:09,35119414051494,9415554974,129,50,1113,4281,11734300,11736000,8.5000,1.448744
168,35119414051494,09:45:19,35135431913052,16017861558,134,50,-1300,3770,11736000,11731900,-20.5000,-3.493524
169,35135431913052,09:45:35,35140164501662,4732588610,87,50,721,3993,11731900,11732600,3.5000,0.596664
170,35140164501662,09:45:40,35144668491688,4503990026,133,50,478,4162,11732600,11736700,20.5000,3.494537
171,35144668491688,09:45:44,35148053901869,3385410181,148,50,-481,5983,11736700,11731700,-25.0000,-4.260141
172,35148053901869,09:45:48,35153238065302,5184163433,203,50,-1276,4240,11731700,11729700,-10.0000,-1.704783
173,35153238065302,09:45:53,35158305485300,5067419998,160,50,-5210,8876,11729700,11729200,-2.5000,-0.426268
174,35158305485300,09:45:58,35161252901508,2947416208,139,50,-3270,4982,11729200,11724300,-24.5000,-4.177608
175,35161252901508,09:46:01,35163840091582,2587190074,80,50,-942,7292,11724300,11725100,4.0000,0.682344
176,35163840091582,09:46:03,35168832713973,4992622391,97,50,700,7854,11725100,11728700,18.0000,3.070336
177,35168832713973,09:46:08,35178038737235,9206023262,146,50,-918,2986,11728700,11725100,-18.0000,-3.069394
178,35178038737235,09:46:18,35187392466612,9353729377,142,50,93,3339,11725100,11726900,9.0000,1.535168
179,35187392466612,09:46:27,35215755401096,28362934484,251,50,-1026,3842,11726900,11724200,-13.5000,-2.302399
180,35215755401096,09:46:55,35251664057184,35908656088,173,50,-200,7048,11724200,11725900,8.5000,1.449992
181,35251664057184,09:47:31,35276924982500,25260925316,203,50,-335,6211,11725900,11725900,0.0000,0.000000
182,35276924982500,09:47:56,35288652639484,11727656984,193,50,-3140,5212,11725900,11721400,-22.5000,-3.837659
183,35288652639484,09:48:08,35302634708522,13982069038,106,50,600,2918,11721400,11723900,12.5000,2.132851
184,35302634708522,09:48:22,35327899734418,25265025896,187,50,1957,4255,11723900,11728900,25.0000,4.264792
185,35327899734418,09:48:47,35338330577481,10430843063,198,50,1472,4034,11728900,11732100,16.0000,2.728304
186,35338330577481,09:48:58,35346196736488,7866159007,200,50,-706,2490,11732100,11727500,-23.0000,-3.920867
187,35346196736488,09:49:06,35347574405335,1377668847,122,50,-1492,3536,11727500,11727500,0.0000,0.000000
188,35347574405335,09:49:07,35350587475694,3013070359,152,50,-218,2598,11727500,11727000,-2.5000,-0.426348
189,35350587475694,09:49:10,35367854711578,17267235884,206,50,-857,2563,11727000,11725900,-5.5000,-0.938006
190,35367854711578,09:49:27,35378732604438,10877892860,149,50,-179,3585,11725900,11724700,-6.0000,-1.023376
191,35378732604438,09:49:38,35392845993522,14113389084,160,50,-1451,4769,11724700,11722000,-13.5000,-2.302831
192,35392845993522,09:49:52,35393512529617,666536095,87,50,-1314,4914,11722000,11721000,-5.0000,-0.853097
193,35393512529617,09:49:53,35393974114572,461584955,132,50,-5398,6798,11721000,11717500,-17.5000,-2.986093
194,35393974114572,09:49:53,35396170869257,2196754685,115,50,-400,5000,11717500,11714500,-15.0000,-2.560273
195,35396170869257,09:49:56,35403616256678,7445387421,197,50,-1236,4516,11714500,11714500,0.0000,0.000000
196,35403616256678,09:50:03,35419772395088,16156138410,242,50,331,4177,11714500,11716300,9.0000,1.536557
197,35419772395088,09:50:19,35426844354728,7071959640,154,50,2470,5904,11716300,11721700,27.0000,4.608964
198,35426844354728,09:50:26,35437829813775,10985459047,209,50,-788,3908,11721700,11720100,-8.0000,-1.364990
199,35437829813775,09:50:37,35441283722664,3453908889,212,50,1128,3076,11720100,11722200,10.5000,1.791794
200,35441283722664,09:50:41,35449707436538,8423713874,183,50,690,2578,11722200,11723600,7.0000,1.194315
201,35449707436538,09:50:49,35455002827392,5295390854,195,50,1219,3183,11723600,11725000,7.0000,1.194172
202,35455002827392,09:50:55,35462473385348,7470557956,207,50,844,2600,11725000,11725200,1.0000,0.170576
203,35462473385348,09:51:02,35469646146329,7172760981,214,50,27,2443,11725200,11723600,-8.0000,-1.364582
204,35469646146329,09:51:09,35479715639934,10069493605,140,50,293,1181,11723600,11724100,2.5000,0.426490
205,35479715639934,09:51:19,35482233100995,2517461061,136,50,1177,3121,11724100,11728800,23.5000,4.008836
206,35482233100995,09:51:22,35485285975202,3052874207,160,50,1794,3726,11728800,11731300,12.5000,2.131505
207,35485285975202,09:51:25,35495519752078,10233776876,222,50,775,2887,11731300,11733100,9.0000,1.534357
208,35495519752078,09:51:35,35500000433906,4480681828,181,50,815,2669,11733100,11730800,-11.5000,-1.960266
209,35500000433906,09:51:40,35520184353348,20183919442,199,50,1109,4279,11730800,11732500,8.5000,1.449177
210,35520184353348,09:52:00,35521973876731,1789523383,114,50,400,4800,11732500,11732900,2.0000,0.340933
211,35521973876731,09:52:01,35544779555824,22805679093,241,50,-285,4153,11732900,11731900,-5.0000,-0.852304
212,35544779555824,09:52:24,35553910069168,9130513344,155,50,1666,3350,11731900,11734300,12.0000,2.045704
213,35553910069168,09:52:33,35565712305718,11802236550,218,50,-469,3963,11734300,11736000,8.5000,1.448744
214,35565712305718,09:52:45,35571059992143,5347686425,200,50,6714,7714,11736000,11740600,23.0000,3.919564
215,35571059992143,09:52:51,35574273765509,3213773366,138,50,900,6338,11740600,11742700,10.5000,1.788665
216,35574273765509,09:52:54,35577672181882,3398416373,116,50,901,4701,11742700,11743500,4.0000,0.681274
217,35577672181882,09:52:57,35580452691568,2780509686,111,50,1260,6980,11743500,11744400,4.5000,0.766381
218,35580452691568,09:53:00,35591631805658,11179114090,249,50,-986,2818,11744400,11739400,-25.0000,-4.257348
219,35591631805658,09:53:11,35601098228068,9466422410,175,50,-964,2712,11739400,11739600,1.0000,0.170366
220,35601098228068,09:53:21,35602364589984,1266361916,179,50,-1333,6031,11739600,11733300,-31.5000,-5.366452
221,35602364589984,09:53:22,35615522486869,13157896885,347,50,172,2094,11733300,11736300,15.0000,2.556825
222,35615522486869,09:53:35,35622588311638,7065824769,110,50,-116,872,11736300,11736200,-0.5000,-0.085206
223,35622588311638,09:53:42,35635451821582,12863509944,155,50,672,2382,11736200,11738400,11.0000,1.874542
224,35635451821582,09:53:55,35649886413252,14434591670,165,50,269,2005,11738400,11738500,0.5000,0.085190
225,35649886413252,09:54:09,35658930432330,9044019078,156,50,-1057,3335,11738500,11735100,-17.0000,-2.896452
226,35658930432330,09:54:18,35668052348090,9121915760,152,50,-879,1941,11735100,11735500,2.0000,0.340858
227,35668052348090,09:54:28,35672634575874,4582227784,189,50,-2216,3356,11735500,11729700,-29.0000,-4.942269
228,35672634575874,09:54:32,35679322805240,6688229366,148,50,-500,4030,11729700,11729500,-1.0000,-0.170507
229,35679322805240,09:54:39,35682207442993,2884637753,156,50,-664,4352,11729500,11730700,6.0000,1.023062
230,35682207442993,09:54:42,35685632536160,3425093167,165,50,-1917,3967,11730700,11729200,-7.5000,-1.278696
231,35685632536160,09:54:45,35689414026656,3781490496,245,50,-2612,4248,11729200,11723500,-28.5000,-4.859666
232,35689414026656,09:54:49,35694643583110,5229556454,129,50,831,3305,11723500,11727800,21.5000,3.667847
233,35694643583110,09:54:54,35699416451634,4772868524,209,50,-1814,2950,11727800,11722900,-24.5000,-4.178107
234,35699416451634,09:54:59,35704899588427,5483136793,167,50,-820,4244,11722900,11722200,-3.5000,-0.597122
235,35704899588427,09:55:04,35705161747198,262158771,108,50,-4520,7920,11722200,11718900,-16.5000,-2.815171
236,35705161747198,09:55:05,35709979825443,4818078245,228,50,145,3093,11718900,11719500,3.0000,0.511993
237,35709979825443,09:55:09,35715013805903,5033980460,211,50,-353,2861,11719500,11719900,2.0000,0.341311
238,35715013805903,09:55:15,35732649525822,17635719919,226,50,690,3320,11719900,11721000,5.5000,0.938575
239,35732649525822,09:55:32,35750136325820,17486799998,206,50,-561,6079,11721000,11721900,4.5000,0.767853
240,35750136325820,09:55:50,35755700098844,5563773024,173,50,-2075,3463,11721900,11717300,-23.0000,-3.924278
241,35755700098844,09:55:55,35761058725000,5358626156,176,50,618,2070,11717300,11718800,7.5000,1.280158
242,35761058725000,09:56:01,35769352580507,8293855507,120,50,-1980,7036,11718800,11718700,-0.5000,-0.085333
243,35769352580507,09:56:09,35769916827687,564247180,67,50,-3600,10000,11718700,11718500,-1.0000,-0.170667
244,35769916827687,09:56:09,35770400582832,483755145,65,50,-2500,9528,11718500,11718700,1.0000,0.170670
245,35770400582832,09:56:10,35770890401570,489818738,66,50,-3100,9500,11718700,11718500,-1.0000,-0.170667
246,35770890401570,09:56:10,35780848528229,9958126659,141,50,-1505,5309,11718500,11717800,-3.5000,-0.597346
247,35780848528229,09:56:20,35794536062266,13687534037,197,50,-23,2775,11717800,11718200,2.0000,0.341361
248,35794536062266,09:56:34,35797365410752,2829348486,141,50,-740,2024,11718200,11717300,-4.5000,-0.768036
249,35797365410752,09:56:37,35809559996263,12194585511,211,50,296,2974,11717300,11718300,5.0000,0.853439
250,35809559996263,09:56:49,35828451557856,18891561593,179,50,813,6365,11718300,11719300,5.0000,0.853366
251,35828451557856,09:57:08,35836595073980,8143516124,125,50,700,4522,11719300,11721000,8.5000,1.450599
252,35836595073980,09:57:16,35837753049004,1157975024,107,50,-118,5518,11721000,11720700,-1.5000,-0.255951
253,35837753049004,09:57:17,35847613761846,9860712842,116,50,-301,1577,11720700,11721000,1.5000,0.255957
254,35847613761846,09:57:27,35859156779629,11543017783,168,50,430,3002,11721000,11723000,10.0000,1.706339
255,35859156779629,09:57:39,35879284135029,20127355400,203,50,-1529,3413,11723000,11718300,-23.5000,-4.009213
256,35879284135029,09:57:59,35899691957589,20407822560,308,50,-720,5210,11718300,11720100,9.0000,1.536059
257,35899691957589,09:58:19,35904769648734,5077691145,171,50,1286,3326,11720100,11721500,7.0000,1.194529
258,35904769648734,09:58:24,35913044513594,8274864860,178,50,254,3498,11721500,11720800,-3.5000,-0.597193
259,35913044513594,09:58:33,35951044927820,38000414226,246,50,-1855,5029,11720800,11718400,-12.0000,-2.047642
260,35951044927820,09:59:11,35983058266170,32013338350,329,50,165,3775,11718400,11719800,7.0000,1.194702
261,35983058266170,09:59:43,36000454601482,17396335312,232,50,-1671,3625,11719800,11716000,-19.0000,-3.242376
262,36000454601482,10:00:00,36000700450568,245849086,108,50,-2691,8191,11716000,11711100,-24.5000,-4.182315
263,36000700450568,10:00:00,36001370591331,670140763,132,50,-884,4818,11711100,11708400,-13.5000,-2.305505
264,36001370591331,10:00:01,36003633725256,2263133925,189,50,-3638,5276,11708400,11708100,-1.5000,-0.256226
265,36003633725256,10:00:03,36005231303845,1597578589,163,50,-595,1651,11708100,11704700,-17.0000,-2.903972
266,36005231303845,10:00:05,36006825181158,1593877313,141,50,823,5727,11704700,11704900,1.0000,0.170872
267,36006825181158,10:00:06,36008708923434,1883742276,133,50,3408,5706,11704900,11706600,8.5000,1.452383
268,36008708923434,10:00:08,36009648127283,939203849,132,50,-1303,4443,11706600,11705800,-4.0000,-0.683375
269,36009648127283,10:00:09,36012110661723,2462534440,218,50,1569,2473,11705800,11709200,17.0000,2.904543
270,36012110661723,10:00:12,36014895895053,2785233330,157,50,973,1533,11709200,11713200,20.0000,3.416117
271,36014895895053,10:00:14,36023879750669,8983855616,223,50,-31,2373,11713200,11712100,-5.5000,-0.939111
272,36023879750669,10:00:23,36026780387469,2900636800,138,50,1024,2010,11712100,11714900,14.0000,2.390690
273,36026780387469,10:00:26,36030466769334,3686381865,170,50,926,3238,11714900,11716200,6.5000,1.109698
274,36030466769334,10:00:30,36033450043312,2983273978,100,50,396,3330,11716200,11716800,3.0000,0.512111
275,36033450043312,10:00:33,36036886310618,3436267306,168,50,1202,2482,11716800,11716300,-2.5000,-0.426738
276,36036886310618,10:00:36,36049322806938,12436496320,338,50,81,4863,11716300,11714500,-9.0000,-1.536321
277,36049322806938,10:00:49,36049339906610,17099672,69,50,1000,5000,11714500,11714700,1.0000,0.170729
278,36049339906610,10:00:49,36051196703928,1856797318,115,50,803,7275,11714700,11714000,-3.5000,-0.597540
279,36051196703928,10:00:51,36054328449146,3131745218,113,50,1393,7429,11714000,11715200,6.0000,1.024415
280,36054328449146,10:00:54,36061053752854,6725303708,131,50,257,2871,11715200,11713800,-7.0000,-1.195029
281,36061053752854,10:01:01,36064193935495,3140182641,183,50,1172,2598,11713800,11716700,14.5000,2.475712
282,36064193935495,10:01:04,36067044370555,2850435060,141,50,719,3139,11716700,11717300,3.0000,0.512090
283,36067044370555,10:01:07,36072405883571,5361513016,180,50,1476,3096,11717300,11719900,13.0000,2.218941
284,36072405883571,10:01:12,36082037304416,9631420845,210,50,610,3652,11719900,11721100,6.0000,1.023900
285,36082037304416,10:01:22,36089926981727,7889677311,213,50,1598,3384,11721100,11724600,17.5000,2.986068
286,36089926981727,10:01:29,36092129929004,2202947277,178,50,557,1979,11724600,11725000,2.0000,0.341163
287,36092129929004,10:01:32,36100084713788,7954784784,225,50,-1276,3796,11725000,11722500,-12.5000,-2.132196
288,36100084713788,10:01:40,36103064168733,2979454945,187,50,-134,2356,11722500,11718000,-22.5000,-3.838772
289,36103064168733,10:01:43,36105916458152,2852289419,167,50,286,2590,11718000,11719600,8.0000,1.365421
290,36105916458152,10:01:45,36110928214950,5011756798,213,50,-209,2249,11719600,11718800,-4.0000,-0.682617
291,36110928214950,10:01:50,36117609598750,6681383800,192,50,117,1785,11718800,11720000,6.0000,1.023996
292,36117609598750,10:01:57,36121532837153,3923238403,184,50,282,1184,11720000,11722800,14.0000,2.389078
293,36121532837153,10:02:01,36131579276745,10046439592,127,50,40,1396,11722800,11723400,3.0000,0.511823
294,36131579276745,10:02:11,36134783958538,3204681793,131,50,-1135,2447,11723400,11720800,-13.0000,-2.217787
295,36134783958538,10:02:14,36142738026603,7954068065,167,50,-701,2037,11720800,11717400,-17.0000,-2.900826
296,36142738026603,10:02:22,36144882872381,2144845778,165,50,-337,2109,11717400,11717100,-1.5000,-0.256029
297,36144882872381,10:02:24,36148893910187,4011037806,201,50,-1769,4007,11717100,11711100,-30.0000,-5.120721
298,36148893910187,10:02:28,36153521280507,4627370320,173,50,-994,2330,11711100,11709300,-9.0000,-1.537003
299,36153521280507,10:02:33,36161936237072,8414956565,200,50,116,3964,11709300,11712100,14.0000,2.391262
300,36161936237072,10:02:41,36175224677996,13288440924,311,50,-254,2540,11712100,11708900,-16.0000,-2.732217
301,36175224677996,10:02:55,36180728267398,5503589402,173,50,-1845,3797,11708900,11703400,-27.5000,-4.697282
302,36180728267398,10:03:00,36182133524340,1405256942,115,50,-1915,4131,11703400,11702600,-4.0000,-0.683562
303,36182133524340,10:03:02,36184169681835,2036157495,102,50,652,4724,11702600,11704100,7.5000,1.281766
304,36184169681835,10:03:04,36191845551071,7675869236,186,50,-1428,3360,11704100,11701500,-13.0000,-2.221444
305,36191845551071,10:03:11,36202187221908,10341670837,179,50,108,3000,11701500,11702000,2.5000,0.427296
306,36202187221908,10:03:22,36224354552113,22167330205,302,50,-483,2827,11702000,11702300,1.5000,0.256366
307,36224354552113,10:03:44,36234055063504,9700511391,155,50,825,2819,11702300,11704200,9.5000,1.623612
308,36234055063504,10:03:54,36234630164455,575100951,116,50,-1211,7061,11704200,11706500,11.5000,1.965107
309,36234630164455,10:03:54,36237354708030,2724543575,153,50,-647,2489,11706500,11703800,-13.5000,-2.306411
310,36237354708030,10:03:57,36240460229477,3105521447,156,50,-707,2893,11703800,11701900,-9.5000,-1.623404
311,36240460229477,10:04:00,36242324178054,1863948577,101,50,-302,2686,11701900,11702900,5.0000,0.854562
312,36242324178054,10:04:02,36243972556443,1648378389,110,50,571,4567,11702900,11704600,8.5000,1.452631
313,36243972556443,10:04:03,36249161755514,5189199071,206,50,255,3657,11704600,11704300,-1.5000,-0.256309
314,36249161755514,10:04:09,36255114853767,5953098253,372,50,-1865,4061,11704300,11699300,-25.0000,-4.271934
315,36255114853767,10:04:15,36255337775801,222922034,153,50,-3206,7006,11699300,11694600,-23.5000,-4.017334
316,36255337775801,10:04:15,36260639164634,5301388833,230,50,-1992,4506,11694600,11694800,1.0000,0.171019
317,36260639164634,10:04:20,36263196086318,2556921684,222,50,-2327,3943,11694800,11688300,-32.5000,-5.558026
318,36263196086318,10:04:23,36265718059596,2521973278,193,50,-3659,8429,11688300,11686500,-9.0000,-1.540002
319,36265718059596,10:04:25,36269322867085,3604807489,247,50,142,6350,11686500,11685900,-3.0000,-0.513413
320,36269322867085,10:04:29,36272626401799,3303534714,130,50,642,3342,11685900,11688300,12.0000,2.053757
321,36272626401799,10:04:32,36274594710267,1968308468,148,50,-244,3584,11688300,11690500,11.0000,1.882224
322,36274594710267,10:04:34,36282639085126,8044374859,280,50,-565,4277,11690500,11687800,-13.5000,-2.309568
323,36282639085126,10:04:42,36290097917092,7458831966,129,50,-1180,7230,11687800,11689700,9.5000,1.625627
324,36290097917092,10:04:50,36300161521636,10063604544,219,50,-141,3607,11689700,11689400,-1.5000,-0.256636
325,36300161521636,10:05:00,36311129975627,10968453991,299,50,-780,3876,11689400,11688300,-5.5000,-0.941023
326,36311129975627,10:05:11,36321065186513,9935210886,244,50,1817,3699,11688300,11691100,14.0000,2.395558
327,36321065186513,10:05:21,36324932428294,3867241781,226,50,2343,3679,11691100,11696100,25.0000,4.276758
328,36324932428294,10:05:24,36328412375686,3479947392,135,50,370,2814,11696100,11697800,8.5000,1.453476
329,36328412375686,10:05:28,36333588598307,5176222621,206,50,490,2446,11697800,11696600,-6.0000,-1.025834
330,36333588598307,10:05:33,36338301263657,4712665350,158,50,871,3873,11696600,11696100,-2.5000,-0.427475
331,36338301263657,10:05:38,36341534290007,3233026350,165,50,917,3773,11696100,11697400,6.5000,1.111482
332,36341534290007,10:05:41,36347595233364,6060943357,197,50,-209,4049,11697400,11695300,-10.5000,-1.795271
333,36347595233364,10:05:47,36354131032901,6535799537,165,50,1332,3122,11695300,11697000,8.5000,1.453575
334,36354131032901,10:05:54,36358794108214,4663075313,190,50,378,2890,11697000,11694700,-11.5000,-1.966316
335,36358794108214,10:05:58,36369026359946,10232251732,265,50,-16,6548,11694700,11694200,-2.5000,-0.427544
336,36369026359946,10:06:09,36379008884501,9982524555,205,50,2920,6320,11694200,11697300,15.5000,2.650887
337,36379008884501,10:06:19,36388056774623,9047890122,182,50,392,3666,11697300,11697100,-1.0000,-0.170980
338,36388056774623,10:06:28,36396253664734,8196890111,168,50,-1377,5133,11697100,11697700,3.0000,0.512948
339,36396253664734,10:06:36,36406999773172,10746108438,204,50,-1008,3414,11697700,11694300,-17.0000,-2.906554
340,36406999773172,10:06:46,36414055512689,7055739517,212,50,761,6117,11694300,11693300,-5.0000,-0.855117
341,36414055512689,10:06:54,36418071542610,4016029921,183,50,-2078,5512,11693300,11691200,-10.5000,-1.795900
342,36418071542610,10:06:58,36432464720834,14393178224,311,50,1405,3801,11691200,11694400,16.0000,2.737101
343,36432464720834,10:07:12,36440140468754,7675747920,165,50,1090,4034,11694400,11696600,11.0000,1.881242
344,36440140468754,10:07:20,36454814458698,14673989944,188,50,-597,3219,11696600,11695400,-6.0000,-1.025939
345,36454814458698,10:07:34,36466053649810,11239191112,179,50,-114,3114,11695400,11695000,-2.0000,-0.342015
346,36466053649810,10:07:46,36490114486220,24060836410,217,50,899,2955,11695000,11697000,10.0000,1.710133
347,36490114486220,10:08:10,36494259174975,4144688755,266,50,1608,3608,11697000,11703200,31.0000,5.300504
348,36494259174975,10:08:14,36502755389567,8496214592,274,50,3900,5976,11703200,11706400,16.0000,2.734295
349,36502755389567,10:08:22,36507594508370,4839118803,183,50,374,4420,11706400,11708100,8.5000,1.452197
350,36507594508370,10:08:27,36513964969303,6370460933,192,50,963,3297,11708100,11707000,-5.5000,-0.939521
351,36513964969303,10:08:33,36517251884121,3286914818,143,50,659,5473,11707000,11707500,2.5000,0.427095
352,36517251884121,10:08:37,36522474412101,5222527980,159,50,-1078,1808,11707500,11703100,-22.0000,-3.758275
353,36522474412101,10:08:42,36528897482007,6423069906,164,50,-235,2429,11703100,11703400,1.5000,0.256342
354,36528897482007,10:08:48,36533717337028,4819855021,115,50,-804,3214,11703400,11704100,3.5000,0.598117
355,36533717337028,10:08:53,36537412255098,3694918070,152,50,-524,3420,11704100,11703300,-4.0000,-0.683521
356,36537412255098,10:08:57,36540808071447,3395816349,158,50,-236,2376,11703300,11703200,-0.5000,-0.085446
357,36540808071447,10:09:00,36552523488302,11715416855,131,50,-402,2034,11703200,11702400,-4.0000,-0.683574
358,36552523488302,10:09:12,36556101508085,3578019783,180,50,1503,3531,11702400,11704200,9.0000,1.538146
359,36556101508085,10:09:16,36558152235472,2050727387,154,50,-424,3022,11704200,11701700,-12.5000,-2.135985
360,36558152235472,10:09:18,36559955583095,1803347623,106,50,-543,3929,11701700,11703100,7.0000,1.196407
361,36559955583095,10:09:19,36566933637981,6978054886,167,50,-1357,3517,11703100,11700100,-15.0000,-2.563423
362,36566933637981,10:09:26,36582311939614,15378301633,193,50,253,2895,11700100,11701300,6.0000,1.025632
363,36582311939614,10:09:42,36589261514932,6949575318,170,50,84,3274,11701300,11701300,0.0000,0.000000
364,36589261514932,10:09:49,36600498793638,11237278706,657,50,242,2474,11701300,11699500,-9.0000,-1.538291
365,36600498793638,10:10:00,36618967346783,18468553145,301,50,-2419,4327,11699500,11694400,-25.5000,-4.359161
366,36618967346783,10:10:18,36638067751941,19100405158,226,50,637,2815,11694400,11697900,17.5000,2.992885
367,36638067751941,10:10:38,36668679380262,30611628321,184,50,1547,3383,11697900,11701200,16.5000,2.821019
368,36668679380262,10:11:08,36692869897184,24190516922,277,50,2956,4978,11701200,11703500,11.5000,1.965610
369,36692869897184,10:11:32,36708792746876,15922849692,155,50,1167,2491,11703500,11704900,7.0000,1.196223
370,36708792746876,10:11:48,36710645837807,1853090931,159,50,1422,2558,11704900,11709000,20.5000,3.502807
371,36710645837807,10:11:50,36720446667303,9800829496,228,50,1439,4193,11709000,11713300,21.5000,3.672389
372,36720446667303,10:12:00,36729577463112,9130795809,211,50,1465,5179,11713300,11715500,11.0000,1.878207
373,36729577463112,10:12:09,36732221504717,2644041605,217,50,5625,7795,11715500,11718800,16.5000,2.816781
374,36732221504717,10:12:12,36751326617131,19105112414,314,50,-1726,4078,11718800,11712200,-33.0000,-5.631976
375,36751326617131,10:12:31,36768626253555,17299636424,233,50,1952,4772,11712200,11718300,30.5000,5.208244
376,36768626253555,10:12:48,36780520686981,11894433426,218,50,4734,7734,11718300,11723100,24.0000,4.096157
377,36780520686981,10:13:00,36788189977529,7669290548,211,50,0,4642,11723100,11721800,-6.5000,-1.108922
378,36788189977529,10:13:08,36796757474436,8567496907,129,50,300,7516,11721800,11724300,12.5000,2.132778
379,36796757474436,10:13:16,36802073798571,5316324135,221,50,-1761,5161,11724300,11718700,-28.0000,-4.776405
380,36802073798571,10:13:22,36807412418721,5338620150,134,50,-27,5073,11718700,11719000,1.5000,0.256001
381,36807412418721,10:13:27,36822776936606,15364517885,191,50,690,6616,11719000,11721300,11.5000,1.962625
382,36822776936606,10:13:42,36828829310409,6052373803,160,50,-1236,3040,11721300,11718200,-15.5000,-2.644758
383,36828829310409,10:13:48,36848829103120,19999792711,314,50,-888,3662,11718200,11713400,-24.0000,-4.096192
384,36848829103120,10:14:08,36868419972173,19590869053,236,50,305,3161,11713400,11715200,9.0000,1.536702
385,36868419972173,10:14:28,36884816180123,16396207950,193,50,-104,1894,11715200,11716200,5.0000,0.853592
386,36884816180123,10:14:44,36897097894036,12281713913,321,50,1936,4264,11716200,11721300,25.5000,4.352947
387,36897097894036,10:14:57,36897325273759,227379723,146,50,200,4708,11721300,11721900,3.0000,0.511889
388,36897325273759,10:14:57,36897784256085,458982326,71,50,349,4585,11721900,11722900,5.0000,0.853104
389,36897784256085,10:14:57,36910177819863,12393563778,164,50,-239,4139,11722900,11721100,-9.0000,-1.535456
390,36910177819863,10:15:10,36920927846735,10750026872,137,50,553,4553,11721100,11724200,15.5000,2.644803
391,36920927846735,10:15:20,36924868500121,3940653386,123,50,-400,5806,11724200,11723100,-5.5000,-0.938230
392,36924868500121,10:15:24,36926531661300,1663161179,140,50,-2182,5290,11723100,11720500,-13.0000,-2.217843
393,36926531661300,10:15:26,36939439014858,12907353558,154,50,-119,4063,11720500,11720900,2.0000,0.341282
394,36939439014858,10:15:39,36943194320343,3755305485,78,50,0,5000,11720900,11721400,2.5000,0.426588
395,36943194320343,10:15:43,36954316787349,11122467006,87,50,1401,6793,11721400,11723100,8.5000,1.450339
396,36954316787349,10:15:54,36959926745114,5609957765,122,50,-738,4728,11723100,11720800,-11.5000,-1.961938
397,36959926745114,10:15:59,36965898179822,5971434708,126,50,-1446,4590,11720800,11719800,-5.0000,-0.853184
398,36965898179822,10:16:05,36971663962330,5765782508,183,50,590,2438,11719800,11720500,3.5000,0.597280
399,36971663962330,10:16:11,36989002497067,17338534737,209,50,-149,3887,11720500,11721400,4.5000,0.767885
400,36989002497067,10:16:29,36998112621745,9110124678,173,50,2721,5907,11721400,11724300,14.5000,2.474107
401,36998112621745,10:16:38,36999687566529,1574944784,110,50,2307,6559,11724300,11728300,20.0000,3.411718
402,36999687566529,10:16:39,37000332169037,644602508,81,50,1000,9000,11728300,11728400,0.5000,0.085264
403,37000332169037,10:16:40,37001744050666,1411881629,134,50,795,6895,11728400,11728100,-1.5000,-0.255789
404,37001744050666,10:16:41,37006243343713,4499293047,289,50,1628,10564,11728100,11732100,20.0000,3.410612
405,37006243343713,10:16:46,37011525973589,5282629876,153,50,-101,7237,11732100,11730600,-7.5000,-1.278543
406,37011525973589,10:16:51,37014531112310,3005138721,172,50,-1460,4480,11730600,11729100,-7.5000,-1.278707
407,37014531112310,10:16:54,37021677361964,7146249654,133,50,-2320,5140,11729100,11727600,-7.5000,-1.278871
408,37021677361964,10:17:01,37053098769305,31421407341,261,50,452,5336,11727600,11729500,9.5000,1.620110
409,37053098769305,10:17:33,37063968728335,10869959030,148,50,1561,4995,11729500,11729500,0.0000,0.000000
410,37063968728335,10:17:43,37071636253058,7667524723,159,50,2877,4757,11729500,11732200,13.5000,2.301888
411,37071636253058,10:17:51,37081916261616,10280008558,192,50,-1748,5984,11732200,11731100,-5.5000,-0.937591
412,37081916261616,10:18:01,37102897823011,20981561395,632,50,-1754,3914,11731100,11726700,-22.0000,-3.750714
413,37102897823011,10:18:22,37105460100723,2562277712,147,50,-1778,4426,11726700,11723100,-18.0000,-3.069917
414,37105460100723,10:18:25,37119225033512,13764932789,161,50,342,2922,11723100,11726400,16.5000,2.814955
415,37119225033512,10:18:39,37129696882030,10471848518,203,50,709,3357,11726400,11728100,8.5000,1.449720
416,37129696882030,10:18:49,37144776312713,15079430683,224,50,-800,2574,11728100,11723400,-23.5000,-4.007469
417,37144776312713,10:19:04,37161574004846,16797692133,288,50,525,3205,11723400,11725800,12.0000,2.047188
418,37161574004846,10:19:21,37168630232558,7056227712,223,50,151,1667,11725800,11725300,-2.5000,-0.426410
419,37168630232558,10:19:28,37185043639578,16413407020,222,50,-54,1530,11725300,11725200,-0.5000,-0.085286
420,37185043639578,10:19:45,37199343701244,14300061666,199,50,-301,2221,11725200,11724100,-5.5000,-0.938150
421,37199343701244,10:19:59,37216665051750,17321350506,178,50,-411,1783,11724100,11723100,-5.0000,-0.852944
422,37216665051750,10:20:16,37232604908974,15939857224,154,50,475,3467,11723100,11723700,3.0000,0.511810
423,37232604908974,10:20:32,37250948992497,18344083523,146,50,556,4140,11723700,11722900,-4.0000,-0.682378
424,37250948992497,10:20:50,37266600444814,15651452317,131,50,648,3356,11722900,11724900,10.0000,1.706062
425,37266600444814,10:21:06,37268877537132,2277092318,121,50,715,2701,11724900,11727900,15.0000,2.558657
426,37268877537132,10:21:08,37282334867920,13457330788,174,50,34,2064,11727900,11727100,-4.0000,-0.682134
427,37282334867920,10:21:22,37285124720922,2789853002,142,50,-687,2137,11727100,11723800,-16.5000,-2.813995
428,37285124720922,10:21:25,37289394579893,4269858971,173,50,-128,1914,11723800,11722100,-8.5000,-1.450042
429,37289394579893,10:21:29,37294957350364,5562770471,178,50,-2353,3173,11722100,11721200,-4.5000,-0.767781
430,37294957350364,10:21:34,37319319866219,24362515855,128,50,-63,4229,11721200,11721800,3.0000,0.511893
431,37319319866219,10:21:59,37323470169894,4150303675,97,50,-2974,5608,11721800,11719200,-13.0000,-2.218089
432,37323470169894,10:22:03,37330710182318,7240012424,132,50,-264,2622,11719200,11717000,-11.0000,-1.877261
433,37330710182318,10:22:10,37348993776368,18283594050,157,50,-1281,3521,11717000,11715200,-9.0000,-1.536229
434,37348993776368,10:22:28,37358401771689,9407995321,143,50,-248,1992,11715200,11715200,0.0000,0.000000
435,37358401771689,10:22:38,37371302376986,12900605297,169,50,1243,2441,11715200,11716100,4.5000,0.768233
436,37371302376986,10:22:51,37384403290793,13100913807,165,50,978,3636,11716100,11716000,-0.5000,-0.085353
437,37384403290793,10:23:04,37399011560966,14608270173,159,50,393,3643,11716000,11716000,0.0000,0.000000
438,37399011560966,10:23:19,37407217317956,8205756990,117,50,2019,3539,11716000,11719700,18.5000,3.158074
439,37407217317956,10:23:27,37416391379182,9174061226,163,50,21,1891,11719700,11718100,-8.0000,-1.365223
440,37416391379182,10:23:36,37432035989495,15644610313,108,50,-413,3613,11718100,11717300,-4.0000,-0.682705
441,37432035989495,10:23:52,37454490258043,22454268548,154,50,362,2984,11717300,11717800,2.5000,0.426719
442,37454490258043,10:24:14,37463902655686,9412397643,145,50,995,2367,11717800,11718800,5.0000,0.853403
443,37463902655686,10:24:23,37481426920737,17524265051,151,50,-162,1064,11718800,11716900,-9.5000,-1.621326
444,37481426920737,10:24:41,37511829588948,30402668211,148,50,440,1530,11716900,11718200,6.5000,1.109508
445,37511829588948,10:25:11,37526850773962,15021185014,137,50,-2094,4636,11718200,11715700,-12.5000,-2.133433
446,37526850773962,10:25:26,37532885555238,6034781276,142,50,-331,1907,11715700,11714200,-7.5000,-1.280333
447,37532885555238,10:25:32,37539541958138,6656402900,144,50,-419,1559,11714200,11713200,-5.0000,-0.853665
448,37539541958138,10:25:39,37550578252249,11036294111,167,50,-1612,2382,11713200,11709900,-16.5000,-2.817334
449,37550578252249,10:25:50,37555280901697,4702649448,158,50,-4146,4850,11709900,11704600,-26.5000,-4.526085
450,37555280901697,10:25:55,37567266429051,11985527354,217,50,1062,3614,11704600,11707100,12.5000,2.135912
451,37567266429051,10:26:07,37575135695145,7869266094,148,50,217,1341,11707100,11709000,9.5000,1.622947
452,37575135695145,10:26:15,37589850481019,14714785874,214,50,-911,2713,11709000,11710200,6.0000,1.024853
453,37589850481019,10:26:29,37596283077959,6432596940,148,50,1996,3200,11710200,11713000,14.0000,2.391078
454,37596283077959,10:26:36,37606222820753,9939742794,149,50,-300,3494,11713000,11712300,-3.5000,-0.597627
455,37606222820753,10:26:46,37624559363677,18336542924,219,50,-553,3547,11712300,11710500,-9.0000,-1.536846
456,37624559363677,10:27:04,37648844323958,24284960281,148,50,1418,3566,11710500,11713100,13.0000,2.220230
457,37648844323958,10:27:28,37657165942172,8321618214,139,50,1270,3956,11713100,11714300,6.0000,1.024494
458,37657165942172,10:27:37,37673799771690,16633829518,240,50,-503,2743,11714300,11710900,-17.0000,-2.902435
459,37673799771690,10:27:53,37694343734919,20543963229,263,50,851,3143,11710900,11712900,10.0000,1.707811
460,37694343734919,10:28:14,37725836989674,31493254755,233,50,-15920,18702,11712900,11709800,-15.5000,-2.646655
461,37725836989674,10:28:45,37745656397824,19819408150,161,50,36,2748,11709800,11710000,1.0000,0.170797
462,37745656397824,10:29:05,37746919700967,1263303143,103,50,15730,17130,11710000,11713200,16.0000,2.732707
463,37746919700967,10:29:06,37749265773365,2346072398,149,50,892,3798,11713200,11715700,12.5000,2.134344
464,37749265773365,10:29:09,37750523068008,1257294643,155,50,-1200,3684,11715700,11711600,-20.5000,-3.499577
465,37750523068008,10:29:10,37761634618168,11111550160,251,50,15,1957,11711600,11714700,15.5000,2.646948
466,37761634618168,10:29:21,37775181383425,13546765257,213,50,-400,2062,11714700,11712900,-9.0000,-1.536531
467,37775181383425,10:29:35,37789563287666,14381904241,236,50,186,2842,11712900,11713400,2.5000,0.426880
468,37789563287666,10:29:49,37801743511492,12180223826,182,50,-2,2980,11713400,11715300,9.5000,1.622074
469,37801743511492,10:30:01,37811804354087,10060842595,192,50,-296,1912,11715300,11712600,-13.5000,-2.304678
470,37811804354087,10:30:11,37851262811059,39458456972,313,50,357,2897,11712600,11711700,-4.5000,-0.768403
471,37851262811059,10:30:51,37861255005806,9992194747,150,50,-213,4233,11711700,11709900,-9.0000,-1.536925
472,37861255005806,10:31:01,37874680915132,13425909326,200,50,707,1951,11709900,11713600,18.5000,3.159720
473,37874680915132,10:31:14,37891873201301,17192286169,160,50,28,1868,11713600,11714600,5.0000,0.853709
474,37891873201301,10:31:31,37913041736078,21168534777,264,50,689,2503,11714600,11716000,7.0000,1.195090
475,37913041736078,10:31:53,37943763966603,30722230525,235,50,271,2803,11716000,11716200,1.0000,0.170707
476,37943763966603,10:32:23,37970734384993,26970418390,283,50,-2001,3183,11716200,11711100,-25.5000,-4.352947
477,37970734384993,10:32:50,38000620601182,29886216189,211,50,-400,1630,11711100,11711000,-0.5000,-0.085389
478,38000620601182,10:33:20,38004327670759,3707069577,126,50,-43,1077,11711000,11710900,-0.5000,-0.085390
479,38004327670759,10:33:24,38020001117285,15673446526,166,50,297,1847,11710900,11709900,-5.0000,-0.853905
480,38020001117285,10:33:40,38034865003613,14863886328,157,50,191,1883,11709900,11711800,9.5000,1.622559
481,38034865003613,10:33:54,38045766049346,10901045733,256,50,26,2128,11711800,11710600,-6.0000,-1.024608
482,38045766049346,10:34:05,38052495862899,6729813553,192,50,1231,2739,11710600,11712300,8.5000,1.451676
483,38052495862899,10:34:12,38070747081072,18251218173,186,50,539,2497,11712300,11712600,1.5000,0.256141
484,38070747081072,10:34:30,38077755290968,7008209896,127,50,358,3008,11712600,11713000,2.0000,0.341513
485,38077755290968,10:34:37,38086451230701,8695939733,164,50,1240,2722,11713000,11715500,12.5000,2.134381
486,38086451230701,10:34:46,38095286026207,8834795506,172,50,1002,2860,11715500,11715300,-1.0000,-0.170714
487,38095286026207,10:34:55,38101997625114,6711598907,125,50,481,2529,11715300,11716000,3.5000,0.597509
488,38101997625114,10:35:01,38108087548060,6089922946,185,50,813,2413,11716000,11719800,19.0000,3.243428
489,38108087548060,10:35:08,38120632197836,12544649776,245,50,651,2047,11719800,11722000,11.0000,1.877165
490,38120632197836,10:35:20,38142068212720,21436014884,221,50,831,4139,11722000,11725400,17.0000,2.900529
491,38142068212720,10:35:42,38152474669802,10406457082,200,50,4398,8472,11725400,11728800,17.0000,2.899688
492,38152474669802,10:35:52,38163975008601,11500338799,242,50,-892,3624,11728800,11726000,-14.0000,-2.387286
493,38163975008601,10:36:03,38192322887692,28347879091,514,50,-1152,3178,11726000,11722800,-16.0000,-2.728978
494,38192322887692,10:36:32,38202958946880,10636059188,158,50,-390,1956,11722800,11721400,-7.0000,-1.194254
495,38202958946880,10:36:42,38212445771033,9486824153,166,50,82,25672,11721400,11719100,-11.5000,-1.962223
496,38212445771033,10:36:52,38228170289181,15724518148,169,50,974,5858,11719100,11720500,7.0000,1.194631
497,38228170289181,10:37:08,38234145860959,5975571778,188,50,818,3534,11720500,11722500,10.0000,1.706412
498,38234145860959,10:37:14,38260157097783,26011236824,223,50,-1572,4444,11722500,11720600,-9.5000,-1.620815
499,38260157097783,10:37:40,38263640312311,3483214528,183,50,-498,3330,11720600,11720600,0.0000,0.000000
500,38263640312311,10:37:43,38264581865424,941553113,90,50,-800,4672,11720600,11719400,-6.0000,-1.023838
501,38264581865424,10:37:44,38273202957438,8621092014,159,50,-546,2980,11719400,11720200,4.0000,0.682629
502,38273202957438,10:37:53,38278791792456,5588835018,149,50,118,2464,11720200,11721100,4.5000,0.767905
503,38278791792456,10:37:58,38289615453299,10823660843,200,50,-483,1751,11721100,11719400,-8.5000,-1.450376
504,38289615453299,10:38:09,38297055366180,7439912881,180,50,191,1323,11719400,11720500,5.5000,0.938615
505,38297055366180,10:38:17,38301790036677,4734670497,168,50,1078,1378,11720500,11722800,11.5000,1.962374
506,38301790036677,10:38:21,38320605792356,18815755679,235,50,-542,2392,11722800,11721500,-6.5000,-1.108950
507,38320605792356,10:38:40,38332540763674,11934971318,262,50,535,2207,11721500,11722500,5.0000,0.853133
508,38332540763674,10:38:52,38355210253090,22669489416,298,50,-6,1822,11722500,11721400,-5.5000,-0.938366
509,38355210253090,10:39:15,38362135185681,6924932591,224,50,416,2624,11721400,11721000,-2.0000,-0.341256
510,38362135185681,10:39:22,38369118617713,6983432032,200,50,208,1392,11721000,11720900,-0.5000,-0.085317
511,38369118617713,10:39:29,38392948322657,23829704944,190,50,607,2301,11720900,11723800,14.5000,2.474213
512,38392948322657,10:39:52,38400237829492,7289506835,234,50,1151,4001,11723800,11726000,11.0000,1.876525
513,38400237829492,10:40:00,38416474330887,16236501395,173,50,-285,1533,11726000,11723900,-10.5000,-1.790892
514,38416474330887,10:40:16,38433215391754,16741060867,366,50,-728,1908,11723900,11722000,-9.5000,-1.620621
515,38433215391754,10:40:33,38455017466866,21802075112,236,50,-5,3133,11722000,11721500,-2.5000,-0.426548
516,38455017466866,10:40:55,38463088695094,8071228228,143,50,455,6529,11721500,11724300,14.0000,2.388773
517,38463088695094,10:41:03,38469412530596,6323835502,201,50,1448,6062,11724300,11727200,14.5000,2.473495
518,38469412530596,10:41:09,38471182951158,1770420562,103,50,2712,5218,11727200,11727600,2.0000,0.341087
519,38471182951158,10:41:11,38474466235652,3283284494,165,50,77,3609,11727600,11727400,-1.0000,-0.170538
520,38474466235652,10:41:14,38478918778530,4452542878,174,50,5580,6082,11727400,11730000,13.0000,2.217030
521,38478918778530,10:41:18,38480237443359,1318664829,173,50,831,3893,11730000,11729700,-1.5000,-0.255754
522,38480237443359,10:41:20,38484655212833,4417769474,136,50,-595,3843,11729700,11729900,1.0000,0.170507
523,38484655212833,10:41:24,38492246125701,7590912868,188,50,287,2131,11729900,11730600,3.5000,0.596766
524,38492246125701,10:41:32,38517935508148,25689382447,204,50,1288,3412,11730600,11733300,13.5000,2.301673
525,38517935508148,10:41:57,38545112075302,27176567154,283,50,-2294,4804,11733300,11729200,-20.5000,-3.494328
526,38545112075302,10:42:25,38549381519881,4269444579,189,50,-586,3654,11729200,11728100,-5.5000,-0.937830
527,38549381519881,10:42:29,38561876029591,12494509710,206,50,1678,4286,11728100,11731600,17.5000,2.984286
528,38561876029591,10:42:41,38574452506360,12576476769,291,50,-1620,5224,11731600,11728000,-18.0000,-3.068635
529,38574452506360,10:42:54,38583606112546,9153606186,206,50,-1154,4018,11728000,11727600,-2.0000,-0.341064
530,38583606112546,10:43:03,38599256453609,15650341063,209,50,1269,4449,11727600,11726800,-4.0000,-0.682152
531,38599256453609,10:43:19,38601261928649,2005475040,128,50,-694,3120,11726800,11725900,-4.5000,-0.767473
532,38601261928649,10:43:21,38610589472220,9327543571,148,50,-624,2688,11725900,11723800,-10.5000,-1.790907
533,38610589472220,10:43:30,38639365335025,28775862805,267,50,331,2775,11723800,11727400,18.0000,3.070677
534,38639365335025,10:43:59,38643037380149,3672045124,139,50,-428,5744,11727400,11729700,11.5000,1.961219
535,38643037380149,10:44:03,38643609360589,571980440,81,50,-2576,9460,11729700,11729500,-1.0000,-0.170507
536,38643609360589,10:44:03,38660089177938,16479817349,227,50,-452,2624,11729500,11727800,-8.5000,-1.449337
537,38660089177938,10:44:20,38673953391671,13864213733,187,50,161,2917,11727800,11728800,5.0000,0.852675
538,38673953391671,10:44:33,38678112549830,4159158159,156,50,1693,2883,11728800,11732700,19.5000,3.325148
539,38678112549830,10:44:38,38690970586074,12858036244,178,50,89,4417,11732700,11732900,1.0000,0.170464
540,38690970586074,10:44:50,38699174466226,8203880152,154,50,43,3995,11732900,11732600,-1.5000,-0.255691
541,38699174466226,10:44:59,38701956759901,2782293675,170,50,2456,4858,11732600,11736000,17.0000,2.897908
542,38701956759901,10:45:01,38706873689942,4916930041,153,50,2884,6592,11736000,11736500,2.5000,0.426040
543,38706873689942,10:45:06,38714666505447,7792815505,206,50,482,1850,11736500,11736900,2.0000,0.340817
544,38714666505447,10:45:14,38718760225738,4093720291,131,50,250,1450,11736900,11737400,2.5000,0.426007
545,38718760225738,10:45:18,38723640597487,4880371749,137,50,2514,3102,11737400,11740700,16.5000,2.811526
546,38723640597487,10:45:23,38723988245871,347648384,142,50,-77,5977,11740700,11740900,1.0000,0.170348
547,38723988245871,10:45:23,38732050197023,8061951152,221,50,768,6712,11740900,11743700,14.0000,2.384826
548,38732050197023,10:45:32,38738101005587,6050808564,108,50,-344,4854,11743700,11743800,0.5000,0.085152
549,38738101005587,10:45:38,38745499476160,7398470573,167,50,1118,3194,11743800,11741400,-12.0000,-2.043632
550,38745499476160,10:45:45,38751178352465,5678876305,157,50,14,2544,11741400,11741600,1.0000,0.170337
551,38751178352465,10:45:51,38757551882430,6373529965,129,50,3713,5545,11741600,11746500,24.5000,4.173196
552,38757551882430,10:45:57,38757641419553,89537123,127,50,1236,4212,11746500,11747900,7.0000,1.191844
553,38757641419553,10:45:57,38767446872967,9805453414,165,50,-3563,6845,11747900,11744800,-15.5000,-2.638769
554,38767446872967,10:46:07,38785029824986,17582952019,250,50,-2305,5991,11744800,11741000,-19.0000,-3.235474
555,38785029824986,10:46:25,38810461340755,25431515769,204,50,1262,5038,11741000,11742500,7.5000,1.277574
556,38810461340755,10:46:50,38837211540736,26750199981,176,50,-1724,4852,11742500,11739200,-16.5000,-2.810304
557,38837211540736,10:47:17,38846529682674,9318141938,202,50,-345,2451,11739200,11737600,-8.0000,-1.362955
558,38846529682674,10:47:26,38854026565797,7496883123,118,50,601,3073,11737600,11740000,12.0000,2.044711
559,38854026565797,10:47:34,38871974757162,17948191365,110,50,866,4442,11740000,11741500,7.5000,1.277683
560,38871974757162,10:47:51,38885085308881,13110551719,147,50,403,3995,11741500,11742000,2.5000,0.425840
561,38885085308881,10:48:05,38902901926293,17816617412,127,50,2336,5302,11742000,11743800,9.0000,1.532959
562,38902901926293,10:48:22,38909964529843,7062603550,97,50,-1539,7207,11743800,11743400,-2.0000,-0.340605
563,38909964529843,10:48:29,38919256429866,9291900023,89,50,-1764,8080,11743400,11745200,9.0000,1.532776
564,38919256429866,10:48:39,38938084172421,18827742555,138,50,790,4940,11745200,11746900,8.5000,1.447400
565,38938084172421,10:48:58,38948062529669,9978357248,212,50,-1136,4548,11746900,11745200,-8.5000,-1.447190
566,38948062529669,10:49:08,38964892700613,16830170944,203,50,-2045,4847,11745200,11742000,-16.0000,-2.724517
567,38964892700613,10:49:24,38968298247864,3405547251,153,50,-2310,4822,11742000,11738700,-16.5000,-2.810424
568,38968298247864,10:49:28,39021413862736,53115614872,316,50,315,6123,11738700,11737900,-4.0000,-0.681506
569,39021413862736,10:50:21,39054059139679,32645276943,190,50,551,6165,11737900,11740300,12.0000,2.044659
570,39054059139679,10:50:54,39058801643141,4742503462,148,50,81,4125,11740300,11742000,8.5000,1.448004
571,39058801643141,10:50:58,39083120206708,24318563567,216,50,153,2169,11742000,11740200,-9.0000,-1.532959
572,39083120206708,10:51:23,39091433649531,8313442823,148,50,604,3046,11740200,11741200,5.0000,0.851774
573,39091433649531,10:51:31,39106032482400,14598832869,167,50,2770,6498,11741200,11745400,21.0000,3.577147
574,39106032482400,10:51:46,39115236114543,9203632143,178,50,603,4279,11745400,11747000,8.0000,1.362235
575,39115236114543,10:51:55,39123244990713,8008876170,123,50,1279,2483,11747000,11748300,6.5000,1.106666
576,39123244990713,10:52:03,39126079716988,2834726275,124,50,2592,5246,11748300,11750300,10.0000,1.702374
577,39126079716988,10:52:06,39129218229601,3138512613,167,50,4151,4793,11750300,11754000,18.5000,3.148856
578,39129218229601,10:52:09,39132062536901,2844307300,111,50,3727,6943,11754000,11753200,-4.0000,-0.680619
579,39132062536901,10:52:12,39137033081445,4970544544,79,50,1244,4396,11753200,11754800,8.0000,1.361331
580,39137033081445,10:52:17,39137755984490,722903045,80,50,2292,7086,11754800,11755000,1.0000,0.170143
581,39137755984490,10:52:17,39142047243168,4291258678,106,50,-134,6048,11755000,11755700,3.5000,0.595491
582,39142047243168,10:52:22,39150429190485,8381947317,209,50,3562,6506,11755700,11757100,7.0000,1.190912
583,39150429190485,10:52:30,39160015910827,9586720342,160,50,-210,3596,11757100,11758700,8.0000,1.360880
584,39160015910827,10:52:40,39160829058951,813148124,69,50,2116,2964,11758700,11759300,3.0000,0.510260
585,39160829058951,10:52:40,39169149848337,8320789386,118,50,1645,5059,11759300,11759900,3.0000,0.510234
586,39169149848337,10:52:49,39174382850778,5233002441,220,50,-824,4670,11759900,11757000,-14.5000,-2.466007
587,39174382850778,10:52:54,39187207521769,12824670991,187,50,-207,4047,11757000,11758900,9.5000,1.616059
588,39187207521769,10:53:07,39198210243625,11002721856,219,50,-1130,15646,11758900,11755400,-17.5000,-2.976469
589,39198210243625,10:53:18,39209047301054,10837057429,176,50,704,5116,11755400,11759400,20.0000,3.402692
590,39209047301054,10:53:29,39209576829774,529528720,67,50,-3100,8700,11759400,11759100,-1.5000,-0.255115
591,39209576829774,10:53:29,39210150873788,574044014,70,50,-3600,10000,11759100,11758900,-1.0000,-0.170081
592,39210150873788,10:53:30,39210669807207,518933419,68,50,-2900,9900,11758900,11759400,2.5000,0.425210
593,39210669807207,10:53:30,39211212022524,542215317,69,50,-3600,10000,11759400,11758900,-2.5000,-0.425192
594,39211212022524,10:53:31,39226988431452,15776408928,128,50,-799,6833,11758900,11759900,5.0000,0.850420
595,39226988431452,10:53:46,39238617757562,11629326110,206,50,1467,3705,11759900,11761400,7.5000,1.275521
596,39238617757562,10:53:58,39253297856722,14680099160,117,50,-261,4377,11761400,11759800,-8.0000,-1.360382
597,39253297856722,10:54:13,39263669125516,10371268794,200,50,-941,4581,11759800,11757600,-11.0000,-1.870780
598,39263669125516,10:54:23,39272706279451,9037153935,252,50,152,4576,11757600,11759500,9.5000,1.615976
599,39272706279451,10:54:32,39280682029897,7975750446,135,50,2334,4598,11759500,11763400,19.5000,3.316468
600,39280682029897,10:54:40,39282946969735,2264939838,131,50,-448,4452,11763400,11761600,-9.0000,-1.530170
601,39282946969735,10:54:42,39304505331587,21558361852,205,50,585,4555,11761600,11760800,-4.0000,-0.680180
602,39304505331587,10:55:04,39320833933466,16328601879,145,50,3263,6791,11760800,11761900,5.5000,0.935311
603,39320833933466,10:55:20,39348144599812,27310666346,378,50,-4044,6708,11761900,11757400,-22.5000,-3.825912
604,39348144599812,10:55:48,39355016214847,6871615035,204,50,-1470,4504,11757400,11755400,-10.0000,-1.701056
605,39355016214847,10:55:55,39375399307617,20383092770,302,50,1142,5434,11755400,11758700,16.5000,2.807221
606,39375399307617,10:56:15,39405173550682,29774243065,208,50,-1435,5617,11758700,11754600,-20.5000,-3.486780
607,39405173550682,10:56:45,39419962179121,14788628439,185,50,-286,2310,11754600,11753200,-7.0000,-1.191023
608,39419962179121,10:56:59,39434160079524,14197900403,221,50,115,2165,11753200,11754300,5.5000,0.935915
609,39434160079524,10:57:14,39444979645104,10819565580,203,50,-956,1754,11754300,11751500,-14.0000,-2.382107
610,39444979645104,10:57:24,39453798879485,8819234381,150,50,215,2881,11751500,11752800,6.5000,1.106242
611,39453798879485,10:57:33,39467982195023,14183315538,151,50,-494,1984,11752800,11753000,1.0000,0.170172
612,39467982195023,10:57:47,39475203027525,7220832502,212,50,-1648,2472,11753000,11748800,-21.0000,-3.573556
613,39475203027525,10:57:55,39493246955332,18043927807,241,50,2343,5387,11748800,11752900,20.5000,3.489718
614,39493246955332,10:58:13,39501511321451,8264366119,151,50,-191,3287,11752900,11751500,-7.0000,-1.191195
615,39501511321451,10:58:21,39507908762102,6397440651,228,50,-895,5501,11751500,11753600,10.5000,1.787006
616,39507908762102,10:58:27,39541429758883,33520996781,363,50,49,3439,11753600,11753200,-2.0000,-0.340321
617,39541429758883,10:59:01,39554341074990,12911316107,264,50,428,3364,11753200,11755800,13.0000,2.212163
618,39554341074990,10:59:14,39576322755152,21981680162,271,50,1744,3050,11755800,11759200,17.0000,2.892189
619,39576322755152,10:59:36,39585994730403,9671975251,192,50,49,2487,11759200,11758000,-6.0000,-1.020478
620,39585994730403,10:59:45,39600680871964,14686141561,309,50,-448,3622,11758000,11756600,-7.0000,-1.190679
621,39600680871964,11:00:00,39615462113491,14781241527,276,50,-1035,3835,11756600,11755000,-8.0000,-1.360938
622,39615462113491,11:00:15,39624147219523,8685106032,275,50,234,3392,11755000,11755900,4.5000,0.765632
623,39624147219523,11:00:24,39629484881470,5337661947,203,50,359,2655,11755900,11755500,-2.0000,-0.340255
624,39629484881470,11:00:29,39632874191462,3389309992,211,50,-1909,2553,11755500,11749800,-28.5000,-4.848794
625,39632874191462,11:00:32,39636203119391,3328927929,278,50,-622,4574,11749800,11750100,1.5000,0.255323
626,39636203119391,11:00:36,39653017817336,16814697945,305,50,-546,3508,11750100,11747400,-13.5000,-2.297853
627,39653017817336,11:00:53,39669426616485,16408799149,227,50,696,3398,11747400,11750000,13.0000,2.213256
628,39669426616485,11:01:09,39671692284622,2265668137,103,50,-828,5996,11750000,11750000,0.0000,0.000000
629,39671692284622,11:01:11,39690686343712,18994059090,209,50,-838,3328,11750000,11749000,-5.0000,-0.851064
630,39690686343712,11:01:30,39711835319094,21148975382,248,50,-1250,3678,11749000,11746800,-11.0000,-1.872500
631,39711835319094,11:01:51,39723719284768,11883965674,238,50,-1520,3292,11746800,11743100,-18.5000,-3.149794
632,39723719284768,11:02:03,39739228170410,15508885642,254,50,-1101,4385,11743100,11741900,-6.0000,-1.021877
633,39739228170410,11:02:19,39743742229551,4514059141,162,50,-1498,3760,11741900,11738400,-17.5000,-2.980778
634,39743742229551,11:02:23,39754859419420,11117189869,193,50,-211,3789,11738400,11738100,-1.5000,-0.255571
635,39754859419420,11:02:34,39758957381301,4097961881,114,50,2263,5471,11738100,11741400,16.5000,2.811358
636,39758957381301,11:02:38,39768583452815,9626071514,190,50,-1466,4802,11741400,11739300,-10.5000,-1.788543
637,39768583452815,11:02:48,39781453191729,12869738914,207,50,-5553,7083,11739300,11737000,-11.5000,-1.959231
638,39781453191729,11:03:01,39793699100630,12245908901,315,50,90,3964,11737000,11738300,6.5000,1.107608
639,39793699100630,11:03:13,39800708898038,7009797408,187,50,-236,4800,11738300,11738000,-1.5000,-0.255574
640,39800708898038,11:03:20,39815528845128,14819947090,227,50,-122,3512,11738000,11737300,-3.5000,-0.596354
641,39815528845128,11:03:35,39843835376986,28306531858,274,50,1563,4443,11737300,11740700,17.0000,2.896748
642,39843835376986,11:04:03,39864380514311,20545137325,204,50,-330,2578,11740700,11738900,-9.0000,-1.533128
643,39864380514311,11:04:24,39871989577897,7609063586,201,50,-849,2445,11738900,11736300,-13.0000,-2.214858
644,39871989577897,11:04:31,39878711880112,6722302215,257,50,-1039,4739,11736300,11736000,-1.5000,-0.255617
645,39878711880112,11:04:38,39891841130518,13129250406,237,50,-493,2427,11736000,11735400,-3.0000,-0.511247
646,39891841130518,11:04:51,39919921898744,28080768226,318,50,530,2886,11735400,11738900,17.5000,2.982429
647,39919921898744,11:05:19,39928405243612,8483344868,159,50,28,3200,11738900,11739600,3.5000,0.596308
648,39928405243612,11:05:28,39942694832006,14289588394,189,50,-1164,3296,11739600,11736700,-14.5000,-2.470272
649,39942694832006,11:05:42,39950560600612,7865768606,214,50,-805,3797,11736700,11734100,-13.0000,-2.215273
650,39950560600612,11:05:50,39955065038650,4504438038,136,50,270,3670,11734100,11734700,3.0000,0.511330
651,39955065038650,11:05:55,39956645392486,1580353836,76,50,122,4746,11734700,11734900,1.0000,0.170435
652,39956645392486,11:05:56,39958760037418,2114644932,62,50,-11,4813,11734900,11735300,2.0000,0.340864
653,39958760037418,11:05:58,39960707288813,1947251395,64,50,0,5000,11735300,11735200,-0.5000,-0.085213
654,39960707288813,11:06:00,39964150983091,3443694278,121,50,401,3299,11735200,11736500,6.5000,1.107778
655,39964150983091,11:06:04,39969721240356,5570257265,139,50,-545,2781,11736500,11733900,-13.0000,-2.215311
656,39969721240356,11:06:09,39973525488024,3804247668,155,50,96,3242,11733900,11735500,8.0000,1.363571
657,39973525488024,11:06:13,39984034545040,10509057016,147,50,81,3821,11735500,11732800,-13.5000,-2.300712
658,39984034545040,11:06:24,40004289210803,20254665763,216,50,-967,3613,11732800,11731500,-6.5000,-1.108005
659,40004289210803,11:06:44,40010991282200,6702071397,172,50,-4398,5146,11731500,11727300,-21.0000,-3.580105
660,40010991282200,11:06:50,40016638484514,5647202314,218,50,-1059,3837,11727300,11725500,-9.0000,-1.534880
661,40016638484514,11:06:56,40021127989236,4489504722,167,50,-376,3728,11725500,11725100,-2.0000,-0.341137
662,40021127989236,11:07:01,40032972786243,11844797007,254,50,1092,3416,11725100,11730100,25.0000,4.264356
663,40032972786243,11:07:12,40047143554252,14170768009,259,50,-364,2140,11730100,11729100,-5.0000,-0.852508
664,40047143554252,11:07:27,40066247748273,19104194021,262,50,2957,6489,11729100,11733900,24.0000,4.092386
665,40066247748273,11:07:46,40089668419675,23420671402,373,50,-2194,6144,11733900,11729800,-20.5000,-3.494149
666,40089668419675,11:08:09,40103239134640,13570714965,236,50,-369,2563,11729800,11728800,-5.0000,-0.852529
667,40103239134640,11:08:23,40113705092447,10465957807,184,50,68,2512,11728800,11729600,4.0000,0.682082
668,40113705092447,11:08:33,40122448341060,8743248613,225,50,-556,2120,11729600,11726200,-17.0000,-2.898650
669,40122448341060,11:08:42,40125513207906,3064866846,149,50,-1231,3287,11726200,11724000,-11.0000,-1.876141
670,40125513207906,11:08:45,40145752112463,20238904557,292,50,-2124,4836,11724000,11721100,-14.5000,-2.473559
671,40145752112463,11:09:05,40150097673761,4345561298,172,50,-2941,4841,11721100,11718800,-11.5000,-1.962273
672,40150097673761,11:09:10,40153140933513,3043259752,244,50,-485,4327,11718800,11716900,-9.5000,-1.621326
673,40153140933513,11:09:13,40165976390907,12835457394,349,50,275,3437,11716900,11718700,9.0000,1.536243
674,40165976390907,11:09:25,40185589982737,19613591830,309,50,-946,3400,11718700,11717600,-5.5000,-0.938671
675,40185589982737,11:09:45,40194763319788,9173337051,370,50,337,3051,11717600,11720000,12.0000,2.048201
676,40194763319788,11:09:54,40200018405496,5255085708,199,50,-412,2926,11720000,11717600,-12.0000,-2.047782
677,40200018405496,11:10:00,40207151486913,7133081417,184,50,456,3072,11717600,11718200,3.0000,0.512050
678,40207151486913,11:10:07,40225602178326,18450691413,225,50,92,3348,11718200,11720300,10.5000,1.792084
679,40225602178326,11:10:25,40240311275382,14709097056,191,50,-25,3235,11720300,11720500,1.0000,0.170644
680,40240311275382,11:10:40,40248169719675,7858444293,196,50,1060,5238,11720500,11722300,9.0000,1.535771
681,40248169719675,11:10:48,40253837859554,5668139879,425,50,422,4336,11722300,11722500,1.0000,0.170615
682,40253837859554,11:10:53,40261653424658,7815565104,181,50,125,4967,11722500,11723900,7.0000,1.194284
683,40261653424658,11:11:01,40271068315708,9414891050,210,50,-263,3547,11723900,11724400,2.5000,0.426479
684,40271068315708,11:11:11,40295863895871,24795580163,189,50,-197,4773,11724400,11723600,-4.0000,-0.682338
685,40295863895871,11:11:35,40320227556180,24363660309,219,50,-1337,3889,11723600,11719500,-20.5000,-3.497219
686,40320227556180,11:12:00,40332259874765,12032318585,203,50,-608,2460,11719500,11719800,1.5000,0.255984
687,40332259874765,11:12:12,40354641706286,22381831521,250,50,980,4116,11719800,11722400,13.0000,2.218468
688,40354641706286,11:12:34,40359013094723,4371388437,141,50,117,3895,11722400,11720800,-8.0000,-1.364908
689,40359013094723,11:12:39,40369821158369,10808063646,170,50,5,2181,11720800,11720300,-2.5000,-0.426592
690,40369821158369,11:12:49,40380354629261,10533470892,198,50,-167,3435,11720300,11720900,3.0000,0.511932
691,40380354629261,11:13:00,40398258072149,17903442888,169,50,-91,1567,11720900,11720200,-3.5000,-0.597224
692,40398258072149,11:13:18,40401608918841,3350846692,157,50,-2373,3517,11720200,11715300,-24.5000,-4.180816
693,40401608918841,11:13:21,40403561750916,1952832075,159,50,-1860,6122,11715300,11712600,-13.5000,-2.304678
694,40403561750916,11:13:23,40406048727300,2486976384,101,50,17,6299,11712600,11712800,1.0000,0.170756
695,40406048727300,11:13:26,40406553096918,504369618,148,50,-4259,5591,11712800,11708600,-21.0000,-3.585821
696,40406553096918,11:13:26,40407341806396,788709478,148,50,-4828,6680,11708600,11705900,-13.5000,-2.305997
697,40407341806396,11:13:27,40420700150601,13358344205,254,50,1723,2865,11705900,11713000,35.5000,6.065317
698,40420700150601,11:13:40,40426123729084,5423578483,176,50,-2294,5992,11713000,11708100,-24.5000,-4.183386
699,40426123729084,11:13:46,40426492308271,368579187,92,50,542,7850,11708100,11708500,2.0000,0.341644
700,40426492308271,11:13:46,40427705180656,1212872385,152,50,138,3574,11708500,11708400,-0.5000,-0.085408
701,40427705180656,11:13:47,40429852532733,2147352077,169,50,346,2878,11708400,11707700,-3.5000,-0.597861
702,40429852532733,11:13:49,40430237434537,384901804,78,50,1163,4509,11707700,11706900,-4.0000,-0.683311
703,40430237434537,11:13:50,40432052192045,1814757508,119,50,1454,3928,11706900,11707400,2.5000,0.427099
704,40432052192045,11:13:52,40437411764546,5359572501,183,50,19,2647,11707400,11708100,3.5000,0.597912
705,40437411764546,11:13:57,40442323876879,4912112333,189,50,3479,5109,11708100,11712600,22.5000,3.843493
706,40442323876879,11:14:02,40451348902193,9025025314,213,50,60,3010,11712600,11714300,8.5000,1.451428
707,40451348902193,11:14:11,40468222905233,16874003040,338,50,-687,4357,11714300,11714700,2.0000,0.341463
708,40468222905233,11:14:28,40469859318658,1636413425,176,50,-702,4262,11714700,11712700,-10.0000,-1.707257
709,40469859318658,11:14:29,40474024784419,4165465761,213,50,142,2892,11712700,11713300,3.0000,0.512264
710,40474024784419,11:14:34,40479464413256,5439628837,149,50,-374,1450,11713300,11710600,-13.5000,-2.305072
711,40479464413256,11:14:39,40488205404115,8740990859,183,50,134,1722,11710600,11711300,3.5000,0.597749
712,40488205404115,11:14:48,40498137549777,9932145662,219,50,-1488,2802,11711300,11710500,-4.0000,-0.683101
713,40498137549777,11:14:58,40502936926374,4799376597,206,50,-911,2279,11710500,11708400,-10.5000,-1.793262
714,40502936926374,11:15:02,40508056781028,5119854654,203,50,667,1809,11708400,11711300,14.5000,2.476854
715,40508056781028,11:15:08,40520427904983,12371123955,175,50,-478,1894,11711300,11708600,-13.5000,-2.305466
716,40520427904983,11:15:20,40528537145325,8109240342,147,50,387,2527,11708600,11709400,4.0000,0.683258
717,40528537145325,11:15:28,40531874234835,3337089510,153,50,2444,2874,11709400,11713400,20.0000,3.416059
718,40531874234835,11:15:31,40546516979940,14642745105,279,50,-708,4342,11713400,11712300,-5.5000,-0.939095
719,40546516979940,11:15:46,40559418944984,12901965044,282,50,2018,3244,11712300,11715300,15.0000,2.561410
720,40559418944984,11:15:59,40564095475618,4676530634,183,50,85,3721,11715300,11714500,-4.0000,-0.682868
721,40564095475618,11:16:04,40568703828890,4608353272,172,50,271,2169,11714500,11714900,2.0000,0.341457
722,40568703828890,11:16:08,40593531237467,24827408577,333,50,1345,2875,11714900,11718100,16.0000,2.731564
723,40593531237467,11:16:33,40607242813757,13711576290,203,50,2362,5144,11718100,11720100,10.0000,1.706761
724,40607242813757,11:16:47,40609713196004,2470382247,108,50,-2308,10902,11720100,11719100,-5.0000,-0.853235
725,40609713196004,11:16:49,40626763094620,17049898616,191,50,-1748,7822,11719100,11718000,-5.5000,-0.938639
726,40626763094620,11:17:06,40632392753921,5629659301,144,50,528,2904,11718000,11719600,8.0000,1.365421
727,40632392753921,11:17:12,40654693243577,22300489656,289,50,265,2535,11719600,11720700,5.5000,0.938599
728,40654693243577,11:17:34,40670344634416,15651390839,164,50,771,2577,11720700,11722400,8.5000,1.450425
729,40670344634416,11:17:50,40689854887078,19510252662,279,50,-205,4555,11722400,11722100,-1.5000,-0.255920
730,40689854887078,11:18:09,40699555982262,9701095184,174,50,329,3829,11722100,11723300,6.0000,1.023707
731,40699555982262,11:18:19,40708619637488,9063655226,154,50,-73,3803,11723300,11723600,1.5000,0.255901
732,40708619637488,11:18:28,40714212788548,5593151060,174,50,326,2250,11723600,11723100,-2.5000,-0.426490
733,40714212788548,11:18:34,40718902578177,4689789629,150,50,460,2834,11723100,11723900,4.0000,0.682413
734,40718902578177,11:18:38,40729126636648,10224058471,128,50,372,7284,11723900,11725000,5.5000,0.938254
735,40729126636648,11:18:49,40735676189383,6549552735,132,50,1960,4676,11725000,11727500,12.5000,2.132196
736,40735676189383,11:18:55,40742438848617,6762659234,154,50,-1293,5113,11727500,11726700,-4.0000,-0.682157
737,40742438848617,11:19:02,40744094968684,1656120067,124,50,-1170,4818,11726700,11724500,-11.0000,-1.876061
738,40744094968684,11:19:04,40756587720545,12492751861,222,50,518,2770,11724500,11725800,6.5000,1.108789
739,40756587720545,11:19:16,40761807376623,5219656078,180,50,-577,2961,11725800,11725500,-1.5000,-0.255846
740,40761807376623,11:19:21,40776257199288,14449822665,202,50,-1319,3625,11725500,11724600,-4.5000,-0.767558
741,40776257199288,11:19:36,40784352987413,8095788125,153,50,-1376,6218,11724600,11723700,-4.5000,-0.767617
742,40784352987413,11:19:44,40796248151944,11895164531,158,50,550,2856,11723700,11725200,7.5000,1.279460
743,40796248151944,11:19:56,40814749498068,18501346124,205,50,-454,1932,11725200,11722100,-15.5000,-2.643878
744,40814749498068,11:20:14,40825456864600,10707366532,160,50,-594,2920,11722100,11721700,-2.0000,-0.341236
745,40825456864600,11:20:25,40847168372228,21711507628,233,50,-781,2025,11721700,11720800,-4.5000,-0.767807
746,40847168372228,11:20:47,40877873505554,30705133326,245,50,-150,2732,11720800,11720600,-1.0000,-0.170637
747,40877873505554,11:21:17,40885122811375,7249305821,267,50,-2032,5324,11720600,11718900,-8.5000,-1.450438
748,40885122811375,11:21:25,40901343936025,16221124650,157,50,-465,2425,11718900,11718100,-4.0000,-0.682658
749,40901343936025,11:21:41,40910601636555,9257700530,204,50,-160,2638,11718100,11718300,1.0000,0.170676
750,40910601636555,11:21:50,40927397977016,16796340461,304,50,116,2132,11718300,11721200,14.5000,2.474762
751,40927397977016,11:22:07,40936289260029,8891283013,244,50,-61,1265,11721200,11719200,-10.0000,-1.706310
752,40936289260029,11:22:16,40946650180477,10360920448,248,50,204,1702,11719200,11721300,10.5000,1.791931
753,40946650180477,11:22:26,40968831116071,22180935594,172,50,-289,1369,11721300,11720000,-6.5000,-1.109092
754,40968831116071,11:22:48,40994157589270,25326473199,298,50,-1348,3350,11720000,11717100,-14.5000,-2.474403
755,40994157589270,11:23:14,41011596235734,17438646464,323,50,254,4218,11717100,11717400,1.5000,0.256036
756,41011596235734,11:23:31,41033008475752,21412240018,266,50,1050,3954,11717400,11717000,-2.0000,-0.341373
757,41033008475752,11:23:53,41076418948644,43410472892,224,50,-405,2711,11717000,11716300,-3.5000,-0.597423
758,41076418948644,11:24:36,41089083512639,12664563995,204,50,-1043,3891,11716300,11716200,-0.5000,-0.085351
759,41089083512639,11:24:49,41102935246970,13851734331,233,50,-772,2166,11716200,11712400,-19.0000,-3.243372
760,41102935246970,11:25:02,41111487061066,8551814096,144,50,-674,3826,11712400,11710500,-9.5000,-1.622212
761,41111487061066,11:25:11,41115367126883,3880065817,121,50,-543,4361,11710500,11709600,-4.5000,-0.768541
762,41115367126883,11:25:15,41118510609231,3143482348,142,50,-88,3324,11709600,11709300,-1.5000,-0.256200
763,41118510609231,11:25:18,41126067204753,7556595522,193,50,-1780,3196,11709300,11707800,-7.5000,-1.281033
764,41126067204753,11:25:26,41131829884630,5762679877,144,50,655,4153,11707800,11709500,8.5000,1.452023
765,41131829884630,11:25:31,41145990301212,14160416582,253,50,-680,4572,11709500,11708600,-4.5000,-0.768607
766,41145990301212,11:25:45,41161426912047,15436610835,228,50,779,2255,11708600,11712200,18.0000,3.074663
767,41161426912047,11:26:01,41172102434349,10675522302,154,50,38,2176,11712200,11712400,1.0000,0.170762
768,41172102434349,11:26:12,41178379925501,6277491152,111,50,-1466,3438,11712400,11711000,-7.0000,-1.195314
769,41178379925501,11:26:18,41193380136446,15000210945,206,50,-2371,5111,11711000,11706300,-23.5000,-4.013321
770,41193380136446,11:26:33,41197532369550,4152233104,118,50,-219,2463,11706300,11705400,-4.5000,-0.768817
771,41197532369550,11:26:37,41210880634223,13348264673,113,50,1145,5023,11705400,11705800,2.0000,0.341723
772,41210880634223,11:26:50,41220000507345,9119873122,196,50,526,2928,11705800,11707000,6.0000,1.025133
773,41220000507345,11:27:00,41235325977023,15325469678,168,50,-423,1825,11707000,11704700,-11.5000,-1.964637
774,41235325977023,11:27:15,41249801999665,14476022642,239,50,1079,4003,11704700,11707200,12.5000,2.135894
775,41249801999665,11:27:29,41268569516000,18767516335,298,50,225,5295,11707200,11709400,11.0000,1.879185
776,41268569516000,11:27:48,41290109427914,21539911914,238,50,52,3460,11709400,11708400,-5.0000,-0.854015
777,41290109427914,11:28:10,41312530610975,22421183061,253,50,848,9576,11708400,11709500,5.5000,0.939496
778,41312530610975,11:28:32,41335187998865,22657387890,192,50,327,1939,11709500,11711100,8.0000,1.366412
779,41335187998865,11:28:55,41344528444487,9340445622,179,50,552,2548,11711100,11711300,1.0000,0.170778
780,41344528444487,11:29:04,41356149401718,11620957231,167,50,-55,3251,11711300,11709800,-7.5000,-1.280814
781,41356149401718,11:29:16,41390053980158,33904578440,164,50,-196,3354,11709800,11710000,1.0000,0.170797
782,41390053980158,11:29:50,41401418919354,11364939196,278,50,79,2077,11710000,11709500,-2.5000,-0.426985
783,41401418919354,11:30:01,41409160556944,7741637590,181,50,-240,1792,11709500,11708900,-3.0000,-0.512404
784,41409160556944,11:30:09,41427360129034,18199572090,217,50,-604,3266,11708900,11708700,-1.0000,-0.170810
785,41427360129034,11:30:27,41433022260596,5662131562,164,50,-638,3098,11708700,11708900,1.0000,0.170813
786,41433022260596,11:30:33,41462380094872,29357834276,203,50,205,5401,11708900,11709200,1.5000,0.256215
787,41462380094872,11:31:02,41503265663723,40885568851,228,50,-1896,4714,11709200,11705400,-19.0000,-3.245311
788,41503265663723,11:31:43,41517750916378,14485252655,180,50,480,4122,11705400,11706200,4.0000,0.683445
789,41517750916378,11:31:57,41550509725109,32758808731,159,50,-267,5005,11706200,11707600,7.0000,1.195947
790,41550509725109,11:32:30,41561118009491,10608284382,131,50,-28,3276,11707600,11707200,-2.0000,-0.341658
791,41561118009491,11:32:41,41585459573530,24341564039,209,50,325,4231,11707200,11706300,-4.5000,-0.768758
792,41585459573530,11:33:05,41603814704380,18355130850,151,50,-279,3653,11706300,11705000,-6.5000,-1.110513
793,41603814704380,11:33:23,41606341802372,2527097992,112,50,-1247,4501,11705000,11703800,-6.0000,-1.025203
794,41606341802372,11:33:26,41607410637023,1068834651,104,50,-429,4517,11703800,11702400,-7.0000,-1.196193
795,41607410637023,11:33:27,41610172010668,2761373645,119,50,-518,4360,11702400,11702400,0.0000,0.000000
796,41610172010668,11:33:30,41612152370204,1980359536,141,50,-83,3507,11702400,11703000,3.0000,0.512715
797,41612152370204,11:33:32,41618516769620,6364399416,173,50,189,3021,11703000,11703400,2.0000,0.341793
798,41618516769620,11:33:38,41624471127809,5954358189,149,50,-36,3088,11703400,11703600,1.0000,0.170891
799,41624471127809,11:33:44,41626394725353,1923597544,91,50,-1706,8702,11703600,11702300,-6.5000,-1.110769
800,41626394725353,11:33:46,41628317134611,1922409258,63,50,637,7301,11702300,11702400,0.5000,0.085453
801,41628317134611,11:33:48,41637860535849,9543401238,164,50,-2741,7071,11702400,11700800,-8.0000,-1.367241
802,41637860535849,11:33:57,41638136113584,275577735,84,50,-4277,4791,11700800,11698600,-11.0000,-1.880213
803,41638136113584,11:33:58,41641459678901,3323565317,128,50,-3186,6574,11698600,11696400,-11.0000,-1.880567
804,41641459678901,11:34:01,41649165692562,7706013661,156,50,-3141,5621,11696400,11694700,-8.5000,-1.453439
805,41649165692562,11:34:09,41662039716094,12874023532,214,50,890,5214,11694700,11697000,11.5000,1.966703
806,41662039716094,11:34:22,41671337720708,9298004614,170,50,-338,3902,11697000,11696900,-0.5000,-0.085492
807,41671337720708,11:34:31,41686171069405,14833348697,277,50,-668,3578,11696900,11696100,-4.0000,-0.683942
808,41686171069405,11:34:46,41707860145876,21689076471,268,50,611,4003,11696100,11698300,11.0000,1.880969
809,41707860145876,11:35:07,41708545539739,685393863,119,50,413,6377,11698300,11699000,3.5000,0.598378
810,41708545539739,11:35:08,41717183856558,8638316819,105,50,-60,4860,11699000,11698300,-3.5000,-0.598342
811,41717183856558,11:35:17,41719145065453,1961208895,85,50,-550,4950,11698300,11696500,-9.0000,-1.538685
812,41719145065453,11:35:19,41726874931001,7729865548,153,50,-796,4388,11696500,11694600,-9.5000,-1.624418
813,41726874931001,11:35:26,41727333420189,458489188,97,50,230,4302,11694600,11696100,7.5000,1.282643
814,41727333420189,11:35:27,41731949749579,4616329390,148,50,-473,3421,11696100,11695000,-5.5000,-0.940484
815,41731949749579,11:35:31,41734475451327,2525701748,175,50,-1837,3395,11695000,11691500,-17.5000,-2.992732
816,41734475451327,11:35:34,41738452536593,3977085266,198,50,-562,2610,11691500,11691500,0.0000,0.000000
817,41738452536593,11:35:38,41742437231982,3984695389,202,50,-1537,5165,11691500,11690900,-3.0000,-0.513193
818,41742437231982,11:35:42,41748738114011,6300882029,122,50,966,4682,11690900,11691100,1.0000,0.171073
819,41748738114011,11:35:48,41754272398871,5534284860,258,50,725,3509,11691100,11691900,4.0000,0.684281
820,41754272398871,11:35:54,41759286990195,5014591324,187,50,-1109,3045,11691900,11691900,0.0000,0.000000
821,41759286990195,11:35:59,41760832345378,1545355183,155,50,574,1994,11691900,11693600,8.5000,1.453998
822,41760832345378,11:36:00,41762593404517,1761059139,114,50,-703,4069,11693600,11693200,-2.0000,-0.342067
823,41762593404517,11:36:02,41764989099682,2395695165,162,50,-236,3792,11693200,11691500,-8.5000,-1.453836
824,41764989099682,11:36:04,41771044612533,6055512851,182,50,89,3825,11691500,11692600,5.5000,0.940854
825,41771044612533,11:36:11,41780331326347,9286713814,150,50,-541,3909,11692600,11693300,3.5000,0.598669
826,41780331326347,11:36:20,41789606426301,9275099954,117,50,-652,2694,11693300,11691400,-9.5000,-1.624862
827,41789606426301,11:36:29,41808689353353,19082927052,198,50,271,3775,11691400,11691500,0.5000,0.085533
828,41808689353353,11:36:48,41817433385854,8744032501,183,50,134,3922,11691500,11692600,5.5000,0.940854
829,41817433385854,11:36:57,41830512737396,13079351542,251,50,827,3693,11692600,11696600,20.0000,3.420967
830,41830512737396,11:37:10,41848045063431,17532326035,200,50,-2,3942,11696600,11698200,8.0000,1.367919
831,41848045063431,11:37:28,41879232336851,31187273420,268,50,-381,4441,11698200,11697300,-4.5000,-0.769349
832,41879232336851,11:37:59,41889150775425,9918438574,105,50,-143,2831,11697300,11696400,-4.5000,-0.769408
833,41889150775425,11:38:09,41915515131394,26364355969,173,50,876,2966,11696400,11697700,6.5000,1.111453
834,41915515131394,11:38:35,41925146996775,9631865381,236,50,1107,4911,11697700,11702800,25.5000,4.359831
835,41925146996775,11:38:45,41931293853474,6146856699,242,50,-700,3250,11702800,11699100,-18.5000,-3.161637
836,41931293853474,11:38:51,41942857552321,11563698847,181,50,682,4054,11699100,11702400,16.5000,2.820730
837,41942857552321,11:39:02,41958480445011,15622892690,242,50,745,4175,11702400,11703500,5.5000,0.939978
838,41958480445011,11:39:18,41967848307469,9367862458,197,50,1536,4840,11703500,11705000,7.5000,1.281668
839,41967848307469,11:39:27,41988876453205,21028145736,255,50,-451,4079,11705000,11703000,-10.0000,-1.708672
840,41988876453205,11:39:48,42014795717294,25919264089,414,50,-993,3333,11703000,11699800,-16.0000,-2.734342
841,42014795717294,11:40:14,42029629989019,14834271725,206,50,-433,1537,11699800,11699800,0.0000,0.000000
842,42029629989019,11:40:29,42047336805065,17706816046,235,50,-2078,3508,11699800,11696100,-18.5000,-3.162447
843,42047336805065,11:40:47,42047599984290,263179225,114,50,-277,3443,11696100,11695800,-1.5000,-0.256496
844,42047599984290,11:40:47,42048479680012,879695722,123,50,-1243,5411,11695800,11693200,-13.0000,-2.223020
845,42048479680012,11:40:48,42053105085717,4625405705,278,50,581,2233,11693200,11695100,9.5000,1.624876
846,42053105085717,11:40:53,42063245759819,10140674102,166,50,-174,2128,11695100,11695000,-0.5000,-0.085506
847,42063245759819,11:41:03,42080027526626,16781766807,168,50,196,2196,11695000,11696300,6.5000,1.111586
848,42080027526626,11:41:20,42081734808780,1707282154,273,50,545,3459,11696300,11698900,13.0000,2.222925
849,42081734808780,11:41:21,42091936684700,10201875920,153,50,-127,2683,11698900,11696500,-12.0000,-2.051475
850,42091936684700,11:41:31,42105648005911,13711321211,175,50,-80,2440,11696500,11695900,-3.0000,-0.512974
851,42105648005911,11:41:45,42118208431773,12560425862,120,50,-1005,6923,11695900,11698000,10.5000,1.795501
852,42118208431773,11:41:58,42135207611771,16999179998,153,50,-1974,3910,11698000,11694500,-17.5000,-2.991964
853,42135207611771,11:42:15,42139199460202,3991848431,120,50,-2407,10617,11694500,11696700,11.0000,1.881226
854,42139199460202,11:42:19,42158517482401,19318022199,193,50,861,3023,11696700,11697200,2.5000,0.427471
855,42158517482401,11:42:38,42185768295780,27250813379,145,50,570,2394,11697200,11698200,5.0000,0.854905
856,42185768295780,11:43:05,42197545028088,11776732308,219,50,-1827,2889,11698200,11694300,-19.5000,-3.333846
857,42197545028088,11:43:17,42203622652490,6077624402,166,50,-681,2093,11694300,11692400,-9.5000,-1.624723
858,42203622652490,11:43:23,42225464121739,21841469249,238,50,-382,1850,11692400,11692100,-1.5000,-0.256577
859,42225464121739,11:43:45,42255565587389,30101465650,210,50,1473,2961,11692100,11696800,23.5000,4.019808
860,42255565587389,11:44:15,42265259300120,9693712731,198,50,-274,1636,11696800,11693800,-15.0000,-2.564804
861,42265259300120,11:44:25,42268250370711,2991070591,148,50,-1393,2409,11693800,11691300,-12.5000,-2.137885
862,42268250370711,11:44:28,42272092117897,3841747186,113,50,-875,2947,11691300,11691800,2.5000,0.427668
863,42272092117897,11:44:32,42278608797606,6516679709,292,50,630,3296,11691800,11693500,8.5000,1.454011
864,42278608797606,11:44:38,42291914437723,13305640117,183,50,-159,7951,11693500,11692100,-7.0000,-1.197246
865,42291914437723,11:44:51,42304786312688,12871874965,292,50,138,3590,11692100,11695700,18.0000,3.079002
866,42304786312688,11:45:04,42309334678228,4548365540,140,50,404,3000,11695700,11696300,3.0000,0.513009
867,42309334678228,11:45:09,42319006783543,9672105315,162,50,1002,3184,11696300,11698400,10.5000,1.795440
868,42319006783543,11:45:19,42326591971491,7585187948,129,50,-339,5749,11698400,11697600,-4.0000,-0.683854
869,42326591971491,11:45:26,42334386242505,7794271014,167,50,924,3616,11697600,11700400,14.0000,2.393653
870,42334386242505,11:45:34,42351371224428,16984981923,251,50,1297,4587,11700400,11704700,21.5000,3.675088
871,42351371224428,11:45:51,42359107930975,7736706547,164,50,-969,4241,11704700,11701800,-14.5000,-2.477637
872,42359107930975,11:45:59,42404985080102,45877149127,332,50,629,4127,11701800,11700200,-8.0000,-1.367311
873,42404985080102,11:46:44,42413941923897,8956843795,180,50,205,3905,11700200,11702000,9.0000,1.538435
874,42413941923897,11:46:53,42414019640869,77716972,126,50,-1290,6358,11702000,11698100,-19.5000,-3.332764
875,42414019640869,11:46:54,42423349732536,9330091667,211,50,1211,2135,11698100,11704100,30.0000,5.129038
876,42423349732536,11:47:03,42449607609146,26257876610,270,50,-1315,3275,11704100,11702400,-8.5000,-1.452482
877,42449607609146,11:47:29,42470317580223,20709971077,164,50,-224,940,11702400,11702300,-0.5000,-0.085453
878,42470317580223,11:47:50,42491135898049,20818317826,198,50,-208,2758,11702300,11701700,-3.0000,-0.512720
879,42491135898049,11:48:11,42500418233500,9282335451,133,50,1537,5661,11701700,11703100,7.0000,1.196407
880,42500418233500,11:48:20,42521409495245,20991261745,166,50,130,7340,11703100,11703100,0.0000,0.000000
881,42521409495245,11:48:41,42542701377782,21291882537,195,50,-746,2144,11703100,11699800,-16.5000,-2.819766
882,42542701377782,11:49:02,42561810406769,19109028987,202,50,-44,4980,11699800,11699300,-2.5000,-0.427358
883,42561810406769,11:49:21,42576045656921,14235250152,222,50,-812,3664,11699300,11694500,-24.0000,-4.102810
884,42576045656921,11:49:36,42597005727795,20960070874,147,50,885,3143,11694500,11695000,2.5000,0.427551
885,42597005727795,11:49:57,42613542611052,16536883257,214,50,579,1847,11695000,11696900,9.5000,1.624626
886,42613542611052,11:50:13,42636252594326,22709983274,188,50,531,2059,11696900,11698500,8.0000,1.367884
887,42636252594326,11:50:36,42653207197529,16954603203,366,50,321,2355,11698500,11697800,-3.5000,-0.598367
888,42653207197529,11:50:53,42690481926462,37274728933,238,50,-504,1408,11697800,11696000,-9.0000,-1.538751
889,42690481926462,11:51:30,42701940028681,11458102219,180,50,-1264,3458,11696000,11694300,-8.5000,-1.453488
890,42701940028681,11:51:41,42736742213777,34802185096,241,50,1944,3996,11694300,11698000,18.5000,3.163935
891,42736742213777,11:52:16,42740937380362,4195166585,177,50,-697,5327,11698000,11698200,1.0000,0.170969
892,42740937380362,11:52:20,42750958323685,10020943323,134,50,964,5056,11698200,11700900,13.5000,2.308047
893,42750958323685,11:52:30,42782225572126,31267248441,282,50,1821,4887,11700900,11706200,26.5000,4.529566
894,42782225572126,11:53:02,42789275095933,7049523807,142,50,303,4653,11706200,11706700,2.5000,0.427124
895,42789275095933,11:53:09,42799189869837,9914773904,248,50,-2219,3567,11706700,11703200,-17.5000,-2.989741
896,42799189869837,11:53:19,42820705053256,21515183419,260,50,253,3625,11703200,11703600,2.0000,0.341787
897,42820705053256,11:53:40,42850781332632,30076279376,251,50,-1132,5222,11703600,11703500,-0.5000,-0.085444
898,42850781332632,11:54:10,42864098694314,13317361682,161,50,-2306,4758,11703500,11701600,-9.5000,-1.623446
899,42864098694314,11:54:24,42870278615797,6179921483,109,50,-2083,4717,11701600,11699900,-8.5000,-1.452793
900,42870278615797,11:54:30,42876134064682,5855448885,225,50,-1654,4320,11699900,11697400,-12.5000,-2.136770
901,42876134064682,11:54:36,42890924976233,14790911551,263,50,-1021,3745,11697400,11693900,-17.5000,-2.992118
902,42890924976233,11:54:50,42891107274534,182298301,101,50,-438,4718,11693900,11693100,-4.0000,-0.684117
903,42891107274534,11:54:51,42898668174565,7560900031,211,50,38,4250,11693100,11695300,11.0000,1.881451
904,42898668174565,11:54:58,42903315796102,4647621537,210,50,-3510,5050,11695300,11689500,-29.0000,-4.959257
905,42903315796102,11:55:03,42915076950784,11761154682,472,50,-3491,5815,11689500,11690000,2.5000,0.427734
906,42915076950784,11:55:15,42918373392870,3296442086,169,50,-271,4015,11690000,11689700,-1.5000,-0.256630
907,42918373392870,11:55:18,42927816414800,9443021930,154,50,-90,3342,11689700,11689400,-1.5000,-0.256636
908,42927816414800,11:55:27,42932650047605,4833632805,228,50,2678,4514,11689400,11695700,31.5000,5.389498
909,42932650047605,11:55:32,42943105266042,10455218437,225,50,-518,2474,11695700,11692800,-14.5000,-2.479544
910,42943105266042,11:55:43,42956828354863,13723088821,168,50,-147,1733,11692800,11692600,-1.0000,-0.171045
911,42956828354863,11:55:56,42998456581486,41628226623,238,50,1698,5408,11692600,11694700,10.5000,1.796008
912,42998456581486,11:56:38,43007295408224,8838826738,221,50,1298,2992,11694700,11699300,23.0000,3.933406
913,43007295408224,11:56:47,43021919784725,14624376501,173,50,-569,3139,11699300,11699900,3.0000,0.512851
914,43021919784725,11:57:01,43036214798439,14295013714,170,50,-313,2469,11699900,11698700,-6.0000,-1.025650
915,43036214798439,11:57:16,43054302996365,18088197926,185,50,263,1545,11698700,11699400,3.5000,0.598357
916,43054302996365,11:57:34,43067630890604,13327894239,150,50,-226,1830,11699400,11699400,0.0000,0.000000
917,43067630890604,11:57:47,43087040106657,19409216053,180,50,-1403,2679,11699400,11696000,-17.0000,-2.906132
918,43087040106657,11:58:07,43092456232049,5416125392,215,50,-776,2280,11696000,11694600,-7.0000,-1.196990
919,43092456232049,11:58:12,43102076082972,9619850923,181,50,177,2325,11694600,11695800,6.0000,1.026115
920,43102076082972,11:58:22,43130869496068,28793413096,190,50,66,2640,11695800,11697700,9.5000,1.624515
921,43130869496068,11:58:50,43173252128127,42382632059,187,50,-1115,3309,11697700,11696500,-6.0000,-1.025843
922,43173252128127,11:59:33,43221142589574,47890461447,203,50,1027,3853,11696500,11698600,10.5000,1.795409
923,43221142589574,12:00:21,43228315193388,7172603814,161,50,1547,5403,11698600,11704100,27.5000,4.701417
924,43228315193388,12:00:28,43231511381111,3196187723,127,50,316,2778,11704100,11703000,-5.5000,-0.939842
925,43231511381111,12:00:31,43258156508639,26645127528,231,50,-630,2612,11703000,11700600,-12.0000,-2.050756
926,43258156508639,12:00:58,43274569335161,16412826522,232,50,-1352,2302,11700600,11696500,-20.5000,-3.504094
927,43274569335161,12:01:14,43288371042650,13801707489,238,50,-999,2213,11696500,11693300,-16.0000,-2.735861
928,43288371042650,12:01:28,43298528384350,10157341700,126,50,569,6457,11693300,11695700,12.0000,2.052457
929,43298528384350,12:01:38,43312853624733,14325240383,256,50,1510,3944,11695700,11698400,13.5000,2.308541
930,43312853624733,12:01:52,43318626053108,5772428375,151,50,-348,3920,11698400,11696700,-8.5000,-1.453190
931,43318626053108,12:01:58,43334454920680,15828867572,133,50,518,2578,11696700,11698000,6.5000,1.111425
932,43334454920680,12:02:14,43366287207551,31832286871,173,50,-330,2370,11698000,11696900,-5.5000,-0.940332
933,43366287207551,12:02:46,43384482851160,18195643609,232,50,-799,2305,11696900,11693500,-17.0000,-2.906753
934,43384482851160,12:03:04,43388558944526,4076093366,160,50,-1370,4170,11693500,11691000,-12.5000,-2.137940
935,43388558944526,12:03:08,43391225312615,2666368089,142,50,-2000,4800,11691000,11689100,-9.5000,-1.625182
936,43391225312615,12:03:11,43391583644492,358331877,141,50,-162,3814,11689100,11688600,-2.5000,-0.427749
937,43391583644492,12:03:11,43394518843425,2935198933,145,50,-2958,4862,11688600,11686400,-11.0000,-1.882176
938,43394518843425,12:03:14,43396703952297,2185108872,215,50,-2647,4455,11686400,11683500,-14.5000,-2.481517
939,43396703952297,12:03:16,43410531535558,13827583261,181,50,337,3999,11683500,11685100,8.0000,1.369453
940,43410531535558,12:03:30,43420420549703,9889014145,168,50,-1687,5487,11685100,11683600,-7.5000,-1.283686
941,43420420549703,12:03:40,43432373282569,11952732866,168,50,-178,3930,11683600,11682300,-6.5000,-1.112671
942,43432373282569,12:03:52,43434924117982,2550835413,163,50,24,4034,11682300,11683000,3.5000,0.599197
943,43434924117982,12:03:54,43438162360740,3238242758,174,50,-2966,4376,11683000,11681100,-9.5000,-1.626295
944,43438162360740,12:03:58,43438455911782,293551042,56,50,-2272,5018,11681100,11681100,0.0000,0.000000
945,43438455911782,12:03:58,43438750042513,294130731,144,50,-2310,4442,11681100,11676900,-21.0000,-3.595552
946,43438750042513,12:03:58,43444368357960,5618315447,244,50,-600,4588,11676900,11675100,-9.0000,-1.541505
947,43444368357960,12:04:04,43449000709103,4632351143,271,50,1366,4256,11675100,11681000,29.5000,5.053490
948,43449000709103,12:04:09,43453505820928,4505111825,287,50,-681,4217,11681000,11680300,-3.5000,-0.599264
949,43453505820928,12:04:13,43457124397475,3618576547,67,50,474,4926,11680300,11680700,2.0000,0.342457
950,43457124397475,12:04:17,43469336045020,12211647545,260,50,-513,4001,11680700,11679200,-7.5000,-1.284170
951,43469336045020,12:04:29,43493918030577,24581985557,211,50,1026,4596,11679200,11681600,12.0000,2.054935
952,43493918030577,12:04:53,43516685615734,22767585157,240,50,-71,2767,11681600,11679800,-9.0000,-1.540885
953,43516685615734,12:05:16,43537740890415,21055274681,357,50,517,3677,11679800,11681900,10.5000,1.797976
954,43537740890415,12:05:37,43553287745975,15546855560,193,50,268,5584,11681900,11680900,-5.0000,-0.856025
955,43553287745975,12:05:53,43563932589063,10644843088,195,50,-1524,4976,11680900,11679200,-8.5000,-1.455367
956,43563932589063,12:06:03,43570379883720,6447294657,320,50,-520,4462,11679200,11682000,14.0000,2.397424
957,43570379883720,12:06:10,43589984102409,19604218689,568,50,-954,5942,11682000,11678500,-17.5000,-2.996062
958,43589984102409,12:06:29,43600526599023,10542496614,233,50,1033,4653,11678500,11681600,15.5000,2.654450
959,43600526599023,12:06:40,43622702702835,22176103812,232,50,-786,3100,11681600,11679200,-12.0000,-2.054513
960,43622702702835,12:07:02,43647141679931,24438977096,316,50,-84,4266,11679200,11677900,-6.5000,-1.113090
961,43647141679931,12:07:27,43654773487724,7631807793,284,50,2590,4420,11677900,11684000,30.5000,5.223542
962,43654773487724,12:07:34,43657978962218,3205474494,201,50,-1061,2901,11684000,11680700,-16.5000,-2.824375
963,43657978962218,12:07:37,43674003537250,16024575032,216,50,661,2701,11680700,11682600,9.5000,1.626615
964,43674003537250,12:07:54,43693807475814,19803938564,319,50,1301,2379,11682600,11685300,13.5000,2.311129
965,43693807475814,12:08:13,43736007940033,42200464219,260,50,-1411,4601,11685300,11683700,-8.0000,-1.369242
966,43736007940033,12:08:56,43778660246404,42652306371,310,50,1396,4062,11683700,11684500,4.0000,0.684715
967,43778660246404,12:09:38,43797385554321,18725307917,333,50,-267,3091,11684500,11682100,-12.0000,-2.054003
968,43797385554321,12:09:57,43823118930348,25733376027,184,50,184,1568,11682100,11681800,-1.5000,-0.256803
969,43823118930348,12:10:23,43838247880104,15128949756,192,50,878,1956,11681800,11685300,17.5000,2.996114
970,43838247880104,12:10:38,43862246230332,23998350228,248,50,1343,3169,11685300,11686700,7.0000,1.198086
971,43862246230332,12:11:02,43873556232759,11310002427,145,50,1116,3330,11686700,11689800,15.5000,2.652588
972,43873556232759,12:11:13,43911849278969,38293046210,330,50,-1474,2882,11689800,11685800,-20.0000,-3.421787
973,43911849278969,12:11:51,43957972689459,46123410490,331,50,1046,3176,11685800,11686900,5.5000,0.941313
974,43957972689459,12:12:37,43978702869792,20730180333,199,50,-1339,3431,11686900,11685800,-5.5000,-0.941225
975,43978702869792,12:12:58,44006174660425,27471790633,260,50,-633,1345,11685800,11683400,-12.0000,-2.053775
976,44006174660425,12:13:26,44058989107109,52814446684,215,50,-861,5417,11683400,11679900,-17.5000,-2.995703
977,44058989107109,12:14:18,44061685724715,2696617606,150,50,-2379,3573,11679900,11676700,-16.0000,-2.739749
978,44061685724715,12:14:21,44072957373037,11271648322,292,50,-622,5134,11676700,11677200,2.5000,0.428203
979,44072957373037,12:14:32,44107846285790,34888912753,316,50,-1029,2435,11677200,11676500,-3.5000,-0.599459
980,44107846285790,12:15:07,44120288730705,12442444915,162,50,1008,2894,11676500,11678400,9.5000,1.627200
981,44120288730705,12:15:20,44128817891554,8529160849,173,50,165,4381,11678400,11678000,-2.0000,-0.342513
982,44128817891554,12:15:28,44155188378972,26370487418,241,50,113,3251,11678000,11679200,6.0000,1.027573
983,44155188378972,12:15:55,44166097349085,10908970113,189,50,-1263,2067,11679200,11677600,-8.0000,-1.369957
984,44166097349085,12:16:06,44193531686246,27434337161,213,50,-731,3531,11677600,11675000,-13.0000,-2.226485
985,44193531686246,12:16:33,44194143338838,611652592,157,50,657,6125,11675000,11673400,-8.0000,-1.370450
986,44194143338838,12:16:34,44195490244377,1346905539,283,50,2036,3536,11673400,11679000,28.0000,4.797231
987,44195490244377,12:16:35,44217537995385,22047751008,373,50,1019,3699,11679000,11678900,-0.5000,-0.085624
988,44217537995385,12:16:57,44251507484630,33969489245,172,50,95,2743,11678900,11680200,6.5000,1.113119
989,44251507484630,12:17:31,44283274979575,31767494945,252,50,1314,2224,11680200,11683300,15.5000,2.654064
990,44283274979575,12:18:03,44292737151721,9462172146,233,50,-92,3186,11683300,11684300,5.0000,0.855923
991,44292737151721,12:18:12,44316771374322,24034222601,346,50,-547,2231,11684300,11682800,-7.5000,-1.283774
992,44316771374322,12:18:36,44334060641318,17289266996,209,50,-892,3534,11682800,11679900,-14.5000,-2.482282
993,44334060641318,12:18:54,44385669490809,51608849491,283,50,480,2884,11679900,11681700,9.0000,1.541109
994,44385669490809,12:19:45,44412279830587,26610339778,314,50,552,3004,11681700,11685000,16.5000,2.824931
995,44412279830587,12:20:12,44437512036210,25232205623,422,50,-582,3664,11685000,11683400,-8.0000,-1.369277
996,44437512036210,12:20:37,44452519239610,15007203400,222,50,7,5109,11683400,11683000,-2.0000,-0.342366
997,44452519239610,12:20:52,44472244135055,19724895445,250,50,-3550,6064,11683000,11681200,-9.0000,-1.540700
998,44472244135055,12:21:12,44494106446738,21862311683,253,50,-769,2713,11681200,11679700,-7.5000,-1.284115
999,44494106446738,12:21:34,44499560408096,5453961358,220,50,117,3167,11679700,11678000,-8.5000,-1.455517
1000,44499560408096,12:21:39,44504632821497,5072413401,161,50,582,4032,11678000,11677200,-4.0000,-0.685049
1001,44504632821497,12:21:44,44508288864067,3656042570,188,50,-446,3154,11677200,11676400,-4.0000,-0.685096
1002,44508288864067,12:21:48,44520551655005,12262790938,307,50,489,1983,11676400,11680500,20.5000,3.511356
1003,44520551655005,12:22:00,44532814737384,12263082379,163,50,215,3909,11680500,11680200,-1.5000,-0.256838
1004,44532814737384,12:22:12,44538524712267,5709974883,141,50,-1364,4806,11680200,11679800,-2.0000,-0.342460
1005,44538524712267,12:22:18,44569222053378,30697341111,242,50,1238,3258,11679800,11681500,8.5000,1.455504
1006,44569222053378,12:22:49,44573166018752,3943965374,181,50,-1984,2856,11681500,11678200,-16.5000,-2.824980
1007,44573166018752,12:22:53,44574106637600,940618848,202,50,-907,3679,11678200,11677200,-5.0000,-0.856296
1008,44574106637600,12:22:54,44602961360951,28854723351,314,50,-1421,3361,11677200,11675300,-9.5000,-1.627102
1009,44602961360951,12:23:22,44609708609971,6747249020,222,50,-1642,4448,11675300,11674500,-4.0000,-0.685207
1010,44609708609971,12:23:29,44623954008494,14245398523,193,50,-6,3834,11674500,11672100,-12.0000,-2.055763
1011,44623954008494,12:23:43,44627304104041,3350095547,141,50,-336,3220,11672100,11673300,6.0000,1.028093
1012,44627304104041,12:23:47,44639762985060,12458881019,164,50,-1816,4070,11673300,11671800,-7.5000,-1.284984
1013,44639762985060,12:23:59,44642835257809,3072272749,123,50,-498,4158,11671800,11669900,-9.5000,-1.627855
1014,44642835257809,12:24:02,44644241094208,1405836399,163,50,-620,4152,11669900,11669200,-3.5000,-0.599834
1015,44644241094208,12:24:04,44656638123233,12397029025,129,50,301,3509,11669200,11667600,-8.0000,-1.371131
1016,44656638123233,12:24:16,44657246439434,608316201,131,50,-2032,4584,11667600,11665600,-10.0000,-1.714149
1017,44657246439434,12:24:17,44668222554747,10976115313,325,50,407,4785,11665600,11665700,0.5000,0.085722
1018,44668222554747,12:24:28,44686284389827,18061835080,217,50,-330,4694,11665700,11665200,-2.5000,-0.428607
1019,44686284389827,12:24:46,44698543831329,12259441502,250,50,-598,3448,11665200,11664200,-5.0000,-0.857251
1020,44698543831329,12:24:58,44736569943213,38026111884,236,50,258,4364,11664200,11664600,2.0000,0.342930
1021,44736569943213,12:25:36,44756396058472,19826115259,272,50,297,3685,11664600,11666600,10.0000,1.714589
1022,44756396058472,12:25:56,44757027247395,631188923,118,50,-2356,4672,11666600,11661800,-24.0000,-4.114309
1023,44757027247395,12:25:57,44757184982063,157734668,70,50,-932,3760,11661800,11661400,-2.0000,-0.343000
1024,44757184982063,12:25:57,44758332366256,1147384193,96,50,-3172,4356,11661400,11660600,-4.0000,-0.686024
1025,44758332366256,12:25:58,44763551134933,5218768677,211,50,2365,5803,11660600,11663100,12.5000,2.143972
1026,44763551134933,12:26:03,44776069686063,12518551130,254,50,-536,4882,11663100,11661400,-8.5000,-1.457588
1027,44776069686063,12:26:16,44780989328344,4919642281,165,50,-216,11790,11661400,11661600,1.0000,0.171506
1028,44780989328344,12:26:20,44789279513566,8290185222,230,50,-138,6734,11661600,11661300,-1.5000,-0.257255
1029,44789279513566,12:26:29,44798805975038,9526461472,204,50,-2798,5960,11661300,11661700,2.0000,0.343015
1030,44798805975038,12:26:38,44818981511397,20175536359,287,50,1094,6818,11661700,11662100,2.0000,0.343003
1031,44818981511397,12:26:58,44833325373962,14343862565,220,50,-2110,3848,11662100,11660700,-7.0000,-1.200470
1032,44833325373962,12:27:13,44852460672499,19135298537,231,50,-528,9226,11660700,11661000,1.5000,0.257274
1033,44852460672499,12:27:32,44853404841049,944168550,124,50,-4758,6450,11661000,11659100,-9.5000,-1.629363
1034,44853404841049,12:27:33,44853996060888,591219839,198,50,-2969,4397,11659100,11655700,-17.0000,-2.916177
1035,44853996060888,12:27:33,44859042289602,5046228714,181,50,1688,5260,11655700,11657100,7.0000,1.201129
1036,44859042289602,12:27:39,44872563242756,13520953154,160,50,-454,4394,11657100,11656100,-5.0000,-0.857846
1037,44872563242756,12:27:52,44891961343521,19398100765,205,50,-635,3901,11656100,11655800,-1.5000,-0.257376
1038,44891961343521,12:28:11,44895848476245,3887132724,217,50,2506,4256,11655800,11661300,27.5000,4.718681
1039,44895848476245,12:28:15,44915628394204,19779917959,319,50,-26,3954,11661300,11660700,-3.0000,-0.514522
1040,44915628394204,12:28:35,44922322335800,6693941596,173,50,-1167,3739,11660700,11659500,-6.0000,-1.029098
1041,44922322335800,12:28:42,44940523059602,18200723802,254,50,-1323,3795,11659500,11655500,-20.0000,-3.430679
1042,44940523059602,12:29:00,44951934033415,11410973813,252,50,-6,3602,11655500,11654600,-4.5000,-0.772168
1043,44951934033415,12:29:11,44963739780188,11805746773,278,50,-438,3764,11654600,11654400,-1.0000,-0.171606
1044,44963739780188,12:29:23,44968035567759,4295787571,182,50,-1301,8179,11654400,11653200,-6.0000,-1.029654
1045,44968035567759,12:29:28,44979231357342,11195789583,246,50,-1589,3233,11653200,11650100,-15.5000,-2.660214
1046,44979231357342,12:29:39,44983428232969,4196875627,209,50,-691,4279,11650100,11650100,0.0000,0.000000
1047,44983428232969,12:29:43,44998324492360,14896259391,401,50,1265,4223,11650100,11653800,18.5000,3.175938
1048,44998324492360,12:29:58,45001676837683,3352345323,170,50,-309,4617,11653800,11652000,-9.0000,-1.544561
1049,45001676837683,12:30:01,45008142958157,6466120474,150,50,-1214,4202,11652000,11652600,3.0000,0.514933
1050,45008142958157,12:30:08,45011969302515,3826344358,139,50,785,5827,11652600,11652600,0.0000,0.000000
1051,45011969302515,12:30:11,45022867220905,10897918390,266,50,406,3284,11652600,11652900,1.5000,0.257453
1052,45022867220905,12:30:22,45032701415774,9834194869,240,50,718,3390,11652900,11657200,21.5000,3.690069
1053,45032701415774,12:30:32,45047986737840,15285322066,170,50,424,2312,11657200,11657800,3.0000,0.514703
1054,45047986737840,12:30:47,45058571296562,10584558722,257,50,-455,2783,11657800,11656200,-8.0000,-1.372472
1055,45058571296562,12:30:58,45074375495878,15804199316,275,50,865,3011,11656200,11660200,20.0000,3.431650
1056,45074375495878,12:31:14,45078297873058,3922377180,178,50,1114,4342,11660200,11661000,4.0000,0.686095
1057,45078297873058,12:31:18,45084618627147,6320754089,218,50,273,3727,11661000,11662700,8.5000,1.457851
1058,45084618627147,12:31:24,45098424551396,13805924249,366,50,92,3772,11662700,11661800,-4.5000,-0.771691
1059,45098424551396,12:31:38,45123655998473,25231447077,244,50,1214,3316,11661800,11665300,17.5000,3.001252
1060,45123655998473,12:32:03,45161661689756,38005691283,312,50,-801,3393,11665300,11662300,-15.0000,-2.571730
1061,45161661689756,12:32:41,45197363184498,35701494742,221,50,-117,2923,11662300,11662700,2.0000,0.342986
1062,45197363184498,12:33:17,45224651240411,27288055913,226,50,-532,2924,11662700,11663200,2.5000,0.428717
1063,45224651240411,12:33:44,45242002379370,17351138959,223,50,-1068,3956,11663200,11661800,-7.0000,-1.200357
1064,45242002379370,12:34:02,45259971531623,17969152253,214,50,-1141,4199,11661800,11659500,-11.5000,-1.972251
1065,45259971531623,12:34:19,45284148858814,24177327191,176,50,1934,3802,11659500,11661400,9.5000,1.629572
1066,45284148858814,12:34:44,45327605630082,43456771268,260,50,-1617,3673,11661400,11659000,-12.0000,-2.058072
1067,45327605630082,12:35:27,45350831195446,23225565364,254,50,1212,4062,11659000,11661500,12.5000,2.144266
1068,45350831195446,12:35:50,45375424322024,24593126578,371,50,-1761,3275,11661500,11657700,-19.0000,-3.258586
1069,45375424322024,12:36:15,45416881752851,41457430827,330,50,324,4748,11657700,11660700,15.0000,2.573406
1070,45416881752851,12:36:56,45467723151867,50841399016,326,50,-146,3732,11660700,11661000,1.5000,0.257274
1071,45467723151867,12:37:47,45483416229408,15693077541,151,50,-917,5153,11661000,11660300,-3.5000,-0.600292
1072,45483416229408,12:38:03,45504744319407,21328089999,193,50,-3351,4901,11660300,11658600,-8.5000,-1.457938
1073,45504744319407,12:38:24,45505625421446,881102039,126,50,-1862,4766,11658600,11654300,-21.5000,-3.688264
1074,45505625421446,12:38:25,45517136864153,11511442707,209,50,1275,3995,11654300,11657900,18.0000,3.088989
1075,45517136864153,12:38:37,45551173936267,34037072114,389,50,-456,3444,11657900,11658000,0.5000,0.085779
1076,45551173936267,12:39:11,45585729226719,34555290452,156,50,-313,3667,11658000,11658600,3.0000,0.514668
1077,45585729226719,12:39:45,45601120217875,15390991156,178,50,-456,3132,11658600,11658200,-2.0000,-0.343094
1078,45601120217875,12:40:01,45612537560412,11417342537,238,50,-1046,3102,11658200,11655100,-15.5000,-2.659073
1079,45612537560412,12:40:12,45643787304588,31249744176,158,50,-752,4668,11655100,11654400,-3.5000,-0.600595
1080,45643787304588,12:40:43,45650166220083,6378915495,155,50,-682,3588,11654400,11654800,2.0000,0.343218
1081,45650166220083,12:40:50,45654362436930,4196216847,154,50,-879,3513,11654800,11654900,0.5000,0.085802
1082,45654362436930,12:40:54,45659320841147,4958404217,168,50,-1214,3986,11654900,11656700,9.0000,1.544415
1083,45659320841147,12:40:59,45674538708236,15217867089,212,50,134,4146,11656700,11656000,-3.5000,-0.600513
1084,45674538708236,12:41:14,45694350850103,19812141867,265,50,337,2307,11656000,11655400,-3.0000,-0.514756
1085,45694350850103,12:41:34,45719445652676,25094802573,262,50,-858,3526,11655400,11653800,-8.0000,-1.372754
1086,45719445652676,12:41:59,45750275976683,30830324007,394,50,1850,4106,11653800,11657900,20.5000,3.518166
1087,45750275976683,12:42:30,45777181452670,26905475987,281,50,1413,3845,11657900,11661500,18.0000,3.088035
1088,45777181452670,12:42:57,45798335984756,21154532086,239,50,-1122,3528,11661500,11658500,-15.0000,-2.572568
1089,45798335984756,12:43:18,45834242019425,35906034669,223,50,-79,3829,11658500,11657500,-5.0000,-0.857743
1090,45834242019425,12:43:54,45834761795432,519776007,159,50,-1702,2884,11657500,11655200,-11.5000,-1.972979
1091,45834761795432,12:43:54,45834804466308,42670876,99,50,-1408,1634,11655200,11654600,-3.0000,-0.514792
1092,45834804466308,12:43:54,45839286613238,4482146930,139,50,-1104,2220,11654600,11652100,-12.5000,-2.145076
1093,45839286613238,12:43:59,45841262935734,1976322496,193,50,-795,3991,11652100,11651900,-1.0000,-0.171643
1094,45841262935734,12:44:01,45842326089532,1063153798,139,50,-1243,3451,11651900,11650000,-9.5000,-1.630635
1095,45842326089532,12:44:02,45843209098705,883009173,143,50,-1214,3376,11650000,11651100,5.5000,0.944206
1096,45843209098705,12:44:03,45848971590511,5762491806,164,50,-578,3430,11651100,11649200,-9.5000,-1.630747
1097,45848971590511,12:44:08,45883610153295,34638562784,278,50,-49,3547,11649200,11647500,-8.5000,-1.459328
1098,45883610153295,12:44:43,45915164941391,31554788096,264,50,-631,3503,11647500,11647000,-2.5000,-0.429277
1099,45915164941391,12:45:15,45924060647511,8895706120,168,50,1938,3938,11647000,11652200,26.0000,4.464669
1100,45924060647511,12:45:24,45929176600359,5115952848,239,50,1406,3984,11652200,11656100,19.5000,3.347007
1101,45929176600359,12:45:29,45946132941099,16956340740,257,50,473,4285,11656100,11658100,10.0000,1.715840
1102,45946132941099,12:45:46,45947424444973,1291503874,136,50,932,3684,11658100,11661300,16.0000,2.744873
1103,45947424444973,12:45:47,45950697273286,3272828313,165,50,-737,3875,11661300,11659700,-8.0000,-1.372060
1104,45950697273286,12:45:50,45966192827683,15495554397,294,50,392,4256,11659700,11659200,-2.5000,-0.428827
1105,45966192827683,12:46:06,45985595634275,19402806592,239,50,753,3811,11659200,11659500,1.5000,0.257308
1106,45985595634275,12:46:25,46005104191352,19508557077,208,50,657,3551,11659500,11658400,-5.5000,-0.943437
1107,46005104191352,12:46:45,46043904074458,38799883106,256,50,0,3122,11658400,11658700,1.5000,0.257325
1108,46043904074458,12:47:23,46077944927680,34040853222,328,50,-319,3743,11658700,11658100,-3.0000,-0.514637
1109,46077944927680,12:47:57,46090781215586,12836287906,175,50,1841,4811,11658100,11659800,8.5000,1.458214
1110,46090781215586,12:48:10,46121704416882,30923201296,279,50,-145,3749,11659800,11659000,-4.0000,-0.686118
1111,46121704416882,12:48:41,46163287375054,41582958172,236,50,-535,3569,11659000,11658500,-2.5000,-0.428853
1112,46163287375054,12:49:23,46217073789129,53786414075,204,50,-540,3662,11658500,11657000,-7.5000,-1.286615
1113,46217073789129,12:50:17,46226570075636,9496286507,174,50,-745,4019,11657000,11657000,0.0000,0.000000
1114,46226570075636,12:50:26,46237560398595,10990322959,197,50,-4,3594,11657000,11655800,-6.0000,-1.029424
1115,46237560398595,12:50:37,46252928238930,15367840335,231,50,869,3673,11655800,11658300,12.5000,2.144855
1116,46252928238930,12:50:52,46272050568137,19122329207,256,50,-494,2738,11658300,11655800,-12.5000,-2.144395
1117,46272050568137,12:51:12,46300948230949,28897662812,272,50,1128,3576,11655800,11658000,11.0000,1.887472
1118,46300948230949,12:51:40,46329383027173,28434796224,178,50,1527,4497,11658000,11661000,15.0000,2.573340
1119,46329383027173,12:52:09,46335448726031,6065698858,165,50,1626,3690,11661000,11664600,18.0000,3.087214
1120,46335448726031,12:52:15,46339113996172,3665270141,112,50,255,2015,11664600,11663500,-5.5000,-0.943024
1121,46339113996172,12:52:19,46341742538341,2628542169,121,50,1290,1878,11663500,11667300,19.0000,3.258027
1122,46341742538341,12:52:21,46352852566143,11110027802,402,50,153,4303,11667300,11665500,-9.0000,-1.542773
1123,46352852566143,12:52:32,46361931692762,9079126619,162,50,-271,3613,11665500,11665600,0.5000,0.085723
1124,46361931692762,12:52:41,46388761495676,26829802914,197,50,-924,5276,11665600,11663900,-8.5000,-1.457276
1125,46388761495676,12:53:08,46410284253351,21522757675,185,50,2000,10244,11663900,11667000,15.5000,2.657773
1126,46410284253351,12:53:30,46417856075212,7571821861,160,50,1607,4831,11667000,11668600,8.0000,1.371389
1127,46417856075212,12:53:37,46420855405414,2999330202,118,50,1983,3951,11668600,11670600,10.0000,1.714002
1128,46420855405414,12:53:40,46425374824279,4519418865,137,50,1503,4141,11670600,11673900,16.5000,2.827618
1129,46425374824279,12:53:45,46430566765798,5191941519,193,50,710,4114,11673900,11672600,-6.5000,-1.113595
1130,46430566765798,12:53:50,46444841409713,14274643915,252,50,545,3849,11672600,11674200,8.0000,1.370731
1131,46444841409713,12:54:04,46455108249361,10266839648,230,50,-1098,4290,11674200,11671100,-15.5000,-2.655428
1132,46455108249361,12:54:15,46496368879349,41260629988,413,50,576,2808,11671100,11673500,12.0000,2.056361
1133,46496368879349,12:54:56,46515997698954,19628819605,226,50,-851,3489,11673500,11670900,-13.0000,-2.227267
1134,46515997698954,12:55:15,46541387128472,25389429518,280,50,-1230,4342,11670900,11666800,-20.5000,-3.513011
1135,46541387128472,12:55:41,46557006607259,15619478787,280,50,3267,5231,11666800,11671700,24.5000,4.199952
1136,46557006607259,12:55:57,46569915240643,12908633384,202,50,-231,3853,11671700,11668500,-16.0000,-2.741674
1137,46569915240643,12:56:09,46613874610919,43959370276,232,50,60,3352,11668500,11669600,5.5000,0.942709
1138,46613874610919,12:56:53,46646483890750,32609279831,151,50,125,3681,11669600,11667100,-12.5000,-2.142319
1139,46646483890750,12:57:26,46661265337524,14781446774,165,50,-1510,4210,11667100,11662800,-21.5000,-3.685577
1140,46661265337524,12:57:41,46725158760050,63893422526,269,50,346,4056,11662800,11665000,11.0000,1.886339
1141,46725158760050,12:58:45,46744218458055,19059698005,204,50,-1069,4481,11665000,11665100,0.5000,0.085727
1142,46744218458055,12:59:04,46761445138877,17226680822,143,50,983,4119,11665100,11666100,5.0000,0.857258
1143,46761445138877,12:59:21,46799135487121,37690348244,194,50,50,3204,11666100,11664900,-6.0000,-1.028621
1144,46799135487121,12:59:59,46812714968272,13579481151,199,50,495,2625,11664900,11665300,2.0000,0.342909
1145,46812714968272,13:00:12,46851841985342,39127017070,319,50,-358,3576,11665300,11665600,1.5000,0.257173
1146,46851841985342,13:00:51,46893466846979,41624861637,216,50,422,2584,11665600,11667500,9.5000,1.628720
1147,46893466846979,13:01:33,46918317731177,24850884198,194,50,1209,3395,11667500,11669000,7.5000,1.285622
1148,46918317731177,13:01:58,46928333504071,10015772894,256,50,1688,3352,11669000,11672300,16.5000,2.828006
1149,46928333504071,13:02:08,46936962689747,8629185676,213,50,-705,3245,11672300,11670900,-7.0000,-1.199421
1150,46936962689747,13:02:16,46951179026031,14216336284,245,50,82,2132,11670900,11670500,-2.0000,-0.342733
1151,46951179026031,13:02:31,46955650546892,4471520861,208,50,-441,1323,11670500,11670100,-2.0000,-0.342745
1152,46955650546892,13:02:35,46973818878800,18168331908,207,50,126,680,11670100,11669700,-2.0000,-0.342756
1153,46973818878800,13:02:53,46992146050834,18327172034,247,50,404,1182,11669700,11672800,15.5000,2.656452
1154,46992146050834,13:03:12,47004686720897,12540670063,232,50,-780,2932,11672800,11669500,-16.5000,-2.827085
1155,47004686720897,13:03:24,47008744005013,4057284116,138,50,-545,2591,11669500,11669700,1.0000,0.171387
1156,47008744005013,13:03:28,47041644246840,32900241827,257,50,830,1906,11669700,11672800,15.5000,2.656452
1157,47041644246840,13:04:01,47073283956187,31639709347,200,50,106,3440,11672800,11673400,3.0000,0.514015
1158,47073283956187,13:04:33,47101192029983,27908073796,229,50,637,2441,11673400,11674700,6.5000,1.113643
1159,47101192029983,13:05:01,47124297272488,23105242505,147,50,935,3179,11674700,11676400,8.5000,1.456140
1160,47124297272488,13:05:24,47129968350031,5671077543,143,50,1709,2875,11676400,11678700,11.5000,1.969785
1161,47129968350031,13:05:29,47140660094552,10691744521,208,50,3113,9099,11678700,11679300,3.0000,0.513756
1162,47140660094552,13:05:40,47153106133127,12446038575,187,50,306,2088,11679300,11680100,4.0000,0.684973
1163,47153106133127,13:05:53,47160743402466,7637269339,168,50,1247,3429,11680100,11679800,-1.5000,-0.256847
1164,47160743402466,13:06:00,47193285392583,32541990117,203,50,-616,3280,11679800,11678900,-4.5000,-0.770561
1165,47193285392583,13:06:33,47203737429685,10452037102,189,50,-245,2599,11678900,11678500,-2.0000,-0.342498
1166,47203737429685,13:06:43,47220095730464,16358300779,186,50,770,3970,11678500,11680100,8.0000,1.370039
1167,47220095730464,13:07:00,47233661746856,13566016392,179,50,883,3589,11680100,11681000,4.5000,0.770541
1168,47233661746856,13:07:13,47242653623296,8991876440,128,50,631,1885,11681000,11682400,7.0000,1.198528
1169,47242653623296,13:07:22,47253255557621,10601934325,176,50,613,2357,11682400,11684100,8.5000,1.455180
1170,47253255557621,13:07:33,47259150417512,5894859891,154,50,-158,3234,11684100,11683300,-4.0000,-0.684691
1171,47259150417512,13:07:39,47276114667071,16964249559,194,50,1223,3495,11683300,11685400,10.5000,1.797437
1172,47276114667071,13:07:56,47296042434514,19927767443,259,50,-700,5462,11685400,11684200,-6.0000,-1.026922
1173,47296042434514,13:08:16,47330745555172,34703120658,228,50,301,7063,11684200,11683400,-4.0000,-0.684685
1174,47330745555172,13:08:50,47353342220829,22596665657,197,50,-600,5406,11683400,11682400,-5.0000,-0.855915
1175,47353342220829,13:09:13,47375185928615,21843707786,248,50,-1339,5223,11682400,11680000,-12.0000,-2.054372
1176,47375185928615,13:09:35,47387742584930,12556656315,202,50,-712,2948,11680000,11678600,-7.0000,-1.198630
1177,47387742584930,13:09:47,47416417960944,28675376014,191,50,386,4644,11678600,11680200,8.0000,1.370027
1178,47416417960944,13:10:16,47450017810249,33599849305,233,50,1230,2692,11680200,11681300,5.5000,0.941765
1179,47450017810249,13:10:50,47483826010811,33808200562,220,50,-509,3577,11681300,11679800,-7.5000,-1.284104
1180,47483826010811,13:11:23,47492356547240,8530536429,231,50,-832,2384,11679800,11676600,-16.0000,-2.739773
1181,47492356547240,13:11:32,47499816159592,7459612352,215,50,-176,474,11676600,11674400,-11.0000,-1.884110
1182,47499816159592,13:11:39,47511386199455,11570039863,190,50,-152,780,11674400,11676700,11.5000,1.970123
1183,47511386199455,13:11:51,47520287424664,8901225209,178,50,-535,1657,11676700,11673800,-14.5000,-2.483578
1184,47520287424664,13:12:00,47539859214974,19571790310,175,50,-452,2902,11673800,11673400,-2.0000,-0.342648
1185,47539859214974,13:12:19,47568139525172,28280310198,287,50,-513,2761,11673400,11671800,-8.0000,-1.370638
1186,47568139525172,13:12:48,47612821336254,44681811082,353,50,-2557,4137,11671800,11670700,-5.5000,-0.942442
1187,47612821336254,13:13:32,47641663057975,28841721721,270,50,-1306,3086,11670700,11669600,-5.5000,-0.942531
1188,47641663057975,13:14:01,47668789969191,27126911216,280,50,-1020,4302,11669600,11666000,-18.0000,-3.084939
1189,47668789969191,13:14:28,47694645057052,25855087861,224,50,358,2236,11666000,11666300,1.5000,0.257158
1190,47694645057052,13:14:54,47745655516915,51010459863,511,50,1078,2510,11666300,11669900,18.0000,3.085811
1191,47745655516915,13:15:45,47751067933850,5412416935,152,50,216,4258,11669900,11670200,1.5000,0.257072
1192,47751067933850,13:15:51,47768269185981,17201252131,299,50,572,3146,11670200,11672300,10.5000,1.799455
1193,47768269185981,13:16:08,47795859647098,27590461117,274,50,843,3647,11672300,11673500,6.0000,1.028075
1194,47795859647098,13:16:35,47799919216315,4059569217,333,50,726,2738,11673500,11673400,-0.5000,-0.085664
1195,47799919216315,13:16:39,47822620325666,22701109351,320,50,-262,2004,11673400,11671600,-9.0000,-1.541967
1196,47822620325666,13:17:02,47838333183897,15712858231,195,50,-1928,6758,11671600,11671000,-3.0000,-0.514068
1197,47838333183897,13:17:18,47860014961290,21681777393,185,50,378,2840,11671000,11672100,5.5000,0.942507
1198,47860014961290,13:17:40,47887458924166,27443962876,211,50,-456,1860,11672100,11672000,-0.5000,-0.085674
1199,47887458924166,13:18:07,47906709015445,19250091279,235,50,-968,2550,11672000,11670400,-8.0000,-1.370802
1200,47906709015445,13:18:26,47943696730843,36987715398,273,50,-665,2829,11670400,11667300,-15.5000,-2.656293
1201,47943696730843,13:19:03,47967451950811,23755219968,266,50,-660,3680,11667300,11665500,-9.0000,-1.542773
1202,47967451950811,13:19:27,47982045213215,14593262404,194,50,-1705,5293,11665500,11663000,-12.5000,-2.143071
1203,47982045213215,13:19:42,47987412104326,5366891111,128,50,-1102,4326,11663000,11663900,4.5000,0.771671
1204,47987412104326,13:19:47,47992242156135,4830051809,110,50,-1459,3517,11663900,11662900,-5.0000,-0.857346
1205,47992242156135,13:19:52,47997379201726,5137045591,177,50,-4354,4754,11662900,11660100,-14.0000,-2.400775
1206,47997379201726,13:19:57,48001285076842,3905875116,215,50,-2578,4538,11660100,11657600,-12.5000,-2.144064
1207,48001285076842,13:20:01,48018663405500,17378328658,295,50,992,2538,11657600,11661200,18.0000,3.088114
1208,48018663405500,13:20:18,48036975829488,18312423988,273,50,41,3089,11661200,11660800,-2.0000,-0.343018
1209,48036975829488,13:20:36,48067339699178,30363869690,336,50,3490,19052,11660800,11661700,4.5000,0.771817
1210,48067339699178,13:21:07,48077379030830,10039331652,193,50,-777,16267,11661700,11662200,2.5000,0.428754
1211,48077379030830,13:21:17,48110896877620,33517846790,304,50,328,8326,11662200,11664600,12.0000,2.057931
1212,48110896877620,13:21:50,48138511144873,27614267253,163,50,878,4422,11664600,11664900,1.5000,0.257188
1213,48138511144873,13:22:18,48155704430252,17193285379,270,50,166,7666,11664900,11666500,8.0000,1.371636
1214,48155704430252,13:22:35,48170990593642,15286163390,247,50,817,9121,11666500,11666700,1.0000,0.171431
1215,48170990593642,13:22:50,48199707659173,28717065531,258,50,-445,3019,11666700,11664900,-9.0000,-1.542853
1216,48199707659173,13:23:19,48210633448358,10925789185,256,50,-2396,4212,11664900,11663200,-8.5000,-1.457364
1217,48210633448358,13:23:30,48255115404323,44481955965,338,50,347,3559,11663200,11664000,4.0000,0.685918
1218,48255115404323,13:24:15,48266077054853,10961650530,134,50,-2286,2954,11664000,11662600,-7.0000,-1.200274
1219,48266077054853,13:24:26,48278121553721,12044498868,183,50,-1234,4512,11662600,11662300,-1.5000,-0.257233
1220,48278121553721,13:24:38,48318221042146,40099488425,298,50,-695,4637,11662300,11661000,-6.5000,-1.114703
1221,48318221042146,13:25:18,48329763164973,11542122827,336,50,1392,2714,11661000,11663700,13.5000,2.315410
1222,48329763164973,13:25:29,48358616548259,28853383286,299,50,-2195,3447,11663700,11660800,-14.5000,-2.486347
1223,48358616548259,13:25:58,48403950851496,45334303237,274,50,650,4318,11660800,11660900,0.5000,0.085757
1224,48403950851496,13:26:43,48438687802327,34736950831,307,50,-508,5000,11660900,11658500,-12.0000,-2.058160
1225,48438687802327,13:27:18,48463368788207,24680985880,223,50,-740,3106,11658500,11655600,-14.5000,-2.487456
1226,48463368788207,13:27:43,48480299098827,16930310620,325,50,-871,3835,11655600,11654200,-7.0000,-1.201139
1227,48480299098827,13:28:00,48493339594563,13040495736,249,50,1600,8602,11654200,11657400,16.0000,2.745791
1228,48493339594563,13:28:13,48519014533514,25674938951,274,50,-144,5072,11657400,11655600,-9.0000,-1.544084
1229,48519014533514,13:28:39,48541893281466,22878747952,273,50,-1210,18464,11655600,11652000,-18.0000,-3.088644
1230,48541893281466,13:29:01,48544694214455,2800932989,150,50,-3694,7494,11652000,11647800,-21.0000,-3.604531
1231,48544694214455,13:29:04,48561423205304,16728990849,290,50,730,2246,11647800,11651200,17.0000,2.919006
1232,48561423205304,13:29:21,48589730361849,28307156545,249,50,1599,3075,11651200,11654700,17.5000,3.003982
1233,48589730361849,13:29:49,48607484641299,17754279450,251,50,-696,2856,11654700,11652000,-13.5000,-2.316662
1234,48607484641299,13:30:07,48616904748691,9420107392,156,50,770,2222,11652000,11653000,5.0000,0.858222
1235,48616904748691,13:30:16,48621793051589,4888302898,163,50,1792,4084,11653000,11656400,17.0000,2.917704
1236,48621793051589,13:30:21,48623971835631,2178784042,102,50,-708,4908,11656400,11656000,-2.0000,-0.343159
1237,48623971835631,13:30:23,48637694035511,13722199880,239,50,33,3427,11656000,11659300,16.5000,2.831160
1238,48637694035511,13:30:37,48645380372234,7686336723,121,50,359,8017,11659300,11661000,8.5000,1.458064
1239,48645380372234,13:30:45,48660937177268,15556805034,426,50,151,3799,11661000,11660300,-3.5000,-0.600292
1240,48660937177268,13:31:00,48682219378956,21282201688,246,50,318,2884,11660300,11663700,17.0000,2.915877
1241,48682219378956,13:31:22,48694641356996,12421978040,222,50,-1012,4018,11663700,11658800,-24.5000,-4.201068
1242,48694641356996,13:31:34,48712165927169,17524570173,215,50,273,3139,11658800,11658300,-2.5000,-0.428861
1243,48712165927169,13:31:52,48726779922537,14613995368,119,50,-345,3261,11658300,11657400,-4.5000,-0.771982
1244,48726779922537,13:32:06,48741841976122,15062053585,367,50,1118,3270,11657400,11659700,11.5000,1.972996
1245,48741841976122,13:32:21,48775050831129,33208855007,215,50,-1353,3851,11659700,11656800,-14.5000,-2.487199
1246,48775050831129,13:32:55,48829164071065,54113239936,274,50,-1093,3385,11656800,11655700,-5.5000,-0.943655
1247,48829164071065,13:33:49,48846247780122,17083709057,300,50,-1071,4181,11655700,11653500,-11.0000,-1.887489
1248,48846247780122,13:34:06,48860803247074,14555466952,204,50,630,3368,11653500,11655500,10.0000,1.716223
1249,48860803247074,13:34:20,48874396848097,13593601023,187,50,-169,3581,11655500,11654400,-5.5000,-0.943760
1250,48874396848097,13:34:34,48879564391166,5167543069,107,50,638,3856,11654400,11655500,5.5000,0.943850
1251,48879564391166,13:34:39,48893754372208,14189981042,177,50,-886,6036,11655500,11653400,-10.5000,-1.801725
1252,48893754372208,13:34:53,48935516523519,41762151311,207,50,-1401,3143,11653400,11651400,-10.0000,-1.716237
1253,48935516523519,13:35:35,48960475756116,24959232597,307,50,639,3573,11651400,11651600,1.0000,0.171653
1254,48960475756116,13:36:00,48975519703848,15043947732,214,50,1206,3594,11651600,11655200,18.0000,3.089704
1255,48975519703848,13:36:15,49004499751267,28980047419,394,50,2,3706,11655200,11654300,-4.5000,-0.772188
1256,49004499751267,13:36:44,49031506523153,27006771886,257,50,-611,2873,11654300,11652900,-7.0000,-1.201273
1257,49031506523153,13:37:11,49037574595680,6068072527,199,50,-1226,3676,11652900,11650600,-11.5000,-1.973758
1258,49037574595680,13:37:17,49044318662521,6744066841,144,50,-553,3151,11650600,11649100,-7.5000,-1.287487
1259,49044318662521,13:37:24,49064140399567,19821737046,158,50,79,2097,11649100,11649700,3.0000,0.515061
1260,49064140399567,13:37:44,49080449173713,16308774146,252,50,106,3384,11649700,11651000,6.5000,1.115909
1261,49080449173713,13:38:00,49095519861917,15070688204,371,50,1329,3719,11651000,11653700,13.5000,2.317398
1262,49095519861917,13:38:15,49120777771939,25257910022,302,50,1758,3962,11653700,11656000,11.5000,1.973622
1263,49120777771939,13:38:40,49162988164919,42210392980,305,50,-1560,4660,11656000,11653400,-13.0000,-2.230611
1264,49162988164919,13:39:22,49168126138120,5137973201,149,50,878,4702,11653400,11653100,-1.5000,-0.257436
1265,49168126138120,13:39:28,49206580479368,38454341248,290,50,-674,4230,11653100,11650000,-15.5000,-2.660236
1266,49206580479368,13:40:06,49210282626476,3702147108,130,50,-784,3040,11650000,11648100,-9.5000,-1.630901
1267,49210282626476,13:40:10,49233289220292,23006593816,287,50,1322,3490,11648100,11650800,13.5000,2.317975
1268,49233289220292,13:40:33,49261837444643,28548224351,298,50,-1327,4785,11650800,11646900,-19.5000,-3.347410
1269,49261837444643,13:41:01,49262732345607,894900964,116,50,-3209,5429,11646900,11644300,-13.0000,-2.232354
1270,49262732345607,13:41:02,49277009092564,14276746957,165,50,-992,2964,11644300,11642500,-9.0000,-1.545821
1271,49277009092564,13:41:17,49284267288313,7258195749,166,50,429,3307,11642500,11643300,4.0000,0.687138
1272,49284267288313,13:41:24,49293830269890,9562981577,153,50,-830,4182,11643300,11642100,-6.0000,-1.030636
1273,49293830269890,13:41:33,49294754279319,924009429,86,50,-2578,2778,11642100,11641000,-5.5000,-0.944847
1274,49294754279319,13:41:34,49295579898185,825618866,69,50,-755,2515,11641000,11640700,-1.5000,-0.257710
1275,49295579898185,13:41:35,49297945467800,2365569615,111,50,-2345,4345,11640700,11639000,-8.5000,-1.460393
1276,49297945467800,13:41:37,49299405288250,1459820450,119,50,-137,7187,11639000,11637700,-6.5000,-1.116934
1277,49299405288250,13:41:39,49302505158836,3099870586,160,50,1804,5874,11637700,11639300,8.0000,1.374842
1278,49302505158836,13:41:42,49310697223877,8192065041,248,50,283,4193,11639300,11636900,-12.0000,-2.061980
1279,49310697223877,13:41:50,49314614123601,3916899724,203,50,-1283,4017,11636900,11634300,-13.0000,-2.234272
1280,49314614123601,13:41:54,49330763292927,16149169326,303,50,1429,4317,11634300,11637800,17.5000,3.008346
1281,49330763292927,13:42:10,49348241135765,17477842838,353,50,1525,4571,11637800,11640100,11.5000,1.976319
1282,49348241135765,13:42:28,49360977800095,12736664330,198,50,441,5517,11640100,11642900,14.0000,2.405478
1283,49360977800095,13:42:40,49362979678425,2001878330,182,50,1481,3113,11642900,11648000,25.5000,4.380352
1284,49362979678425,13:42:42,49364909646124,1929967699,177,50,981,4631,11648000,11648600,3.0000,0.515110
1285,49364909646124,13:42:44,49368418471751,3508825627,197,50,2044,6282,11648600,11650300,8.5000,1.459403
1286,49368418471751,13:42:48,49369437053375,1018581624,132,50,52,4852,11650300,11650300,0.0000,0.000000
1287,49369437053375,13:42:49,49383692607874,14255554499,301,50,304,4630,11650300,11651200,4.5000,0.772512
1288,49383692607874,13:43:03,49384486404653,793796779,136,50,-814,6426,11651200,11650900,-1.5000,-0.257484
1289,49384486404653,13:43:04,49387702913844,3216509191,99,50,-652,4652,11650900,11650200,-3.5000,-0.600812
1290,49387702913844,13:43:07,49408103470572,20400556728,242,50,165,4043,11650200,11650900,3.5000,0.600848
1291,49408103470572,13:43:28,49432601698077,24498227505,242,50,-1109,4589,11650900,11649800,-5.5000,-0.944133
1292,49432601698077,13:43:52,49442272705910,9671007833,228,50,-1155,3855,11649800,11645000,-24.0000,-4.120242
1293,49442272705910,13:44:02,49449802724288,7530018378,218,50,-414,2070,11645000,11644300,-3.5000,-0.601116
1294,49449802724288,13:44:09,49460013290392,10210566104,160,50,-126,1536,11644300,11643000,-6.5000,-1.116426
1295,49460013290392,13:44:20,49471768503173,11755212781,247,50,-1019,1505,11643000,11640900,-10.5000,-1.803659
1296,49471768503173,13:44:31,49489186514694,17418011521,186,50,-1945,4019,11640900,11638900,-10.0000,-1.718080
1297,49489186514694,13:44:49,49503459375525,14272860831,213,50,1689,4089,11638900,11642500,18.0000,3.093076
1298,49503459375525,13:45:03,49503867451225,408075700,99,50,287,7373,11642500,11645400,14.5000,2.490874
1299,49503867451225,13:45:03,49514946518011,11079066786,270,50,449,3597,11645400,11644800,-3.0000,-0.515225
1300,49514946518011,13:45:14,49522876793973,7930275962,273,50,-297,1559,11644800,11644800,0.0000,0.000000
1301,49522876793973,13:45:22,49539553173235,16676379262,260,50,1112,1688,11644800,11647100,11.5000,1.975131
1302,49539553173235,13:45:39,49561366724368,21813551133,156,50,1058,3836,11647100,11648600,7.5000,1.287874
1303,49561366724368,13:46:01,49580514590543,19147866175,162,50,794,4394,11648600,11651600,15.0000,2.575417
1304,49580514590543,13:46:20,49591753468374,11238877831,280,50,-814,3460,11651600,11648000,-18.0000,-3.089704
1305,49591753468374,13:46:31,49610932878301,19179409927,247,50,961,3249,11648000,11650300,11.5000,1.974588
1306,49610932878301,13:46:50,49629470913492,18538035191,229,50,1161,7179,11650300,11652600,11.5000,1.974198
1307,49629470913492,13:47:09,49635108285140,5637371648,221,50,651,4413,11652600,11654200,8.0000,1.373084
1308,49635108285140,13:47:15,49660292882496,25184597356,260,50,-390,3246,11654200,11653700,-2.5000,-0.429030
1309,49660292882496,13:47:40,49683483998257,23191115761,303,50,-46,2484,11653700,11655600,9.5000,1.630383
1310,49683483998257,13:48:03,49700556409087,17072410830,245,50,-634,5526,11655600,11652600,-15.0000,-2.573870
1311,49700556409087,13:48:20,49721707118345,21150709258,306,50,-642,3756,11652600,11649400,-16.0000,-2.746168
1312,49721707118345,13:48:41,49730217865390,8510747045,211,50,749,2631,11649400,11651000,8.0000,1.373461
1313,49730217865390,13:48:50,49741798642616,11580777226,221,50,-245,3115,11651000,11651200,1.0000,0.171659
1314,49741798642616,13:49:01,49758187392968,16388750352,206,50,-1169,2069,11651200,11644800,-32.0000,-5.492996
1315,49758187392968,13:49:18,49761181990906,2994597938,130,50,355,1885,11644800,11647000,11.0000,1.889255
1316,49761181990906,13:49:21,49772495463432,11313472526,154,50,835,1257,11647000,11649200,11.0000,1.888898
1317,49772495463432,13:49:32,49783775701266,11280237834,255,50,882,2008,11649200,11654100,24.5000,4.206297
1318,49783775701266,13:49:43,49828175903003,44400201737,343,50,-603,2605,11654100,11650400,-18.5000,-3.174848
1319,49828175903003,13:50:28,49845135051555,16959148552,201,50,191,5273,11650400,11647100,-16.5000,-2.832521
1320,49845135051555,13:50:45,49855925370062,10790318507,258,50,721,4537,11647100,11649900,14.0000,2.404032
1321,49855925370062,13:50:55,49888902997155,32977627093,268,50,1134,2862,11649900,11654900,25.0000,4.291882
1322,49888902997155,13:51:28,49912439610082,23536612927,248,50,563,3819,11654900,11654900,0.0000,0.000000
1323,49912439610082,13:51:52,49926955174462,14515564380,310,50,640,3522,11654900,11655200,1.5000,0.257402
1324,49926955174462,13:52:06,49940268022594,13312848132,208,50,340,1076,11655200,11655400,1.0000,0.171597
1325,49940268022594,13:52:20,49956165680161,15897657567,194,50,306,3598,11655400,11657500,10.5000,1.801740
1326,49956165680161,13:52:36,49957993218831,1827538670,173,50,2332,3900,11657500,11660100,13.0000,2.230324
1327,49957993218831,13:52:37,49970241859733,12248640902,372,50,135,3727,11660100,11659000,-5.5000,-0.943388
1328,49970241859733,13:52:50,49978439507629,8197647896,204,50,858,2594,11659000,11660600,8.0000,1.372330
1329,49978439507629,13:52:58,49991620808374,13181300745,240,50,651,5101,11660600,11661600,5.0000,0.857589
1330,49991620808374,13:53:11,50006342351049,14721542675,189,50,-370,5468,11661600,11661700,0.5000,0.085752
1331,50006342351049,13:53:26,50021269739388,14927388339,259,50,554,3438,11661700,11661500,-1.0000,-0.171502
1332,50021269739388,13:53:41,50026890517575,5620778187,178,50,632,4080,11661500,11662000,2.5000,0.428761
1333,50026890517575,13:53:46,50034480238524,7589720949,265,50,379,2609,11662000,11661800,-1.0000,-0.171497
1334,50034480238524,13:53:54,50057895437581,23415199057,278,50,-1407,3103,11661800,11656500,-26.5000,-4.544753
1335,50057895437581,13:54:17,50077980019035,20084581454,175,50,341,1787,11656500,11657200,3.5000,0.600523
1336,50077980019035,13:54:37,50101029090303,23049071268,155,50,-209,2567,11657200,11657500,1.5000,0.257352
1337,50101029090303,13:55:01,50111084451203,10055360900,157,50,718,1742,11657500,11658300,4.0000,0.686253
1338,50111084451203,13:55:11,50117482100970,6397649767,175,50,658,3150,11658300,11661400,15.5000,2.659050
1339,50117482100970,13:55:17,50132950365788,15468264818,252,50,-576,2702,11661400,11657100,-21.5000,-3.687379
1340,50132950365788,13:55:32,50152367706713,19417340925,228,50,-461,1701,11657100,11656400,-3.5000,-0.600492
1341,50152367706713,13:55:52,50197349930545,44982223832,246,50,-142,3588,11656400,11655600,-4.0000,-0.686318
1342,50197349930545,13:56:37,50212521151151,15171220606,274,50,2334,3728,11655600,11661700,30.5000,5.233536
1343,50212521151151,13:56:52,50227068733307,14547582156,258,50,-62,2598,11661700,11662400,3.5000,0.600256
1344,50227068733307,13:57:07,50255146353910,28077620603,222,50,1233,3393,11662400,11664000,8.0000,1.371930
1345,50255146353910,13:57:35,50255566304649,419950739,85,50,-1380,5420,11664000,11663600,-2.0000,-0.342936
1346,50255566304649,13:57:35,50271832469994,16266165345,162,50,-274,2930,11663600,11663500,-0.5000,-0.085737
1347,50271832469994,13:57:51,50311803002943,39970532949,319,50,46,3436,11663500,11663200,-1.5000,-0.257213
1348,50311803002943,13:58:31,50312817732121,1014729178,160,50,-1444,5070,11663200,11659500,-18.5000,-3.172371
1349,50312817732121,13:58:32,50327948174712,15130442591,280,50,-1358,2484,11659500,11659100,-2.0000,-0.343068
1350,50327948174712,13:58:47,50373253194057,45305019345,206,50,1877,2879,11659100,11662900,19.0000,3.259257
1351,50373253194057,13:59:33,50394835450756,21582256699,224,50,-888,3962,11662900,11660000,-14.5000,-2.486517
1352,50394835450756,13:59:54,50408680441465,13844990709,282,50,200,3962,11660000,11660700,3.5000,0.600343
1353,50408680441465,14:00:08,50428332907087,19652465622,242,50,769,17775,11660700,11660500,-1.0000,-0.171516
1354,50428332907087,14:00:28,50443410354917,15077447830,195,50,274,11094,11660500,11661000,2.5000,0.428798
1355,50443410354917,14:00:43,50459096400018,15686045101,194,50,724,4990,11661000,11663300,11.5000,1.972387
1356,50459096400018,14:00:59,50469558470330,10462070312,187,50,-1024,4240,11663300,11659800,-17.5000,-3.000866
1357,50469558470330,14:01:09,50501971476933,32413006603,272,50,583,2847,11659800,11661100,6.5000,1.114942
1358,50501971476933,14:01:41,50531595143847,29623666914,207,50,746,3182,11661100,11661500,2.0000,0.343021
1359,50531595143847,14:02:11,50569570430850,37975287003,177,50,398,2358,11661500,11662100,3.0000,0.514514
1360,50569570430850,14:02:49,50584656989612,15086558762,133,50,2160,5530,11662100,11663000,4.5000,0.771731
1361,50584656989612,14:03:04,50594182347397,9525357785,202,50,442,4028,11663000,11663100,0.5000,0.085741
1362,50594182347397,14:03:14,50603770499398,9588152001,219,50,-1607,3333,11663100,11660300,-14.0000,-2.400734
1363,50603770499398,14:03:23,50643377238616,39606739218,301,50,605,3005,11660300,11661200,4.5000,0.771850
1364,50643377238616,14:04:03,50674256253596,30879014980,280,50,903,6769,11661200,11663700,12.5000,2.143862
1365,50674256253596,14:04:34,50694894699190,20638445594,227,50,-138,2854,11663700,11662500,-6.0000,-1.028833
1366,50694894699190,14:04:54,50719144110061,24249410871,204,50,-636,1350,11662500,11660500,-10.0000,-1.714898
1367,50719144110061,14:05:19,50727653361016,8509250955,262,50,-1579,3039,11660500,11656800,-18.5000,-3.173106
1368,50727653361016,14:05:27,50752762818825,25109457809,276,50,591,4741,11656800,11658400,8.0000,1.372589
1369,50752762818825,14:05:52,50775828243840,23065425015,184,50,-474,4846,11658400,11656700,-8.5000,-1.458176
1370,50775828243840,14:06:15,50795914880276,20086636436,147,50,151,4561,11656700,11655600,-5.5000,-0.943663
1371,50795914880276,14:06:35,50839273694788,43358814512,218,50,300,4500,11655600,11656400,4.0000,0.686365
1372,50839273694788,14:07:19,50860000737919,20727043131,164,50,-1047,4547,11656400,11655000,-7.0000,-1.201057
1373,50860000737919,14:07:40,50872885289314,12884551395,303,50,-2228,4212,11655000,11648900,-30.5000,-5.233805
1374,50872885289314,14:07:52,50902768232301,29882942987,346,50,-841,4343,11648900,11646800,-10.5000,-1.802745
1375,50902768232301,14:08:22,50907951357439,5183125138,198,50,1331,4531,11646800,11649600,14.0000,2.404094
1376,50907951357439,14:08:27,50926576658881,18625301442,294,50,918,3766,11649600,11652700,15.5000,2.661036
1377,50926576658881,14:08:46,50940848916251,14272257370,162,50,412,3334,11652700,11653400,3.5000,0.600719
1378,50940848916251,14:09:00,50954859238903,14010322652,139,50,-1945,3825,11653400,11649800,-18.0000,-3.089227
1379,50954859238903,14:09:14,50983284632495,28425393592,176,50,935,5195,11649800,11651100,6.5000,1.115899
1380,50983284632495,14:09:43,51008861294291,25576661796,157,50,152,3436,11651100,11652300,6.0000,1.029946
1381,51008861294291,14:10:08,51022399440037,13538145746,168,50,548,4036,11652300,11654400,10.5000,1.802219
1382,51022399440037,14:10:22,51030543922693,8144482656,189,50,-1022,4528,11654400,11653400,-5.0000,-0.858045
1383,51030543922693,14:10:30,51061384469855,30840547162,251,50,-204,3656,11653400,11653100,-1.5000,-0.257436
1384,51061384469855,14:11:01,51081714289883,20329820028,297,50,-777,4201,11653100,11649300,-19.0000,-3.260935
1385,51081714289883,14:11:21,51097058207628,15343917745,207,50,-1005,4059,11649300,11647400,-9.5000,-1.630999
1386,51097058207628,14:11:37,51121255012718,24196805090,220,50,-552,3704,11647400,11647300,-0.5000,-0.085856
1387,51121255012718,14:12:01,51140311384187,19056371469,509,50,-1262,5710,11647300,11642600,-23.5000,-4.035270
1388,51140311384187,14:12:20,51157771255517,17459871330,212,50,-604,6644,11642600,11641400,-6.0000,-1.030698
1389,51157771255517,14:12:37,51165000240877,7228985360,141,50,-3554,6774,11641400,11640300,-5.5000,-0.944904
1390,51165000240877,14:12:45,51170132938506,5132697629,175,50,-1250,9350,11640300,11638600,-8.5000,-1.460443
1391,51170132938506,14:12:50,51196483245805,26350307299,214,50,-500,6166,11638600,11638100,-2.5000,-0.429605
1392,51196483245805,14:13:16,51220870557274,24387311469,134,50,217,5017,11638100,11638300,1.0000,0.171849
1393,51220870557274,14:13:40,51228366237304,7495680030,116,50,589,6989,11638300,11640100,9.0000,1.546618
1394,51228366237304,14:13:48,51243743693884,15377456580,181,50,272,5722,11640100,11642400,11.5000,1.975928
1395,51243743693884,14:14:03,51266182250548,22438556664,248,50,-490,7402,11642400,11641000,-7.0000,-1.202501
1396,51266182250548,14:14:26,51272125545659,5943295111,144,50,-1499,2745,11641000,11638500,-12.5000,-2.147582
1397,51272125545659,14:14:32,51291172938838,19047393179,199,50,679,5237,11638500,11639700,6.0000,1.031061
1398,51291172938838,14:14:51,51310463840927,19290902089,257,50,-67,4091,11639700,11639600,-0.5000,-0.085913
1399,51310463840927,14:15:10,51340771250202,30307409275,253,50,-808,4068,11639600,11638000,-8.0000,-1.374618
1400,51340771250202,14:15:40,51355286531998,14515281796,186,50,-2654,5502,11638000,11635000,-15.0000,-2.577763
1401,51355286531998,14:15:55,51362914798251,7628266253,125,50,1999,6021,11635000,11635700,3.5000,0.601633
1402,51362914798251,14:16:02,51363423611972,508813721,91,50,160,4960,11635700,11636600,4.5000,0.773482
1403,51363423611972,14:16:03,51367739338603,4315726631,135,50,-86,5034,11636600,11637500,4.5000,0.773422
1404,51367739338603,14:16:07,51388823368860,21084030257,199,50,456,4640,11637500,11637500,0.0000,0.000000
1405,51388823368860,14:16:28,51396493086356,7669717496,192,50,1011,5191,11637500,11636400,-5.5000,-0.945220
1406,51396493086356,14:16:36,51401701131357,5208045001,96,50,254,2364,11636400,11636300,-0.5000,-0.085937
1407,51401701131357,14:16:41,51454847260051,53146128694,287,50,-290,4798,11636300,11636700,2.0000,0.343752
1408,51454847260051,14:17:34,51486285432632,31438172581,255,50,203,4291,11636700,11636600,-0.5000,-0.085935
1409,51486285432632,14:18:06,51524595714541,38310281909,281,50,-504,4102,11636600,11635200,-7.0000,-1.203101
1410,51524595714541,14:18:44,51543995815432,19400100891,354,50,716,2858,11635200,11634400,-4.0000,-0.687569
1411,51543995815432,14:19:03,51560110465760,16114650328,282,50,-1731,4271,11634400,11630700,-18.5000,-3.180224
1412,51560110465760,14:19:20,51564712993305,4602527545,137,50,-1934,4786,11630700,11629000,-8.5000,-1.461649
1413,51564712993305,14:19:24,51568972099628,4259106323,134,50,-772,3794,11629000,11626900,-10.5000,-1.805830
1414,51568972099628,14:19:28,51573152445773,4180346145,194,50,-1372,3916,11626900,11625500,-7.0000,-1.204104
1415,51573152445773,14:19:33,51576644820398,3492374625,157,50,294,4260,11625500,11625300,-1.0000,-0.172036
1416,51576644820398,14:19:36,51585687749703,9042929305,217,50,-446,4030,11625300,11625200,-0.5000,-0.086019
1417,51585687749703,14:19:45,51593672291090,7984541387,136,50,-737,4961,11625200,11625600,2.0000,0.344080
1418,51593672291090,14:19:53,51601088470645,7416179555,194,50,500,4002,11625600,11627600,10.0000,1.720341
1419,51601088470645,14:20:01,51601195127216,106656571,85,50,1093,5307,11627600,11627300,-1.5000,-0.258007
1420,51601195127216,14:20:01,51602150453550,955326334,120,50,2000,8276,11627300,11625900,-7.0000,-1.204063
1421,51602150453550,14:20:02,51616456469596,14306016046,198,50,-8,4414,11625900,11626400,2.5000,0.430074
1422,51616456469596,14:20:16,51628409298727,11952829131,196,50,-1954,4952,11626400,11622300,-20.5000,-3.526457
1423,51628409298727,14:20:28,51645257411692,16848112965,193,50,244,6332,11622300,11623200,4.5000,0.774373
1424,51645257411692,14:20:45,51663570434060,18313022368,233,50,410,7142,11623200,11624400,6.0000,1.032418
1425,51663570434060,14:21:03,51675145210679,11574776619,275,50,1330,4494,11624400,11627800,17.0000,2.924882
1426,51675145210679,14:21:15,51688885943296,13740732617,172,50,-490,4398,11627800,11627200,-3.0000,-0.516005
1427,51688885943296,14:21:28,51693220094642,4334151346,223,50,1856,4568,11627200,11631000,19.0000,3.268199
1428,51693220094642,14:21:33,51706083334594,12863239952,139,50,-191,6461,11631000,11630300,-3.5000,-0.601840
1429,51706083334594,14:21:46,51720155570647,14072236053,157,50,-320,5728,11630300,11629100,-6.0000,-1.031788
1430,51720155570647,14:22:00,51732260994511,12105423864,199,50,-2747,4147,11629100,11625900,-16.0000,-2.751718
1431,51732260994511,14:22:12,51750207130447,17946135936,227,50,-85,3193,11625900,11626300,2.0000,0.344059
1432,51750207130447,14:22:30,51759042843929,8835713482,105,50,4281,11801,11626300,11627800,7.5000,1.290178
1433,51759042843929,14:22:39,51778807007867,19764163938,218,50,60,3032,11627800,11628200,2.0000,0.344003
1434,51778807007867,14:22:58,51789702184159,10895176292,165,50,-116,4814,11628200,11626500,-8.5000,-1.461963
1435,51789702184159,14:23:09,51801661100457,11958916298,244,50,-1008,4294,11626500,11624000,-12.5000,-2.150260
1436,51801661100457,14:23:21,51810664124427,9003023970,196,50,1146,3414,11624000,11626500,12.5000,2.150723
1437,51810664124427,14:23:30,51821361187181,10697062754,204,50,-835,4443,11626500,11626000,-2.5000,-0.430052
1438,51821361187181,14:23:41,51839887054450,18525867269,250,50,-1051,4031,11626000,11622200,-19.0000,-3.268536
1439,51839887054450,14:23:59,51840889014534,1001960084,118,50,-871,7531,11622200,11620300,-9.5000,-1.634802
1440,51840889014534,14:24:00,51840941289890,52275356,61,50,-864,4742,11620300,11620300,0.0000,0.000000
1441,51840941289890,14:24:00,51841273563660,332273770,75,50,-3954,4904,11620300,11619200,-5.5000,-0.946619
1442,51841273563660,14:24:01,51843977876034,2704312374,153,50,-714,6714,11619200,11618600,-3.0000,-0.516387
1443,51843977876034,14:24:03,51846469169018,2491292984,118,50,407,6635,11618600,11620900,11.5000,1.979584
1444,51846469169018,14:24:06,51853136829126,6667660108,251,50,-578,6256,11620900,11619900,-5.0000,-0.860519
1445,51853136829126,14:24:13,51858314691939,5177862813,198,50,474,6686,11619900,11621700,9.0000,1.549067
1446,51858314691939,14:24:18,51878207962600,19893270661,355,50,-346,6300,11621700,11621500,-1.0000,-0.172092
1447,51878207962600,14:24:38,51891322249551,13114286951,235,50,-232,4000,11621500,11619800,-8.5000,-1.462806
1448,51891322249551,14:24:51,51906030140450,14707890899,416,50,1,4133,11619800,11620700,4.5000,0.774540
1449,51906030140450,14:25:06,51921812226520,15782086070,269,50,2527,5387,11620700,11622500,9.0000,1.548960
1450,51921812226520,14:25:21,51924656331428,2844104908,245,50,411,5987,11622500,11622900,2.0000,0.344160
1451,51924656331428,14:25:24,51952029983821,27373652393,273,50,-818,3422,11622900,11622700,-1.0000,-0.172074
1452,51952029983821,14:25:52,51970604034653,18574050832,269,50,-1028,4288,11622700,11620900,-9.0000,-1.548694
1453,51970604034653,14:26:10,51981894272117,11290237464,261,50,-2503,4929,11620900,11617200,-18.5000,-3.183919
1454,51981894272117,14:26:21,51982252045253,357773136,114,50,-3130,4620,11617200,11615800,-7.0000,-1.205110
1455,51982252045253,14:26:22,51982687344701,435299448,138,50,-3213,4585,11615800,11613600,-11.0000,-1.893972
1456,51982687344701,14:26:22,51983659847123,972502422,117,50,-602,5408,11613600,11615100,7.5000,1.291589
1457,51983659847123,14:26:23,51989475838163,5815991040,215,50,-2481,4415,11615100,11613200,-9.5000,-1.635802
1458,51989475838163,14:26:29,52011377932277,21902094114,391,50,633,8671,11613200,11612300,-4.5000,-0.774980
1459,52011377932277,14:26:51,52020194963596,8817031319,266,50,-3236,5236,11612300,11608500,-19.0000,-3.272392
1460,52020194963596,14:27:00,52022863511051,2668547455,90,50,6899,20699,11608500,11608200,-1.5000,-0.258431
1461,52022863511051,14:27:02,52038343417823,15479906772,298,50,1484,5300,11608200,11611600,17.0000,2.928964
1462,52038343417823,14:27:18,52047480113940,9136696117,241,50,2655,4657,11611600,11616200,23.0000,3.961556
1463,52047480113940,14:27:27,52056535014925,9054900985,296,50,-293,5201,11616200,11613500,-13.5000,-2.324340
1464,52056535014925,14:27:36,52077390813376,20855798451,296,50,224,5428,11613500,11611700,-9.0000,-1.549920
1465,52077390813376,14:27:57,52084320976832,6930163456,198,50,-465,4309,11611700,11611900,1.0000,0.172240
1466,52084320976832,14:28:04,52107555601367,23234624535,262,50,1676,10614,11611900,11611900,0.0000,0.000000
1467,52107555601367,14:28:27,52119666919906,12111318539,169,50,6600,18400,11611900,11612400,2.5000,0.430593
1468,52119666919906,14:28:39,52127117907698,7450987792,161,50,3700,15600,11612400,11613000,3.0000,0.516689
1469,52127117907698,14:28:47,52138342432154,11224524456,215,50,2549,5153,11613000,11615000,10.0000,1.722208
1470,52138342432154,14:28:58,52160045604748,21703172594,273,50,-100,5248,11615000,11614300,-3.5000,-0.602669
1471,52160045604748,14:29:20,52172116834194,12071229446,162,50,-1665,4391,11614300,11614200,-0.5000,-0.086101
1472,52172116834194,14:29:32,52182660687036,10543852842,265,50,2594,4006,11614200,11619500,26.5000,4.563379
1473,52182660687036,14:29:42,52184172153410,1511466374,146,50,379,2945,11619500,11619800,1.5000,0.258187
1474,52184172153410,14:29:44,52188121702792,3949549382,224,50,-811,2107,11619800,11618200,-8.0000,-1.376960
1475,52188121702792,14:29:48,52191127427863,3005725071,196,50,1199,3285,11618200,11620500,11.5000,1.979653
1476,52191127427863,14:29:51,52199161570697,8034142834,269,50,1818,3692,11620500,11621700,6.0000,1.032658
1477,52199161570697,14:29:59,52208135916207,8974345510,208,50,-528,3980,11621700,11621200,-2.5000,-0.430230
1478,52208135916207,14:30:08,52223638741387,15502825180,284,50,14,3882,11621200,11622600,7.0000,1.204695
1479,52223638741387,14:30:23,52229682700697,6043959310,336,50,19,4009,11622600,11623000,2.0000,0.344157
1480,52229682700697,14:30:29,52248089000052,18406299355,262,50,-207,4255,11623000,11622300,-3.5000,-0.602254
1481,52248089000052,14:30:48,52252720876261,4631876209,149,50,429,5699,11622300,11623700,7.0000,1.204581
1482,52252720876261,14:30:52,52261876416794,9155540533,125,50,2450,4398,11623700,11624300,3.0000,0.516187
1483,52261876416794,14:31:01,52271417610157,9541193363,212,50,1164,3612,11624300,11625700,7.0000,1.204374
1484,52271417610157,14:31:11,52277790064525,6372454368,236,50,1235,4265,11625700,11627800,10.5000,1.806343
1485,52277790064525,14:31:17,52288678295625,10888231100,168,50,-674,4168,11627800,11627100,-3.5000,-0.602006
1486,52288678295625,14:31:28,52310893823613,22215527988,235,50,244,4146,11627100,11627800,3.5000,0.602042
1487,52310893823613,14:31:50,52331034696900,20140873287,195,50,168,7330,11627800,11627600,-1.0000,-0.172002
1488,52331034696900,14:32:11,52348448223808,17413526908,145,50,575,4199,11627600,11628800,6.0000,1.032027
1489,52348448223808,14:32:28,52356400631224,7952407416,230,50,380,3220,11628800,11629400,3.0000,0.515960
1490,52356400631224,14:32:36,52362594079712,6193448488,292,50,-2233,3801,11629400,11622300,-35.5000,-6.105216
1491,52362594079712,14:32:42,52366648186816,4054107104,124,50,-30,2906,11622300,11622000,-1.5000,-0.258124
1492,52366648186816,14:32:46,52386615099008,19966912192,261,50,1160,2970,11622000,11625600,18.0000,3.097574
1493,52386615099008,14:33:06,52404873214830,18258115822,238,50,-524,4106,11625600,11624800,-4.0000,-0.688137
1494,52404873214830,14:33:24,52422217199935,17343985105,145,50,-704,4150,11624800,11624500,-1.5000,-0.258069
1495,52422217199935,14:33:42,52430662631863,8445431928,212,50,-790,3900,11624500,11624300,-1.0000,-0.172050
1496,52430662631863,14:33:50,52461616674481,30954042618,212,50,373,3487,11624300,11624800,2.5000,0.430133
1497,52461616674481,14:34:21,52463186756704,1570082223,119,50,1040,4244,11624800,11626600,9.0000,1.548414
1498,52463186756704,14:34:23,52471875129531,8688372827,129,50,-280,4372,11626600,11626400,-1.0000,-0.172019
1499,52471875129531,14:34:31,52486670262639,14795133108,226,50,-562,3706,11626400,11625200,-6.0000,-1.032134
1500,52486670262639,14:34:46,52499172746282,12502483643,180,50,-386,3310,11625200,11624900,-1.5000,-0.258060
1501,52499172746282,14:34:59,52517052223881,17879477599,172,50,5168,8000,11624900,11625700,4.0000,0.688178
1502,52517052223881,14:35:17,52546963794946,29911571065,250,50,37,3875,11625700,11625400,-1.5000,-0.258049
1503,52546963794946,14:35:46,52574215747581,27251952635,229,50,362,2468,11625400,11626900,7.5000,1.290278
1504,52574215747581,14:36:14,52603616563052,29400815471,182,50,-4638,6470,11626900,11624900,-10.0000,-1.720149
1505,52603616563052,14:36:43,52609167952228,5551389176,184,50,-3450,4082,11624900,11622300,-13.0000,-2.236578
1506,52609167952228,14:36:49,52615213622516,6045670288,181,50,127,3919,11622300,11623000,3.5000,0.602290
1507,52615213622516,14:36:55,52628445549381,13231926865,182,50,1414,4470,11623000,11623600,3.0000,0.516218
1508,52628445549381,14:37:08,52652317434874,23871885493,285,50,2428,4046,11623600,11626600,15.0000,2.580956
1509,52652317434874,14:37:32,52663306513936,10989079062,197,50,-350,2698,11626600,11624800,-9.0000,-1.548174
1510,52663306513936,14:37:43,52679019910746,15713396810,224,50,758,3284,11624800,11626300,7.5000,1.290345
1511,52679019910746,14:37:59,52703050657198,24030746452,284,50,-813,2699,11626300,11624200,-10.5000,-1.806250
1512,52703050657198,14:38:23,52743525659139,40475001941,221,50,-486,2654,11624200,11622900,-6.5000,-1.118357
1513,52743525659139,14:39:03,52749096234713,5570575574,127,50,-244,3836,11622900,11621600,-6.5000,-1.118482
1514,52749096234713,14:39:09,52758303346723,9207112010,116,50,340,3680,11621600,11622400,4.0000,0.688373
1515,52758303346723,14:39:18,52767338375704,9035028981,148,50,365,3855,11622400,11623200,4.0000,0.688326
1516,52767338375704,14:39:27,52786514173170,19175797466,268,50,936,4956,11623200,11625500,11.5000,1.978801
1517,52786514173170,14:39:46,52800471399368,13957226198,242,50,1933,2827,11625500,11629500,20.0000,3.440712
1518,52800471399368,14:40:00,52819622743680,19151344312,348,50,-330,3676,11629500,11628400,-5.5000,-0.945870
1519,52819622743680,14:40:19,52836409595553,16786851873,310,50,951,3463,11628400,11632000,18.0000,3.095869
1520,52836409595553,14:40:36,52844583310570,8173715017,229,50,947,3415,11632000,11635700,18.5000,3.180880
1521,52844583310570,14:40:44,52860037895189,15454584619,209,50,864,4396,11635700,11635200,-2.5000,-0.429712
1522,52860037895189,14:41:00,52880560581876,20522686687,262,50,-364,2546,11635200,11634800,-2.0000,-0.343784
1523,52880560581876,14:41:20,52891978616907,11418035031,187,50,359,2185,11634800,11636800,10.0000,1.718981
1524,52891978616907,14:41:31,52898248055268,6269438361,272,50,1327,2435,11636800,11639400,13.0000,2.234291
1525,52898248055268,14:41:38,52906301672471,8053617203,227,50,574,1696,11639400,11640100,3.5000,0.601406
1526,52906301672471,14:41:46,52909148058729,2846386258,136,50,669,2519,11640100,11641100,5.0000,0.859099
1527,52909148058729,14:41:49,52919410286784,10262228055,225,50,188,4318,11641100,11642100,5.0000,0.859025
1528,52919410286784,14:41:59,52927151922692,7741635908,197,50,-279,3143,11642100,11640200,-9.5000,-1.632008
1529,52927151922692,14:42:07,52934558792540,7406869848,198,50,-1816,4292,11640200,11637200,-15.0000,-2.577275
1530,52934558792540,14:42:14,52949063350390,14504557850,435,50,-1181,4035,11637200,11633900,-16.5000,-2.835734
1531,52949063350390,14:42:29,52963075370606,14012020216,240,50,-808,4240,11633900,11632300,-8.0000,-1.375291
1532,52963075370606,14:42:43,52989926916075,26851545469,334,50,-1229,4177,11632300,11630800,-7.5000,-1.289513
1533,52989926916075,14:43:09,53015909938479,25983022404,252,50,1787,4393,11630800,11635100,21.5000,3.697080
1534,53015909938479,14:43:35,53022113776326,6203837847,153,50,502,3106,11635100,11634700,-2.0000,-0.343787
1535,53022113776326,14:43:42,53025904305558,3790529232,142,50,749,3327,11634700,11634400,-1.5000,-0.257849
1536,53025904305558,14:43:45,53039951739392,14047433834,196,50,-678,3902,11634400,11632200,-11.0000,-1.890944
1537,53039951739392,14:43:59,53046381068024,6429328632,197,50,-1928,4712,11632200,11628500,-18.5000,-3.180826
1538,53046381068024,14:44:06,53048857200784,2476132760,184,50,1533,3979,11628500,11631900,17.0000,2.923851
1539,53048857200784,14:44:08,53051168112561,2310911777,219,50,612,6044,11631900,11634600,13.5000,2.321203
1540,53051168112561,14:44:11,53054696079119,3527966558,164,50,-787,2627,11634600,11630500,-20.5000,-3.523972
1541,53054696079119,14:44:14,53090311432557,35615353438,199,50,751,2843,11630500,11631600,5.5000,0.945789
1542,53090311432557,14:44:50,53121564869605,31253437048,171,50,202,3290,11631600,11631300,-1.5000,-0.257918
1543,53121564869605,14:45:21,53138131782527,16566912922,258,50,549,2883,11631300,11632700,7.0000,1.203649
1544,53138131782527,14:45:38,53144863497238,6731714711,225,50,-1183,4657,11632700,11630100,-13.0000,-2.235079
1545,53144863497238,14:45:44,53165560603238,20697106000,200,50,-854,4670,11630100,11629700,-2.0000,-0.343935
1546,53165560603238,14:46:05,53187146709332,21586106094,137,50,-1780,3880,11629700,11628200,-7.5000,-1.289801
1547,53187146709332,14:46:27,53198083426014,10936716682,169,50,-1448,3472,11628200,11625800,-12.0000,-2.063948
1548,53198083426014,14:46:38,53208177393699,10093967685,248,50,-577,3011,11625800,11624200,-8.0000,-1.376249
1549,53208177393699,14:46:48,53216805661448,8628267749,195,50,1598,3284,11624200,11625500,6.5000,1.118357
1550,53216805661448,14:46:56,53227281396528,10475735080,215,50,3433,4149,11625500,11629400,19.5000,3.354694
1551,53227281396528,14:47:07,53271472425277,44191028749,502,50,-639,3307,11629400,11625600,-19.0000,-3.267580
1552,53271472425277,14:47:51,53295560660954,24088235677,253,50,-873,3377,11625600,11623500,-10.5000,-1.806358
1553,53295560660954,14:48:15,53358047054771,62486393817,225,50,1041,2201,11623500,11625500,10.0000,1.720652
1554,53358047054771,14:49:18,53370134047321,12086992550,246,50,273,3227,11625500,11626800,6.5000,1.118231
1555,53370134047321,14:49:30,53407127176275,36993128954,298,50,80,2856,11626800,11626300,-2.5000,-0.430041
1556,53407127176275,14:50:07,53419995216719,12868040444,183,50,-682,3804,11626300,11625900,-2.0000,-0.344048
1557,53419995216719,14:50:19,53439856752376,19861535657,191,50,-479,4527,11625900,11624500,-7.0000,-1.204208
1558,53439856752376,14:50:39,53470847812661,30991060285,425,50,-267,3329,11624500,11623000,-7.5000,-1.290378
1559,53470847812661,14:51:10,53483317434787,12469622126,167,50,1000,3946,11623000,11625100,10.5000,1.806762
1560,53483317434787,14:51:23,53494843424770,11525989983,222,50,1875,4365,11625100,11626100,5.0000,0.860208
1561,53494843424770,14:51:34,53510137377626,15293952856,221,50,915,4231,11626100,11627800,8.5000,1.462227
1562,53510137377626,14:51:50,53522877001041,12739623415,233,50,2669,3715,11627800,11632200,22.0000,3.784035
1563,53522877001041,14:52:02,53549815533668,26938532627,305,50,182,4426,11632200,11632200,0.0000,0.000000
1564,53549815533668,14:52:29,53561676495589,11860961921,270,50,1705,3017,11632200,11638600,32.0000,5.501969
1565,53561676495589,14:52:41,53571129036258,9452540669,208,50,302,3704,11638600,11638800,1.0000,0.171842
1566,53571129036258,14:52:51,53582345484657,11216448399,161,50,1102,4076,11638800,11640800,10.0000,1.718390
1567,53582345484657,14:53:02,53586756836007,4411351350,174,50,221,3571,11640800,11640600,-1.0000,-0.171809
1568,53586756836007,14:53:06,53587388534381,631698374,126,50,-1335,3947,11640600,11638000,-13.0000,-2.233562
1569,53587388534381,14:53:07,53603479898645,16091364264,256,50,-365,3571,11638000,11636800,-6.0000,-1.031105
1570,53603479898645,14:53:23,53618636590360,15156691715,256,50,-1754,3118,11636800,11632100,-23.5000,-4.038911
1571,53618636590360,14:53:38,53631997181581,13360591221,254,50,-42,3218,11632100,11630900,-6.0000,-1.031628
1572,53631997181581,14:53:51,53652155557289,20158375708,213,50,1859,3307,11630900,11635300,22.0000,3.783026
1573,53652155557289,14:54:12,53661000618036,8845060747,252,50,-1598,3818,11635300,11632700,-13.0000,-2.234579
1574,53661000618036,14:54:21,53679266093600,18265475564,222,50,-1084,3974,11632700,11631600,-5.5000,-0.945610
1575,53679266093600,14:54:39,53687499431673,8233338073,212,50,-1187,4097,11631600,11629000,-13.0000,-2.235290
1576,53687499431673,14:54:47,53708982278719,21482847046,212,50,1148,3842,11629000,11630800,9.0000,1.547855
1577,53708982278719,14:55:08,53728613754527,19631475808,262,50,-65,4307,11630800,11630400,-2.0000,-0.343914
1578,53728613754527,14:55:28,53752009113271,23395358744,217,50,-1253,3613,11630400,11629600,-4.0000,-0.687853
1579,53752009113271,14:55:52,53757643044836,5633931565,151,50,-634,7160,11629600,11627200,-12.0000,-2.063700
1580,53757643044836,14:55:57,53768038212266,10395167430,205,50,780,3396,11627200,11630000,14.0000,2.408146
1581,53768038212266,14:56:08,53789128298667,21090086401,225,50,1426,3632,11630000,11633200,16.0000,2.751505
1582,53789128298667,14:56:29,53799997603157,10869304490,144,50,800,4802,11633200,11633300,0.5000,0.085961
1583,53799997603157,14:56:39,53822206363587,22208760430,249,50,-51,3009,11633300,11633600,1.5000,0.257880
1584,53822206363587,14:57:02,53839426538135,17220174548,285,50,1496,3232,11633600,11636800,16.0000,2.750653
1585,53839426538135,14:57:19,53863249508536,23822970401,235,50,-684,7946,11636800,11635500,-6.5000,-1.117146
1586,53863249508536,14:57:43,53868853959403,5604450867,180,50,600,10090,11635500,11635800,1.5000,0.257832
1587,53868853959403,14:57:48,53886996797504,18142838101,186,50,82,3028,11635800,11636900,5.5000,0.945358
1588,53886996797504,14:58:06,53896859599985,9862802481,134,50,-749,4549,11636900,11634300,-13.0000,-2.234272
1589,53896859599985,14:58:16,53938119641525,41260041540,271,50,2430,5422,11634300,11639100,24.0000,4.125732
1590,53938119641525,14:58:58,53940527684948,2408043423,137,50,1621,5621,11639100,11640600,7.5000,1.288759
1591,53940527684948,14:59:00,53952364883299,11837198351,268,50,256,4632,11640600,11639800,-4.0000,-0.687250
1592,53952364883299,14:59:12,53966642793115,14277909816,192,50,-598,3328,11639800,11638800,-5.0000,-0.859121
1593,53966642793115,14:59:26,53980141358584,13498565469,146,50,-247,2377,11638800,11639300,2.5000,0.429598
1594,53980141358584,14:59:40,54000556670855,20415312271,305,50,-241,4227,11639300,11638400,-4.5000,-0.773242
1595,54000556670855,15:00:00,54012549014829,11992343974,197,50,-1933,4161,11638400,11636800,-8.0000,-1.374759
1596,54012549014829,15:00:12,54016482538420,3933523591,129,50,-1228,5028,11636800,11634000,-14.0000,-2.406160
1597,54016482538420,15:00:16,54030248527421,13765989001,175,50,1146,4670,11634000,11636500,12.5000,2.148874
1598,54030248527421,15:00:30,54053102435430,22853908009,231,50,-2341,4377,11636500,11632600,-19.5000,-3.351523
1599,54053102435430,15:00:53,54068683521986,15581086556,193,50,-844,3742,11632600,11631800,-4.0000,-0.687722
1600,54068683521986,15:01:08,54103257713258,34574191272,285,50,-1137,3863,11631800,11630600,-6.0000,-1.031655
1601,54103257713258,15:01:43,54125345786945,22088073687,325,50,719,7947,11630600,11633500,14.5000,2.493423
1602,54125345786945,15:02:05,54144528921894,19183134949,257,50,1355,3763,11633500,11634800,6.5000,1.117463
1603,54144528921894,15:02:24,54154025788825,9496866931,161,50,77,4405,11634800,11634200,-3.0000,-0.515694
1604,54154025788825,15:02:34,54172996223209,18970434384,217,50,-646,3702,11634200,11632200,-10.0000,-1.719070
1605,54172996223209,15:02:52,54214666731356,41670508147,245,50,-351,3377,11632200,11631600,-3.0000,-0.515810
1606,54214666731356,15:03:34,54248613420725,33946689369,273,50,-1358,4028,11631600,11630300,-6.5000,-1.117645
1607,54248613420725,15:04:08,54261039601993,12426181268,231,50,891,3089,11630300,11634300,20.0000,3.439292
1608,54261039601993,15:04:21,54295292092658,34252490665,196,50,-886,2886,11634300,11631500,-14.0000,-2.406677
1609,54295292092658,15:04:55,54319286315670,23994223012,176,50,-509,3235,11631500,11629200,-11.5000,-1.977389
1610,54319286315670,15:05:19,54321944031250,2657715580,177,50,-2727,4327,11629200,11626800,-12.0000,-2.063771
1611,54321944031250,15:05:21,54335095289965,13151258715,220,50,-947,3135,11626800,11627300,2.5000,0.430041
1612,54335095289965,15:05:35,54346085745367,10990455402,160,50,-1892,3528,11627300,11625900,-7.0000,-1.204063
1613,54346085745367,15:05:46,54370032688666,23946943299,216,50,1188,4802,11625900,11628300,12.0000,2.064356
1614,54370032688666,15:06:10,54408344731902,38312043236,205,50,-917,7239,11628300,11626700,-8.0000,-1.375953
1615,54408344731902,15:06:48,54426536250581,18191518679,221,50,-314,4464,11626700,11627900,6.0000,1.032107
1616,54426536250581,15:07:06,54438439825732,11903575151,166,50,-643,3331,11627900,11628600,3.5000,0.602000
1617,54438439825732,15:07:18,54446275208826,7835383094,136,50,-1930,3714,11628600,11626700,-9.5000,-1.633903
1618,54446275208826,15:07:26,54457990311765,11715102939,212,50,2749,4025,11626700,11629800,15.5000,2.666277
1619,54457990311765,15:07:37,54468917535724,10927223959,252,50,-47,4169,11629800,11630200,2.0000,0.343944
1620,54468917535724,15:07:48,54491673743780,22756208056,465,50,381,2865,11630200,11630700,2.5000,0.429915
1621,54491673743780,15:08:11,54538388312156,46714568376,308,50,-1079,3517,11630700,11629700,-5.0000,-0.859793
1622,54538388312156,15:08:58,54569154900236,30766588080,291,50,-709,3803,11629700,11628400,-6.5000,-1.117828
1623,54569154900236,15:09:29,54634304645353,65149745117,364,50,150,2870,11628400,11627400,-5.0000,-0.859964
1624,54634304645353,15:10:34,54656685874350,22381228997,209,50,-1425,4619,11627400,11623700,-18.5000,-3.182139
1625,54656685874350,15:10:56,54676327657411,19641783061,323,50,-3997,6735,11623700,11620700,-15.0000,-2.580934
1626,54676327657411,15:11:16,54681828515329,5500857918,155,50,-997,4855,11620700,11620900,1.0000,0.172107
1627,54681828515329,15:11:21,54707728356074,25899840745,145,50,-2173,6471,11620900,11620000,-4.5000,-0.774467
1628,54707728356074,15:11:47,54733745796516,26017440442,162,50,-885,3169,11620000,11618700,-6.5000,-1.118761
1629,54733745796516,15:12:13,54757219216280,23473419764,201,50,-868,3580,11618700,11616600,-10.5000,-1.807431
1630,54757219216280,15:12:37,54768378507930,11159291650,173,50,1525,3565,11616600,11618500,9.5000,1.635590
1631,54768378507930,15:12:48,54786973015500,18594507570,240,50,590,2742,11618500,11618500,0.0000,0.000000
1632,54786973015500,15:13:06,54787542996408,569980908,102,50,207,8807,11618500,11619600,5.5000,0.946766
1633,54787542996408,15:13:07,54788189299972,646303564,68,50,-1300,6900,11619600,11620600,5.0000,0.860615
1634,54788189299972,15:13:08,54805393059310,17203759338,316,50,359,3383,11620600,11623300,13.5000,2.323460
1635,54805393059310,15:13:25,54812417953511,7024894201,198,50,-486,2102,11623300,11623400,0.5000,0.086034
1636,54812417953511,15:13:32,54831378549152,18960595641,240,50,-1182,3024,11623400,11622300,-5.5000,-0.946367
1637,54831378549152,15:13:51,54835324916214,3946367062,241,50,1291,3239,11622300,11626100,19.0000,3.269577
1638,54835324916214,15:13:55,54854063022081,18738105867,246,50,-343,1641,11626100,11625300,-4.0000,-0.688107
1639,54854063022081,15:14:14,54876827258191,22764236110,338,50,669,2693,11625300,11626600,6.5000,1.118251
1640,54876827258191,15:14:36,54889546774691,12719516500,217,50,-1357,2649,11626600,11623500,-15.5000,-2.666300
1641,54889546774691,15:14:49,54896454374592,6907599901,178,50,-1419,1803,11623500,11619800,-18.5000,-3.183206
1642,54896454374592,15:14:56,54919767715292,23313340700,218,50,-697,2119,11619800,11618600,-6.0000,-1.032720
1643,54919767715292,15:15:19,54939783679738,20015964446,205,50,-751,2583,11618600,11617200,-7.0000,-1.204964
1644,54939783679738,15:15:39,54943176467934,3392788196,170,50,-1244,2792,11617200,11612900,-21.5000,-3.701408
1645,54943176467934,15:15:43,54945236876625,2060408691,163,50,615,1949,11612900,11613700,4.0000,0.688889
1646,54945236876625,15:15:45,54949983840100,4746963475,192,50,233,1871,11613700,11615700,10.0000,1.722104
1647,54949983840100,15:15:49,54952631985082,2648144982,93,50,578,4234,11615700,11615000,-3.5000,-0.602633
1648,54952631985082,15:15:52,54954273639108,1641654026,90,50,1498,4514,11615000,11614900,-0.5000,-0.086096
1649,54954273639108,15:15:54,54967000051917,12726412809,238,50,1876,2770,11614900,11618700,19.0000,3.271660
1650,54967000051917,15:16:07,54972464042909,5463990992,152,50,-2101,27443,11618700,11618200,-2.5000,-0.430341
1651,54972464042909,15:16:12,54976951858855,4487815946,144,50,1418,8094,11618200,11619200,5.0000,0.860719
1652,54976951858855,15:16:16,54995709569077,18757710222,209,50,-1122,4702,11619200,11618600,-3.0000,-0.516387
1653,54995709569077,15:16:35,54999027230302,3317661225,159,50,678,4014,11618600,11619100,2.5000,0.430344
1654,54999027230302,15:16:39,55002800664770,3773434468,156,50,-3430,5354,11619100,11617600,-7.5000,-1.290978
1655,55002800664770,15:16:42,55006301134052,3500469282,181,50,210,1948,11617600,11618800,6.0000,1.032916
1656,55006301134052,15:16:46,55011775884164,5474750112,193,50,-2243,4231,11618800,11615900,-14.5000,-2.495955
1657,55011775884164,15:16:51,55012107264752,331380588,158,50,-1651,5275,11615900,11613200,-13.5000,-2.324400
1658,55012107264752,15:16:52,55028356986024,16249721272,277,50,-1359,3291,11613200,11611600,-8.0000,-1.377743
1659,55028356986024,15:17:08,55029567424235,1210438211,86,50,-4143,4743,11611600,11608400,-16.0000,-2.755865
1660,55029567424235,15:17:09,55030267660423,700236188,128,50,-951,4697,11608400,11607700,-3.5000,-0.603012
1661,55030267660423,15:17:10,55032484634151,2216973728,150,50,-2040,5600,11607700,11606600,-5.5000,-0.947647
1662,55032484634151,15:17:12,55033078070331,593436180,213,50,917,4117,11606600,11611700,25.5000,4.394052
1663,55033078070331,15:17:13,55034348146233,1270075902,250,50,1784,4602,11611700,11614700,15.0000,2.583601
1664,55034348146233,15:17:14,55037383074515,3034928282,191,50,-1397,3079,11614700,11611800,-14.5000,-2.496836
1665,55037383074515,15:17:17,55038375104503,992029988,151,50,-428,3180,11611800,11609700,-10.5000,-1.808505
1666,55038375104503,15:17:18,55040373479042,1998374539,128,50,1958,4876,11609700,11610800,5.5000,0.947484
1667,55040373479042,15:17:20,55051202881879,10829402837,267,50,860,4696,11610800,11610100,-3.5000,-0.602887
1668,55051202881879,15:17:31,55085126443366,33923561487,383,50,-1160,4146,11610100,11608300,-9.0000,-1.550374
1669,55085126443366,15:18:05,55104430491131,19304047765,199,50,-1122,4270,11608300,11606900,-7.0000,-1.206034
1670,55104430491131,15:18:24,55113859852918,9429361787,162,50,2739,4783,11606900,11611000,20.5000,3.532382
1671,55113859852918,15:18:33,55134026455850,20166602932,289,50,-230,4516,11611000,11610500,-2.5000,-0.430626
1672,55134026455850,15:18:54,55148215036996,14188581146,315,50,-1421,4297,11610500,11609600,-4.5000,-0.775160
1673,55148215036996,15:19:08,55156022003355,7806966359,150,50,-2780,5784,11609600,11606700,-14.5000,-2.497933
1674,55156022003355,15:19:16,55159798694444,3776691089,128,50,-1816,4816,11606700,11605900,-4.0000,-0.689257
1675,55159798694444,15:19:19,55161979797645,2181103201,192,50,-877,4593,11605900,11604200,-8.5000,-1.464772
1676,55161979797645,15:19:21,55167367288246,5387490601,224,50,-697,4347,11604200,11603300,-4.5000,-0.775581
1677,55167367288246,15:19:27,55174542822080,7175533834,153,50,-720,4352,11603300,11603000,-1.5000,-0.258547
1678,55174542822080,15:19:34,55182111804084,7568982004,199,50,-879,6883,11603000,11602600,-2.0000,-0.344738
1679,55182111804084,15:19:42,55187405221404,5293417320,125,50,-1500,3580,11602600,11601200,-7.0000,-1.206626
1680,55187405221404,15:19:47,55188629058850,1223837446,63,50,-1449,1759,11601200,11600800,-2.0000,-0.344792
1681,55188629058850,15:19:48,55188645485815,16426965,51,50,-2520,2572,11600800,11600800,0.0000,0.000000
1682,55188645485815,15:19:48,55188651856516,6370701,54,50,-13360,13536,11600800,11600800,0.0000,0.000000
1683,55188651856516,15:19:48,55188659250629,7394113,52,50,-1741,1741,11600800,11600800,0.0000,0.000000
1684,55188659250629,15:19:48,55188784717084,125466455,53,50,8454,9748,11600800,11600500,-1.5000,-0.258603
1685,55188784717084,15:19:48,55188795476223,10759139,50,50,-8669,9697,11600500,11600500,0.0000,0.000000
1686,55188795476223,15:19:48,55188824123215,28646992,50,50,8701,9565,11600500,11600500,0.0000,0.000000
1687,55188824123215,15:19:48,55189121130807,297007592,60,50,-1284,4856,11600500,11600700,1.0000,0.172406
1688,55189121130807,15:19:49,55189302361426,181230619,54,50,-9153,9353,11600700,11600600,-0.5000,-0.086202
1689,55189302361426,15:19:49,55189334082229,31720803,51,50,3593,4117,11600600,11600600,0.0000,0.000000
1690,55189334082229,15:19:49,55189732935129,398852900,56,50,-3977,4065,11600600,11600600,0.0000,0.000000
1691,55189732935129,15:19:49,55189827745844,94810715,51,50,2664,5114,11600600,11600600,0.0000,0.000000
1692,55189827745844,15:19:49,55189899529218,71783374,66,50,-3882,4682,11600600,11600100,-2.5000,-0.431012
1693,55189899529218,15:19:49,55191882248687,1982719469,132,50,-2482,5312,11600100,11598800,-6.5000,-1.120680
1694,55191882248687,15:19:51,55191973637030,91388343,105,50,-1771,3651,11598800,11596100,-13.5000,-2.327827
1695,55191973637030,15:19:51,55192069955406,96318376,73,50,-692,5308,11596100,11596400,1.5000,0.258708
1696,55192069955406,15:19:52,55192097902134,27946728,67,50,-1900,6900,11596400,11596300,-0.5000,-0.086234
1697,55192097902134,15:19:52,55192198068671,100166537,70,50,-2101,7101,11596300,11596100,-1.0000,-0.172469
1698,55192198068671,15:19:52,55192454970280,256901609,71,50,-1807,6007,11596100,11595900,-1.0000,-0.172472
1699,55192454970280,15:19:52,55193584385741,1129415461,146,50,-1078,4146,11595900,11594400,-7.5000,-1.293561
1700,55193584385741,15:19:53,55194758803887,1174418146,189,50,659,5229,11594400,11591300,-15.5000,-2.673705
1701,55194758803887,15:19:54,55197501673937,2742870050,178,50,100,6000,11591300,11591500,1.0000,0.172543
1702,55197501673937,15:19:57,55199983031911,2481357974,158,50,1300,5900,11591500,11591800,1.5000,0.258810
1703,55199983031911,15:19:59,55206877324398,6894292487,263,50,1452,5156,11591800,11593300,7.5000,1.294018
1704,55206877324398,15:20:06,55211308315237,4430990839,202,50,-32,8578,11593300,11592100,-6.0000,-1.035081
1705,55211308315237,15:20:11,55215370146108,4061830871,179,50,-770,4830,11592100,11594100,10.0000,1.725313
1706,55215370146108,15:20:15,55223639372168,8269226060,484,50,-200,4804,11594100,11593000,-5.5000,-0.948758
1707,55223639372168,15:20:23,55224557213118,917840950,108,50,-2035,5035,11593000,11591500,-7.5000,-1.293884
1708,55224557213118,15:20:24,55225609736143,1052523025,110,50,800,5030,11591500,11591800,1.5000,0.258810
1709,55225609736143,15:20:25,55227420111289,1810375146,134,50,516,6916,11591800,11591500,-1.5000,-0.258804
1710,55227420111289,15:20:27,55236138196050,8718084761,162,50,986,5618,11591500,11593200,8.5000,1.466592
1711,55236138196050,15:20:36,55239580721832,3442525782,140,50,219,4641,11593200,11593600,2.0000,0.345030
1712,55239580721832,15:20:39,55245096592078,5515870246,164,50,-1258,3698,11593600,11591700,-9.5000,-1.638835
1713,55245096592078,15:20:45,55252650137646,7553545568,160,50,-500,4430,11591700,11590300,-7.0000,-1.207761
1714,55252650137646,15:20:52,55253245403349,595265703,138,50,-2055,5855,11590300,11588800,-7.5000,-1.294186
1715,55253245403349,15:20:53,55264308221639,11062818290,236,50,1910,5296,11588800,11590500,8.5000,1.466934
1716,55264308221639,15:21:04,55267700225319,3392003680,181,50,1520,6130,11590500,11591300,4.0000,0.690220
1717,55267700225319,15:21:07,55270576453220,2876227901,143,50,-559,5059,11591300,11589600,-8.5000,-1.466617
1718,55270576453220,15:21:10,55270617882921,41429701,100,50,-655,4155,11589600,11587100,-12.5000,-2.157106
1719,55270617882921,15:21:10,55274900377604,4282494683,197,50,506,4694,11587100,11587400,1.5000,0.258909
1720,55274900377604,15:21:14,55277746477327,2846099723,157,50,-1740,3860,11587400,11586000,-7.0000,-1.208209
1721,55277746477327,15:21:17,55284106072073,6359594746,169,50,-253,3397,11586000,11586100,0.5000,0.086311
1722,55284106072073,15:21:24,55291144703191,7038631118,242,50,350,4076,11586100,11586600,2.5000,0.431552
1723,55291144703191,15:21:31,55308071843342,16927140151,171,50,130,3878,11586600,11586500,-0.5000,-0.086307
1724,55308071843342,15:21:48,55316322974711,8251131369,190,50,755,2975,11586500,11588600,10.5000,1.812454
1725,55316322974711,15:21:56,55318950680562,2627705851,212,50,1883,4837,11588600,11592000,17.0000,2.933918
1726,55318950680562,15:21:58,55329706013233,10755332671,314,50,824,3306,11592000,11592800,4.0000,0.690131
1727,55329706013233,15:22:09,55333329220524,3623207291,165,50,-1242,3230,11592800,11590400,-12.0000,-2.070251
1728,55333329220524,15:22:13,55338259538209,4930317685,150,50,461,3909,11590400,11591800,7.0000,1.207896
1729,55338259538209,15:22:18,55349879996571,11620458362,249,50,-224,10410,11591800,11591800,0.0000,0.000000
1730,55349879996571,15:22:29,55359662083747,9782087176,233,50,-1046,3168,11591800,11592000,1.0000,0.172536
1731,55359662083747,15:22:39,55369258289626,9596205879,183,50,-870,5934,11592000,11590100,-9.5000,-1.639061
1732,55369258289626,15:22:49,55370558790725,1300501099,116,50,-367,4967,11590100,11588900,-6.0000,-1.035366
1733,55370558790725,15:22:50,55379552308541,8993517816,259,50,1553,3307,11588900,11592500,18.0000,3.106421
1734,55379552308541,15:22:59,55392249167821,12696859280,282,50,909,4779,11592500,11592200,-1.5000,-0.258788
1735,55392249167821,15:23:12,55399855068000,7605900179,180,50,900,4634,11592200,11593800,8.0000,1.380238
1736,55399855068000,15:23:19,55410589278227,10734210227,402,50,1222,3984,11593800,11596200,12.0000,2.070072
1737,55410589278227,15:23:30,55414900926935,4311648708,179,50,1441,4031,11596200,11596900,3.5000,0.603646
1738,55414900926935,15:23:34,55419789494478,4888567543,139,50,1492,4908,11596900,11597500,3.0000,0.517380
1739,55419789494478,15:23:39,55429563976964,9774482486,240,50,366,4656,11597500,11597200,-1.5000,-0.258676
1740,55429563976964,15:23:49,55439463524411,9899547447,234,50,704,4604,11597200,11598100,4.5000,0.776049
1741,55439463524411,15:23:59,55445754852946,6291328535,305,50,-159,5041,11598100,11596600,-7.5000,-1.293315
1742,55445754852946,15:24:05,55450954642088,5199789142,219,50,-1292,4948,11596600,11594900,-8.5000,-1.465947
1743,55450954642088,15:24:10,55454794277904,3839635816,158,50,1335,3825,11594900,11597100,11.0000,1.897386
1744,55454794277904,15:24:14,55456226591053,1432313149,133,50,737,4663,11597100,11597700,3.0000,0.517371
1745,55456226591053,15:24:16,55459718528196,3491937143,127,50,560,4740,11597700,11596000,-8.5000,-1.465808
1746,55459718528196,15:24:19,55459836899686,118371490,87,50,2500,8100,11596000,11596400,2.0000,0.344947
1747,55459836899686,15:24:19,55468270981469,8434081783,172,50,1669,6179,11596400,11594900,-7.5000,-1.293505
1748,55468270981469,15:24:28,55468825905054,554923585,82,50,3600,10000,11594900,11595300,2.0000,0.344979
1749,55468825905054,15:24:28,55469075931712,250026658,105,50,2492,9508,11595300,11595100,-1.0000,-0.172484
1750,55469075931712,15:24:29,55474888501820,5812570108,166,50,792,5656,11595100,11596600,7.5000,1.293650
1751,55474888501820,15:24:34,55477670005893,2781504073,88,50,2742,7858,11596600,11597100,2.5000,0.431161
1752,55477670005893,15:24:37,55478639250981,969245088,87,50,701,7499,11597100,11596100,-5.0000,-0.862285
1753,55478639250981,15:24:38,55492279697859,13640446878,222,50,-342,2762,11596100,11596100,0.0000,0.000000
1754,55492279697859,15:24:52,55493885724226,1606026367,124,50,2076,5324,11596100,11598000,9.5000,1.638482
1755,55493885724226,15:24:53,55494713565633,827841407,75,50,1200,6600,11598000,11597800,-1.0000,-0.172444
1756,55494713565633,15:24:54,55494918877626,205311993,76,50,1800,6600,11597800,11597800,0.0000,0.000000
1757,55494918877626,15:24:54,55497144551884,2225674258,75,50,925,8525,11597800,11598200,2.0000,0.344893
1758,55497144551884,15:24:57,55498428303347,1283751463,92,50,1302,4902,11598200,11598800,3.0000,0.517322
1759,55498428303347,15:24:58,55498723060460,294757113,93,50,1126,4726,11598800,11598800,0.0000,0.000000
1760,55498723060460,15:24:58,55499905060849,1182000389,100,50,2993,4793,11598800,11601100,11.5000,1.982964
1761,55499905060849,15:24:59,55501077700020,1172639171,189,50,2447,3127,11601100,11604900,19.0000,3.275551
1762,55501077700020,15:25:01,55505232987801,4155287781,187,50,-330,2442,11604900,11602300,-13.0000,-2.240433
1763,55505232987801,15:25:05,55505566791199,333803398,154,50,-1366,3966,11602300,11600000,-11.5000,-1.982366
1764,55505566791199,15:25:05,55512123599143,6556807944,231,50,-1753,4955,11600000,11597000,-15.0000,-2.586207
1765,55512123599143,15:25:12,55521236209523,9112610380,228,50,8,2762,11597000,11597900,4.5000,0.776063
1766,55521236209523,15:25:21,55525549808491,4313598968,195,50,3051,4675,11597900,11599900,10.0000,1.724450
1767,55525549808491,15:25:25,55531752768504,6202960013,204,50,2216,4836,11599900,11603500,18.0000,3.103475
1768,55531752768504,15:25:31,55535028534543,3275766039,262,50,-376,3352,11603500,11601900,-8.0000,-1.378894
1769,55535028534543,15:25:35,55539434536771,4406002228,288,50,443,3719,11601900,11603700,9.0000,1.551470
1770,55539434536771,15:25:39,55541814165241,2379628470,183,50,-1724,3674,11603700,11600100,-18.0000,-3.102459
1771,55541814165241,15:25:41,55548472136133,6657970892,209,50,274,4096,11600100,11601600,7.5000,1.293092
1772,55548472136133,15:25:48,55551992189933,3520053800,179,50,-1014,4948,11601600,11601300,-1.5000,-0.258585
1773,55551992189933,15:25:51,55570625376543,18633186610,337,50,231,10491,11601300,11602700,7.0000,1.206761
1774,55570625376543,15:26:10,55584906518473,14281141930,140,50,-1168,4834,11602700,11601300,-7.0000,-1.206616
1775,55584906518473,15:26:24,55589777193299,4870674826,151,50,-2481,4551,11601300,11599400,-9.5000,-1.637747
1776,55589777193299,15:26:29,55592840475952,3063282653,143,50,-979,5617,11599400,11596600,-14.0000,-2.413918
1777,55592840475952,15:26:32,55602597873921,9757397969,268,50,1372,4584,11596600,11601600,25.0000,4.311609
1778,55602597873921,15:26:42,55629077488045,26479614124,376,50,-1120,4188,11601600,11597900,-18.5000,-3.189215
1779,55629077488045,15:27:09,55641683127611,12605639566,221,50,1513,3669,11597900,11601200,16.5000,2.845343
1780,55641683127611,15:27:21,55648409558920,6726431309,211,50,597,4659,11601200,11600700,-2.5000,-0.430990
1781,55648409558920,15:27:28,55656805825135,8396266215,239,50,332,3812,11600700,11601200,2.5000,0.431008
1782,55656805825135,15:27:36,55664257331627,7451506492,191,50,-1006,3800,11601200,11598700,-12.5000,-2.154949
1783,55664257331627,15:27:44,55675145095495,10887763868,253,50,-507,4403,11598700,11598500,-1.0000,-0.172433
1784,55675145095495,15:27:55,55697120132548,21975037053,382,50,-667,5789,11598500,11597300,-6.0000,-1.034617
1785,55697120132548,15:28:17,55707187592556,10067460008,160,50,-697,3841,11597300,11597000,-1.5000,-0.258681
1786,55707187592556,15:28:27,55719155971886,11968379330,253,50,366,3930,11597000,11597300,1.5000,0.258688
1787,55719155971886,15:28:39,55737274589707,18118617821,222,50,-37,5279,11597300,11597500,1.0000,0.172454
1788,55737274589707,15:28:57,55747543190241,10268600534,202,50,2154,4656,11597500,11599000,7.5000,1.293382
1789,55747543190241,15:29:07,55759451280729,11908090488,204,50,2027,5475,11599000,11601700,13.5000,2.327787
1790,55759451280729,15:29:19,55767949495173,8498214444,268,50,-1526,3950,11601700,11599700,-10.0000,-1.723885
1791,55767949495173,15:29:27,55773740530318,5791035145,219,50,1211,3115,11599700,11599900,1.0000,0.172418
1792,55773740530318,15:29:33,55781487009165,7746478847,251,50,560,4414,11599900,11600200,1.5000,0.258623
1793,55781487009165,15:29:41,55790466721546,8979712381,302,50,-1425,3237,11600200,11598100,-10.5000,-1.810314
1794,55790466721546,15:29:50,55797962077715,7495356169,205,50,-317,3381,11598100,11596400,-8.5000,-1.465757
1795,55797962077715,15:29:57,55811219111008,13257033293,149,50,43,3139,11596400,11595600,-4.0000,-0.689869
1796,55811219111008,15:30:11,55812764746871,1545635863,189,50,-172,4384,11595600,11593900,-8.5000,-1.466073
1797,55812764746871,15:30:12,55812804936876,40190005,76,50,700,4900,11593900,11592200,-8.5000,-1.466288
1798,55812804936876,15:30:12,55813832149216,1027212340,163,50,-63,4541,11592200,11591900,-1.5000,-0.258795
1799,55813832149216,15:30:13,55815131110086,1298960870,133,50,-1234,4552,11591900,11589900,-10.0000,-1.725343
1800,55815131110086,15:30:15,55815202429527,71319441,76,50,736,5464,11589900,11589100,-4.0000,-0.690256
1801,55815202429527,15:30:15,55817007212230,1804782703,101,50,896,5412,11589100,11589400,1.5000,0.258864
1802,55817007212230,15:30:17,55826384510421,9377298191,187,50,1166,4012,11589400,11591700,11.5000,1.984572
1803,55826384510421,15:30:26,55828458204337,2073693916,133,50,-125,4141,11591700,11590800,-4.5000,-0.776418
1804,55828458204337,15:30:28,55840090969392,11632765055,242,50,968,3292,11590800,11589300,-7.5000,-1.294130
1805,55840090969392,15:30:40,55843721459407,3630490015,205,50,2786,4550,11589300,11590900,8.0000,1.380584
1806,55843721459407,15:30:43,55845961141822,2239682415,168,50,2904,4444,11590900,11594200,16.5000,2.847061
1807,55845961141822,15:30:45,55848389805874,2428664052,169,50,-2916,5008,11594200,11594200,0.0000,0.000000
1808,55848389805874,15:30:48,55848404228329,14422455,84,50,600,4800,11594200,11594500,1.5000,0.258750
1809,55848404228329,15:30:48,55849533014379,1128786050,146,50,-700,5224,11594500,11594600,0.5000,0.086248
1810,55849533014379,15:30:49,55858064182460,8531168081,187,50,1416,4324,11594600,11595000,2.0000,0.344988
1811,55858064182460,15:30:58,55858102143479,37961019,94,50,-908,4308,11595000,11593600,-7.0000,-1.207417
1812,55858102143479,15:30:58,55858709750736,607607257,109,50,-1804,4404,11593600,11592300,-6.5000,-1.121308
1813,55858709750736,15:30:58,55866878373327,8168622591,243,50,-979,4317,11592300,11591200,-5.5000,-0.948906
1814,55866878373327,15:31:06,55868735237660,1856864333,104,50,-1044,4244,11591200,11589900,-6.5000,-1.121540
1815,55868735237660,15:31:08,55877488480784,8753243124,172,50,-1800,4306,11589900,11588400,-7.5000,-1.294230
1816,55877488480784,15:31:17,55885337388470,7848907686,194,50,-842,2684,11588400,11587900,-2.5000,-0.431466
1817,55885337388470,15:31:25,55903555041720,18217653250,163,50,-1789,3575,11587900,11585700,-11.0000,-1.898532
1818,55903555041720,15:31:43,55907649483802,4094442082,94,50,-390,4064,11585700,11586100,2.0000,0.345253
1819,55907649483802,15:31:47,55910118955076,2469471274,71,50,-1439,3945,11586100,11585000,-5.5000,-0.949414
1820,55910118955076,15:31:50,55913890417934,3771462858,197,50,-3598,4232,11585000,11582900,-10.5000,-1.812689
1821,55913890417934,15:31:53,55916766193851,2875775917,132,50,-1613,4407,11582900,11581700,-6.0000,-1.036010
1822,55916766193851,15:31:56,55927107651388,10341457537,235,50,-1358,3652,11581700,11580900,-4.0000,-0.690745
1823,55927107651388,15:32:07,55929397353907,2289702519,93,50,-1800,2870,11580900,11579900,-5.0000,-0.863491
1824,55929397353907,15:32:09,55934847064480,5449710573,117,50,754,4254,11579900,11580100,1.0000,0.172713
1825,55934847064480,15:32:14,55944326480209,9479415729,202,50,488,3246,11580100,11580200,0.5000,0.086355
1826,55944326480209,15:32:24,55959556567578,15230087369,236,50,-259,2969,11580200,11579500,-3.5000,-0.604480
1827,55959556567578,15:32:39,55974797654966,15241087388,177,50,-876,3622,11579500,11578600,-4.5000,-0.777236
1828,55974797654966,15:32:54,55978381120460,3583465494,95,50,200,4504,11578600,11578500,-0.5000,-0.086366
1829,55978381120460,15:32:58,55990129834729,11748714269,342,50,1391,4915,11578500,11579900,7.0000,1.209138
1830,55990129834729,15:33:10,55998048227538,7918392809,235,50,502,3560,11579900,11582000,10.5000,1.813487
1831,55998048227538,15:33:18,56001338952388,3290724850,227,50,-2002,3122,11582000,11578000,-20.0000,-3.453635
1832,56001338952388,15:33:21,56010135527940,8796575552,237,50,-1574,4006,11578000,11576500,-7.5000,-1.295561
1833,56010135527940,15:33:30,56013571767931,3436239991,232,50,-1161,2961,11576500,11573500,-15.0000,-2.591457
1834,56013571767931,15:33:33,56016656463731,3084695800,154,50,-1514,4786,11573500,11572500,-5.0000,-0.864043
1835,56016656463731,15:33:36,56025557434735,8900971004,203,50,-954,4174,11572500,11572100,-2.0000,-0.345647
1836,56025557434735,15:33:45,56028426124694,2868689959,127,50,-652,4482,11572100,11571000,-5.5000,-0.950562
1837,56028426124694,15:33:48,56029550890035,1124765341,180,50,-1712,3498,11571000,11568900,-10.5000,-1.814882
1838,56029550890035,15:33:49,56037296130756,7745240721,210,50,877,3815,11568900,11570000,5.5000,0.950825
1839,56037296130756,15:33:57,56037527764356,231633600,146,50,3166,5222,11570000,11575000,25.0000,4.321521
1840,56037527764356,15:33:57,56037647691746,119927390,98,50,2832,3848,11575000,11576800,9.0000,1.555076
1841,56037647691746,15:33:57,56037676209586,28517840,97,50,1916,3620,11576800,11581100,21.5000,3.714325
1842,56037676209586,15:33:57,56037743840780,67631194,140,50,1847,3039,11581100,11585300,21.0000,3.626599
1843,56037743840780,15:33:57,56038143950218,400109438,113,50,561,2977,11585300,11584400,-4.5000,-0.776847
1844,56038143950218,15:33:58,56039394414608,1250464390,179,50,-1274,5656,11584400,11583600,-4.0000,-0.690584
1845,56039394414608,15:33:59,56040648702848,1254288240,167,50,-1553,3505,11583600,11581800,-9.0000,-1.553921
1846,56040648702848,15:34:00,56041767204177,1118501329,191,50,-2676,4354,11581800,11576400,-27.0000,-4.662488
1847,56041767204177,15:34:01,56046286627649,4519423472,152,50,-2430,4372,11576400,11573500,-14.5000,-2.505097
1848,56046286627649,15:34:06,56049175284891,2888657242,216,50,-3185,4485,11573500,11568100,-27.0000,-4.665831
1849,56049175284891,15:34:09,56052121316246,2946031355,144,50,-1485,3475,11568100,11565300,-14.0000,-2.420449
1850,56052121316246,15:34:12,56053054336048,933019802,129,50,-1025,3871,11565300,11562100,-16.0000,-2.766898
1851,56053054336048,15:34:13,56053475898228,421562180,108,50,-1991,3467,11562100,11561900,-1.0000,-0.172979
1852,56053475898228,15:34:13,56054362625697,886727469,85,50,265,2467,11561900,11561800,-0.5000,-0.086491
1853,56054362625697,15:34:14,56054473038121,110412424,56,50,-1374,2814,11561800,11561800,0.0000,0.000000
1854,56054473038121,15:34:14,56055946888191,1473850070,74,50,-663,2757,11561800,11561700,-0.5000,-0.086492
1855,56055946888191,15:34:15,56056354517765,407629574,113,50,-1861,4347,11561700,11560800,-4.5000,-0.778432
1856,56056354517765,15:34:16,56058593730933,2239213168,126,50,-1150,4650,11560800,11560400,-2.0000,-0.345997
1857,56058593730933,15:34:18,56063513981921,4920250988,249,50,906,4344,11560400,11562800,12.0000,2.076053
1858,56063513981921,15:34:23,56068795723046,5281741125,212,50,2123,5323,11562800,11567200,22.0000,3.805307
1859,56068795723046,15:34:28,56080195508411,11399785365,201,50,-2537,4865,11567200,11564400,-14.0000,-2.420638
1860,56080195508411,15:34:40,56087134544288,6939035877,245,50,-614,5584,11564400,11564400,0.0000,0.000000
1861,56087134544288,15:34:47,56090178528596,3043984308,183,50,6342,8894,11564400,11567800,17.0000,2.940057
1862,56090178528596,15:34:50,56105534542969,15356014373,256,50,-173,3791,11567800,11566400,-7.0000,-1.210256
1863,56105534542969,15:35:05,56107441221500,1906678531,152,50,2372,7988,11566400,11570500,20.5000,3.544750
1864,56107441221500,15:35:07,56116931727565,9490506065,283,50,808,3146,11570500,11572100,8.0000,1.382827
1865,56116931727565,15:35:16,56126440441142,9508713577,229,50,-990,3026,11572100,11571100,-5.0000,-0.864147
1866,56126440441142,15:35:26,56127414382093,973940951,85,50,436,4196,11571100,11571200,0.5000,0.086422
1867,56127414382093,15:35:27,56139408257356,11993875263,135,50,217,3435,11571200,11573000,9.0000,1.555586
1868,56139408257356,15:35:39,56149985409453,10577152097,216,50,-2059,3975,11573000,11569300,-18.5000,-3.197097
1869,56149985409453,15:35:49,56154643847892,4658438439,181,50,-1649,4049,11569300,11566100,-16.0000,-2.765941
1870,56154643847892,15:35:54,56166652331331,12008483439,237,50,255,3507,11566100,11565900,-1.0000,-0.172919
1871,56166652331331,15:36:06,56167399203251,746871920,117,50,1600,5000,11565900,11567300,7.0000,1.210455
1872,56167399203251,15:36:07,56168307054865,907851614,67,50,1269,4669,11567300,11567900,3.0000,0.518704
1873,56168307054865,15:36:08,56168517472628,210417763,72,50,503,4307,11567900,11567200,-3.5000,-0.605123
1874,56168517472628,15:36:08,56170121412107,1603939479,70,50,-99,4307,11567200,11567000,-1.0000,-0.172903
1875,56170121412107,15:36:10,56170520711818,399299711,84,50,503,4307,11567000,11567600,3.0000,0.518717
1876,56170520711818,15:36:10,56172886922319,2366210501,135,50,2,2764,11567600,11568000,2.0000,0.345793
1877,56172886922319,15:36:12,56173024735327,137813008,123,50,-2285,3287,11568000,11564800,-16.0000,-2.766252
1878,56173024735327,15:36:13,56173120525303,95789976,110,50,-1823,3097,11564800,11563200,-8.0000,-1.383509
1879,56173120525303,15:36:13,56175939602383,2819077080,185,50,1134,3636,11563200,11564300,5.5000,0.951294
1880,56175939602383,15:36:15,56176630801026,691198643,141,50,1290,4328,11564300,11568300,20.0000,3.458921
1881,56176630801026,15:36:16,56185379714580,8748913554,230,50,320,3578,11568300,11567300,-5.0000,-0.864431
1882,56185379714580,15:36:25,56190650013538,5270298958,168,50,-209,3253,11567300,11567700,2.0000,0.345802
1883,56190650013538,15:36:30,56194663150185,4013136647,148,50,1132,3890,11567700,11569200,7.5000,1.296714
1884,56194663150185,15:36:34,56203247649147,8584498962,240,50,642,3730,11569200,11570900,8.5000,1.469419
1885,56203247649147,15:36:43,56215514243452,12266594305,293,50,-2609,4359,11570900,11565700,-26.0000,-4.494032
1886,56215514243452,15:36:55,56220451179677,4936936225,197,50,475,4279,11565700,11568000,11.5000,1.988639
1887,56220451179677,15:37:00,56234387796540,13936616863,192,50,-125,3259,11568000,11567500,-2.5000,-0.432227
1888,56234387796540,15:37:14,56246160509562,11772713022,171,50,1076,3434,11567500,11569300,9.0000,1.556084
1889,56246160509562,15:37:26,56248198989018,2038479456,180,50,2352,3882,11569300,11574500,26.0000,4.494654
1890,56248198989018,15:37:28,56254901023133,6702034115,247,50,-820,3462,11574500,11571300,-16.0000,-2.764698
1891,56254901023133,15:37:34,56265934504987,11033481854,267,50,820,3690,11571300,11573400,10.5000,1.814835
1892,56265934504987,15:37:45,56280764731034,14830226047,173,50,400,3148,11573400,11574700,6.5000,1.123265
1893,56280764731034,15:38:00,56292334197881,11569466847,192,50,-712,6520,11574700,11573400,-6.5000,-1.123139
1894,56292334197881,15:38:12,56296367576504,4033378623,138,50,-4978,6978,11573400,11569800,-18.0000,-3.110581
1895,56296367576504,15:38:16,56302501410719,6133834215,181,50,-7,3925,11569800,11571400,8.0000,1.382911
1896,56302501410719,15:38:22,56304360256442,1858845723,153,50,2966,4366,11571400,11574400,15.0000,2.592599
1897,56304360256442,15:38:24,56309635248864,5274992422,123,50,1970,5086,11574400,11575900,7.5000,1.295964
1898,56309635248864,15:38:29,56314325089148,4689840284,158,50,2013,3719,11575900,11578000,10.5000,1.814114
1899,56314325089148,15:38:34,56320703365462,6378276314,207,50,-17,3669,11578000,11577900,-0.5000,-0.086371
1900,56320703365462,15:38:40,56325234308541,4530943079,108,50,1282,4318,11577900,11578600,3.5000,0.604600
1901,56325234308541,15:38:45,56330720336848,5486028307,162,50,-1708,5250,11578600,11576400,-11.0000,-1.900057
1902,56330720336848,15:38:50,56339681681744,8961344896,244,50,-1329,4747,11576400,11575200,-6.0000,-1.036592
1903,56339681681744,15:38:59,56346987192911,7305511167,216,50,-1755,3903,11575200,11572600,-13.0000,-2.246181
1904,56346987192911,15:39:06,56351085181859,4097988948,135,50,-1241,2883,11572600,11571600,-5.0000,-0.864110
1905,56351085181859,15:39:11,56354360174863,3274993004,121,50,-3317,4337,11571600,11567700,-19.5000,-3.370320
1906,56354360174863,15:39:14,56366861499425,12501324562,264,50,1930,4462,11567700,11572500,24.0000,4.149485
1907,56366861499425,15:39:26,56386410506027,19549006602,245,50,-1295,5063,11572500,11568600,-19.5000,-3.370058
1908,56386410506027,15:39:46,56404323235691,17912729664,176,50,-87,3091,11568600,11568100,-2.5000,-0.432204
1909,56404323235691,15:40:04,56407551232546,3227996855,150,50,-1492,3724,11568100,11565800,-11.5000,-1.988226
1910,56407551232546,15:40:07,56417555775665,10004543119,95,50,-276,4408,11565800,11565100,-3.5000,-0.605233
1911,56417555775665,15:40:17,56422150502069,4594726404,145,50,648,3826,11565100,11565300,1.0000,0.172934
1912,56422150502069,15:40:22,56429749658144,7599156075,182,50,590,2716,11565300,11566600,6.5000,1.124052
1913,56429749658144,15:40:29,56434995810323,5246152179,207,50,1204,3590,11566600,11568700,10.5000,1.815572
1914,56434995810323,15:40:34,56445661747076,10665936753,181,50,384,3696,11568700,11569100,2.0000,0.345761
1915,56445661747076,15:40:45,56453859688608,8197941532,187,50,-1145,3993,11569100,11568600,-2.5000,-0.432186
1916,56453859688608,15:40:53,56456633246541,2773557933,124,50,-535,4135,11568600,11567100,-7.5000,-1.296613
1917,56456633246541,15:40:56,56458317052652,1683806111,152,50,2168,3648,11567100,11570000,14.5000,2.507111
1918,56458317052652,15:40:58,56469246782910,10929730258,160,50,15,4117,11570000,11570800,4.0000,0.691443
1919,56469246782910,15:41:09,56474368830401,5122047491,154,50,1799,3469,11570800,11572900,10.5000,1.814913
1920,56474368830401,15:41:14,56479371445456,5002615055,122,50,-168,4304,11572900,11571600,-6.5000,-1.123314
1921,56479371445456,15:41:19,56485121585017,5750139561,157,50,1767,10567,11571600,11573700,10.5000,1.814788
1922,56485121585017,15:41:25,56486639007708,1517422691,148,50,-3745,6539,11573700,11570600,-15.5000,-2.678487
1923,56486639007708,15:41:26,56487020797594,381789886,111,50,124,4784,11570600,11569700,-4.5000,-0.777833
1924,56487020797594,15:41:27,56489965860936,2945063342,143,50,-316,6654,11569700,11568700,-5.0000,-0.864327
1925,56489965860936,15:41:29,56501530845976,11564985040,141,50,-1712,8948,11568700,11567900,-4.0000,-0.691521
1926,56501530845976,15:41:41,56504888587282,3357741306,124,50,1718,8678,11567900,11567800,-0.5000,-0.086446
1927,56504888587282,15:41:44,56508544241207,3655653925,107,50,2698,9194,11567800,11568400,3.0000,0.518681
1928,56508544241207,15:41:48,56514958196269,6413955062,157,50,2855,7993,11568400,11569100,3.5000,0.605097
1929,56514958196269,15:41:54,56526742260072,11784063803,152,50,950,4166,11569100,11570900,9.0000,1.555869
1930,56526742260072,15:42:06,56530737243775,3994983703,173,50,1189,4361,11570900,11571900,5.0000,0.864237
1931,56530737243775,15:42:10,56541910244683,11173000908,182,50,-2669,3689,11571900,11569200,-13.5000,-2.333238
1932,56541910244683,15:42:21,56544615310560,2705065877,135,50,306,5684,11569200,11570100,4.5000,0.777928
1933,56544615310560,15:42:24,56557212803227,12597492667,171,50,-1462,4962,11570100,11567200,-14.5000,-2.506461
1934,56557212803227,15:42:37,56567411373329,10198570102,158,50,-81,3809,11567200,11566700,-2.5000,-0.432257
1935,56567411373329,15:42:47,56580299222870,12887849541,175,50,448,3968,11566700,11567400,3.5000,0.605186
1936,56580299222870,15:43:00,56593609133333,13309910463,172,50,998,4344,11567400,11567800,2.0000,0.345799
1937,56593609133333,15:43:13,56614386749959,20777616626,194,50,-1064,4050,11567800,11566900,-4.5000,-0.778022
1938,56614386749959,15:43:34,56614635127701,248377742,143,50,-2594,4224,11566900,11563900,-15.0000,-2.593608
1939,56614635127701,15:43:34,56616002222387,1367094686,115,50,-455,4355,11563900,11563100,-4.0000,-0.691808
1940,56616002222387,15:43:36,56623243375117,7241152730,131,50,59,3941,11563100,11564500,7.0000,1.210748
1941,56623243375117,15:43:43,56627152671628,3909296511,153,50,249,3383,11564500,11564800,1.5000,0.259415
1942,56627152671628,15:43:47,56632327739503,5175067875,133,50,-1773,5097,11564800,11563700,-5.5000,-0.951162
1943,56632327739503,15:43:52,56644964319740,12636580237,194,50,1551,4521,11563700,11566000,11.5000,1.988983
1944,56644964319740,15:44:04,56651428878302,6464558562,202,50,2660,4792,11566000,11568600,13.0000,2.247968
1945,56651428878302,15:44:11,56667065961021,15637082719,267,50,-1007,4181,11568600,11566700,-9.5000,-1.642377
1946,56667065961021,15:44:27,56676037208018,8971246997,203,50,-2223,4223,11566700,11564500,-11.0000,-1.902012
1947,56676037208018,15:44:36,56683042429879,7005221861,178,50,-996,4258,11564500,11564500,0.0000,0.000000
1948,56683042429879,15:44:43,56693965841577,10923411698,211,50,-35,3919,11564500,11564000,-2.5000,-0.432358
1949,56693965841577,15:44:53,56698709492707,4743651130,137,50,1377,4197,11564000,11566100,10.5000,1.815981
1950,56698709492707,15:44:58,56702913781160,4204288453,197,50,-738,4256,11566100,11564400,-8.5000,-1.469813
1951,56702913781160,15:45:02,56704339998112,1426216952,96,50,-1141,3435,11564400,11563800,-3.0000,-0.518834
1952,56704339998112,15:45:04,56707851818506,3511820394,155,50,-2708,6854,11563800,11561400,-12.0000,-2.075442
1953,56707851818506,15:45:07,56708558292859,706474353,90,50,-2327,4255,11561400,11559900,-7.5000,-1.297421
1954,56708558292859,15:45:08,56709087272843,528979984,131,50,-470,3818,11559900,11561600,8.5000,1.470601
1955,56709087272843,15:45:09,56713959944529,4872671686,173,50,104,3588,11561600,11561200,-2.0000,-0.345973
1956,56713959944529,15:45:13,56717594091993,3634147464,129,50,1828,10116,11561200,11559800,-7.0000,-1.210947
1957,56717594091993,15:45:17,56720505736343,2911644350,128,50,-640,4272,11559800,11560600,4.0000,0.692053
1958,56720505736343,15:45:20,56729718546797,9212810454,122,50,-389,3761,11560600,11558900,-8.5000,-1.470512
1959,56729718546797,15:45:29,56731754933795,2036386998,105,50,-1715,3163,11558900,11558100,-4.0000,-0.692107
1960,56731754933795,15:45:31,56732024711217,269777422,76,50,-17,4097,11558100,11557200,-4.5000,-0.778675
1961,56732024711217,15:45:32,56734907640504,2882929287,118,50,1226,7728,11557200,11556800,-2.0000,-0.346105
1962,56734907640504,15:45:34,56739050692696,4143052192,138,50,-1041,3377,11556800,11554800,-10.0000,-1.730583
1963,56739050692696,15:45:39,56739077850415,27157719,116,50,538,4678,11554800,11553600,-6.0000,-1.038529
1964,56739077850415,15:45:39,56739088139597,10289182,82,50,1200,5200,11553600,11553600,0.0000,0.000000
1965,56739088139597,15:45:39,56741374932962,2286793365,106,50,1018,3878,11553600,11554900,6.5000,1.125190
1966,56741374932962,15:45:41,56748002485840,6627552878,217,50,393,3947,11554900,11555700,4.0000,0.692347
1967,56748002485840,15:45:48,56756818224606,8815738766,191,50,148,2892,11555700,11557400,8.5000,1.471135
1968,56756818224606,15:45:56,56762832135379,6013910773,166,50,3546,4946,11557400,11561700,21.5000,3.720560
1969,56762832135379,15:46:02,56763635256534,803121155,145,50,237,4285,11561700,11562300,3.0000,0.518955
1970,56763635256534,15:46:03,56764314904408,679647874,110,50,-400,5000,11562300,11558800,-17.5000,-3.027079
1971,56764314904408,15:46:04,56776544380228,12229475820,194,50,145,4771,11558800,11559500,3.5000,0.605599
1972,56776544380228,15:46:16,56783219691443,6675311215,159,50,500,4874,11559500,11560400,4.5000,0.778580
1973,56783219691443,15:46:23,56786617068903,3397377460,173,50,-595,4795,11560400,11560200,-1.0000,-0.173004
1974,56786617068903,15:46:26,56790142754772,3525685869,144,50,-116,4832,11560200,11560000,-1.0000,-0.173007
1975,56790142754772,15:46:30,56793424304153,3281549381,168,50,-1681,3373,11560000,11556600,-17.0000,-2.941176
1976,56793424304153,15:46:33,56796901177042,3476872889,170,50,-1289,4195,11556600,11554400,-11.0000,-1.903674
1977,56796901177042,15:46:36,56807234959370,10333782328,260,50,-421,3593,11554400,11556400,10.0000,1.730942
1978,56807234959370,15:46:47,56815842557235,8607597865,141,50,1537,3445,11556400,11559000,13.0000,2.249836
1979,56815842557235,15:46:55,56826122756201,10280198966,228,50,2728,5728,11559000,11559700,3.5000,0.605589
1980,56826122756201,15:47:06,56830028252667,3905496466,206,50,-283,4191,11559700,11557700,-10.0000,-1.730149
1981,56830028252667,15:47:10,56836824587261,6796334594,148,50,-1385,3453,11557700,11557900,1.0000,0.173045
1982,56836824587261,15:47:16,56840570661086,3746073825,172,50,1183,4257,11557900,11560100,11.0000,1.903460
1983,56840570661086,15:47:20,56849631209614,9060548528,243,50,-231,5453,11560100,11558700,-7.0000,-1.211062
1984,56849631209614,15:47:29,56853477249676,3846040062,115,50,1707,4423,11558700,11557900,-4.0000,-0.692119
1985,56853477249676,15:47:33,56856123459954,2646210278,151,50,2601,4401,11557900,11558800,4.5000,0.778688
1986,56856123459954,15:47:36,56857690186310,1566726356,97,50,-400,4800,11558800,11558900,0.5000,0.086514
1987,56857690186310,15:47:37,56858194761196,504574886,98,50,-1800,4400,11558900,11558300,-3.0000,-0.519081
1988,56858194761196,15:47:38,56862657467375,4462706179,188,50,-1117,4517,11558300,11557200,-5.5000,-0.951697
1989,56862657467375,15:47:42,56874692228868,12034761493,180,50,1380,3500,11557200,11559000,9.0000,1.557471
1990,56874692228868,15:47:54,56878231764703,3539535835,205,50,-2398,3934,11559000,11555000,-20.0000,-3.460507
1991,56878231764703,15:47:58,56887343583829,9111819126,179,50,-67,4671,11555000,11554700,-1.5000,-0.259628
1992,56887343583829,15:48:07,56889560124998,2216541169,148,50,1216,4018,11554700,11555400,3.5000,0.605814
1993,56889560124998,15:48:09,56897324976955,7764851957,232,50,-926,3758,11555400,11554800,-3.0000,-0.519238
1994,56897324976955,15:48:17,56899033687334,1708710379,155,50,-1692,4092,11554800,11554100,-3.5000,-0.605809
1995,56899033687334,15:48:19,56899600876938,567189604,156,50,-2299,3375,11554100,11552500,-8.0000,-1.384790
1996,56899600876938,15:48:19,56904307389646,4706512708,186,50,-1821,4929,11552500,11553100,3.0000,0.519368
1997,56904307389646,15:48:24,56909479882991,5172493345,138,50,3508,4992,11553100,11555300,11.0000,1.904251
1998,56909479882991,15:48:29,56929088739808,19608856817,300,50,2637,4529,11555300,11556400,5.5000,0.951944
1999,56929088739808,15:48:49,56939240761005,10152021197,209,50,-568,4818,11556400,11556200,-1.0000,-0.173064
2000,56939240761005,15:48:59,56948925466637,9684705632,279,50,-249,4829,11556200,11556000,-1.0000,-0.173067
2001,56948925466637,15:49:08,56958190567102,9265100465,209,50,2158,4858,11556000,11558100,10.5000,1.817238
2002,56958190567102,15:49:18,56964273726351,6083159249,147,50,-1805,4905,11558100,11556600,-7.5000,-1.297791
2003,56964273726351,15:49:24,56966051612799,1777886448,135,50,-750,9550,11556600,11554900,-8.5000,-1.471021
2004,56966051612799,15:49:26,56967365898797,1314285998,92,50,2100,13140,11554900,11553800,-5.5000,-0.951977
2005,56967365898797,15:49:27,56971703301663,4337402866,149,50,-255,7055,11553800,11553300,-2.5000,-0.432758
2006,56971703301663,15:49:31,56981365142191,9661840528,164,50,-120,5796,11553300,11552800,-2.5000,-0.432777
2007,56981365142191,15:49:41,56985305220140,3940077949,168,50,788,4726,11552800,11553800,5.0000,0.865591
2008,56985305220140,15:49:45,56989014250112,3709029972,109,50,-436,4348,11553800,11553400,-2.0000,-0.346206
2009,56989014250112,15:49:49,56994844001485,5829751373,148,50,99,3743,11553400,11554200,4.0000,0.692437
2010,56994844001485,15:49:54,57002553639156,7709637671,122,50,103,4583,11554200,11553600,-3.0000,-0.519292
2011,57002553639156,15:50:02,57005104142938,2550503782,98,50,1910,4336,11553600,11555800,11.0000,1.904168
2012,57005104142938,15:50:05,57011743652940,6639510002,245,50,1728,3728,11555800,11557500,8.5000,1.471123
2013,57011743652940,15:50:11,57018040293664,6296640724,235,50,-250,4804,11557500,11556900,-3.0000,-0.519143
2014,57018040293664,15:50:18,57022405602505,4365308841,241,50,-1318,4494,11556900,11555900,-5.0000,-0.865284
2015,57022405602505,15:50:22,57031061148853,8655546348,221,50,-1094,4646,11555900,11555000,-4.5000,-0.778823
2016,57031061148853,15:50:31,57044120580966,13059432113,192,50,-1354,4442,11555000,11554300,-3.5000,-0.605798
2017,57044120580966,15:50:44,57049006230977,4885650011,152,50,-798,3528,11554300,11553800,-2.5000,-0.432739
2018,57049006230977,15:50:49,57049615878753,609647776,134,50,-254,3530,11553800,11553200,-3.0000,-0.519310
2019,57049615878753,15:50:49,57053102268809,3486390056,222,50,4558,5696,11553200,11557300,20.5000,3.548800
2020,57053102268809,15:50:53,57058266475904,5164207095,159,50,1216,4014,11557300,11558400,5.5000,0.951779
2021,57058266475904,15:50:58,57063548468187,5281992283,169,50,4036,5436,11558400,11560600,11.0000,1.903378
2022,57063548468187,15:51:03,57066160716106,2612247919,163,50,1598,4054,11560600,11562400,9.0000,1.557013
2023,57066160716106,15:51:06,57070797601847,4636885741,140,50,1732,4024,11562400,11564200,9.0000,1.556770
2024,57070797601847,15:51:10,57076473073359,5675471512,194,50,-314,4568,11564200,11565100,4.5000,0.778264
2025,57076473073359,15:51:16,57083196862222,6723788863,188,50,1124,4646,11565100,11565300,1.0000,0.172934
2026,57083196862222,15:51:23,57088128713653,4931851431,154,50,1699,3899,11565300,11567500,11.0000,1.902242
2027,57088128713653,15:51:28,57093039990178,4911276525,126,50,-1983,4177,11567500,11565700,-9.0000,-1.556084
2028,57093039990178,15:51:33,57099581354329,6541364151,129,50,-392,3864,11565700,11565700,0.0000,0.000000
2029,57099581354329,15:51:39,57103950975720,4369621391,176,50,84,4264,11565700,11566000,1.5000,0.259388
2030,57103950975720,15:51:43,57107312106646,3361130926,146,50,616,4416,11566000,11567400,7.0000,1.210444
2031,57107312106646,15:51:47,57111143799490,3831692844,235,50,-701,3731,11567400,11566300,-5.5000,-0.950948
2032,57111143799490,15:51:51,57113753361808,2609562318,199,50,-2598,4752,11566300,11563400,-14.5000,-2.507284
2033,57113753361808,15:51:53,57114950651862,1197290054,140,50,-1240,5216,11563400,11562000,-7.0000,-1.210717
2034,57114950651862,15:51:54,57116655761266,1705109404,125,50,909,5645,11562000,11561200,-4.0000,-0.691922
2035,57116655761266,15:51:56,57116837786533,182025267,81,50,4200,13838,11561200,11561800,3.0000,0.518977
2036,57116837786533,15:51:56,57118951479155,2113692622,171,50,-2407,3681,11561800,11559400,-12.0000,-2.075801
2037,57118951479155,15:51:58,57119766679806,815200651,151,50,-3070,3568,11559400,11556700,-13.5000,-2.335761
2038,57119766679806,15:51:59,57121612211103,1845531297,154,50,-760,3714,11556700,11558100,7.0000,1.211418
2039,57121612211103,15:52:01,57126987794418,5375583315,280,50,2601,3939,11558100,11561300,16.0000,2.768621
2040,57126987794418,15:52:06,57132909996188,5922201770,324,50,-23,4593,11561300,11562200,4.5000,0.778459
2041,57132909996188,15:52:12,57134589839921,1679843733,127,50,-1468,4776,11562200,11560400,-9.0000,-1.556797
2042,57134589839921,15:52:14,57138497949995,3908110074,139,50,-3686,5692,11560400,11559700,-3.5000,-0.605515
2043,57138497949995,15:52:18,57146386609203,7888659208,157,50,-1854,3670,11559700,11558800,-4.5000,-0.778567
2044,57146386609203,15:52:26,57152296203105,5909593902,215,50,-2829,4555,11558800,11555500,-16.5000,-2.854968
2045,57152296203105,15:52:32,57154929580024,2633376919,104,50,1772,7316,11555500,11556200,3.5000,0.605772
2046,57154929580024,15:52:34,57160791454766,5861874742,105,50,1484,7832,11556200,11555600,-3.0000,-0.519202
2047,57160791454766,15:52:40,57161787611955,996157189,106,50,535,7765,11555600,11554800,-4.0000,-0.692305
2048,57161787611955,15:52:41,57165366248118,3578636163,113,50,-952,3714,11554800,11553300,-7.5000,-1.298162
2049,57165366248118,15:52:45,57174396121704,9029873586,214,50,-170,3690,11553300,11553200,-0.5000,-0.086555
2050,57174396121704,15:52:54,57187850106442,13453984738,182,50,-416,3366,11553200,11552900,-1.5000,-0.259668
2051,57187850106442,15:53:07,57189481658774,1631552332,88,50,2443,3491,11552900,11554800,9.5000,1.644609
2052,57189481658774,15:53:09,57196481283154,6999624380,181,50,1116,3982,11554800,11556200,7.0000,1.211618
2053,57196481283154,15:53:16,57205880314238,9399031084,247,50,-19,3899,11556200,11557900,8.5000,1.471072
2054,57205880314238,15:53:25,57212763901303,6883587065,183,50,-1782,3964,11557900,11556200,-8.5000,-1.470855
2055,57212763901303,15:53:32,57221547231527,8783330224,178,50,-467,3889,11556200,11555800,-2.0000,-0.346135
2056,57221547231527,15:53:41,57226584247828,5037016301,228,50,-1746,4334,11555800,11553600,-11.0000,-1.903806
2057,57226584247828,15:53:46,57232907053939,6322806111,186,50,1484,4050,11553600,11553800,1.0000,0.173106
2058,57232907053939,15:53:52,57237938949436,5031895497,167,50,2668,4368,11553800,11556100,11.5000,1.990687
2059,57237938949436,15:53:57,57241200447225,3261497789,125,50,1351,6599,11556100,11556200,0.5000,0.086534
2060,57241200447225,15:54:01,57247861456207,6661008982,201,50,2058,4914,11556200,11557900,8.5000,1.471072
2061,57247861456207,15:54:07,57255515975557,7654519350,191,50,518,4048,11557900,11558900,5.0000,0.865209
2062,57255515975557,15:54:15,57260719414246,5203438689,169,50,1227,3491,11558900,11560200,6.5000,1.124674
2063,57260719414246,15:54:20,57266963207327,6243793081,162,50,2256,3706,11560200,11562300,10.5000,1.816578
2064,57266963207327,15:54:26,57276431162224,9467954897,207,50,-1812,5228,11562300,11561000,-6.5000,-1.124344
2065,57276431162224,15:54:36,57280730241691,4299079467,166,50,427,4005,11561000,11561600,3.0000,0.518986
2066,57280730241691,15:54:40,57293180919076,12450677385,184,50,-723,4137,11561600,11561000,-3.0000,-0.518959
2067,57293180919076,15:54:53,57300170265946,6989346870,184,50,-636,3210,11561000,11560600,-2.0000,-0.345991
2068,57300170265946,15:55:00,57305125029559,4954763613,129,50,1025,3827,11560600,11561500,4.5000,0.778506
2069,57305125029559,15:55:05,57306301688748,1176659189,76,50,610,4690,11561500,11561400,-0.5000,-0.086494
2070,57306301688748,15:55:06,57309945279660,3643590912,99,50,1990,6590,11561400,11561400,0.0000,0.000000
2071,57309945279660,15:55:09,57312134968202,2189688542,115,50,772,4436,11561400,11561500,0.5000,0.086495
2072,57312134968202,15:55:12,57315915916951,3780948749,130,50,1,4597,11561500,11561000,-2.5000,-0.432470
2073,57315915916951,15:55:15,57319107965928,3192048977,167,50,-2278,3672,11561000,11559200,-9.0000,-1.556959
2074,57319107965928,15:55:19,57332284143312,13176177384,241,50,-739,3939,11559200,11558000,-6.0000,-1.038134
2075,57332284143312,15:55:32,57332847835666,563692354,162,50,-2606,3406,11558000,11555200,-14.0000,-2.422564
2076,57332847835666,15:55:32,57339700770281,6852934615,195,50,291,3045,11555200,11556200,5.0000,0.865411
2077,57339700770281,15:55:39,57345341463777,5640693496,256,50,-13,2911,11556200,11555900,-1.5000,-0.259601
2078,57345341463777,15:55:45,57352687031770,7345567993,190,50,2766,4166,11555900,11558800,14.5000,2.509541
2079,57352687031770,15:55:52,57360992468027,8305436257,292,50,-10,4068,11558800,11558300,-2.5000,-0.432571
2080,57360992468027,15:56:00,57363557186193,2564718166,117,50,2264,3670,11558300,11560000,8.5000,1.470805
2081,57363557186193,15:56:03,57365905866831,2348680638,104,50,1855,4899,11560000,11560600,3.0000,0.519031
2082,57365905866831,15:56:05,57373470362655,7564495824,150,50,590,4094,11560600,11561100,2.5000,0.432504
2083,57373470362655,15:56:13,57385060527301,11590164646,196,50,3638,5368,11561100,11562400,6.5000,1.124460
2084,57385060527301,15:56:25,57393390580393,8330053092,175,50,274,4938,11562400,11561600,-4.0000,-0.691898
2085,57393390580393,15:56:33,57396992833449,3602253056,136,50,-1332,3716,11561600,11560600,-5.0000,-0.864932
2086,57396992833449,15:56:36,57398086475016,1093641567,105,50,-1494,2882,11560600,11559400,-6.0000,-1.038008
2087,57398086475016,15:56:38,57399927325029,1840850013,202,50,1082,2570,11559400,11560800,7.0000,1.211136
2088,57399927325029,15:56:39,57404095308622,4167983593,193,50,-1761,3325,11560800,11559100,-8.5000,-1.470486
2089,57404095308622,15:56:44,57411378803621,7283494999,114,50,1268,3796,11559100,11559600,2.5000,0.432560
2090,57411378803621,15:56:51,57416887049265,5508245644,106,50,-2186,4728,11559600,11559500,-0.5000,-0.086508
2091,57416887049265,15:56:56,57424462905468,7575856203,95,50,528,5226,11559500,11559300,-1.0000,-0.173018
2092,57424462905468,15:57:04,57426275371606,1812466138,79,50,1975,4925,11559300,11559600,1.5000,0.259531
2093,57426275371606,15:57:06,57433408968837,7133597231,157,50,-1160,3382,11559600,11558800,-4.0000,-0.692065
2094,57433408968837,15:57:13,57436035750406,2626781569,130,50,-2379,4685,11558800,11557900,-4.5000,-0.778628
2095,57436035750406,15:57:16,57438012421699,1976671293,155,50,-1410,3132,11557900,11555900,-10.0000,-1.730418
2096,57438012421699,15:57:18,57443709790408,5697368709,201,50,-532,3174,11555900,11555000,-4.5000,-0.778823
2097,57443709790408,15:57:23,57450018041269,6308250861,164,50,2268,4056,11555000,11556100,5.5000,0.951969
2098,57450018041269,15:57:30,57451058082563,1040041294,103,50,2486,5096,11556100,11557700,8.0000,1.384550
2099,57451058082563,15:57:31,57454911893700,3853811137,152,50,-1645,3823,11557700,11556400,-6.5000,-1.124791
2100,57454911893700,15:57:34,57459755802835,4843909135,109,50,312,3584,11556400,11557300,4.5000,0.778789
2101,57459755802835,15:57:39,57466350493834,6594690999,113,50,-290,4242,11557300,11557000,-1.5000,-0.259576
2102,57466350493834,15:57:46,57472568429850,6217936016,171,50,90,4858,11557000,11557000,0.0000,0.000000
2103,57472568429850,15:57:52,57475178836661,2610406811,109,50,486,4326,11557000,11557400,2.0000,0.346111
2104,57475178836661,15:57:55,57476311243561,1132406900,89,50,-781,4381,11557400,11556800,-3.0000,-0.519148
2105,57476311243561,15:57:56,57479170712332,2859468771,94,50,200,4488,11556800,11557000,1.0000,0.173058
2106,57479170712332,15:57:59,57483338136356,4167424024,136,50,662,4004,11557000,11557200,1.0000,0.173055
2107,57483338136356,15:58:03,57486150376728,2812240372,108,50,-756,3470,11557200,11556400,-4.0000,-0.692209
2108,57486150376728,15:58:06,57490959384648,4809007920,129,50,870,5230,11556400,11556200,-1.0000,-0.173064
2109,57490959384648,15:58:10,57499247939304,8288554656,151,50,1283,6085,11556200,11556200,0.0000,0.000000
2110,57499247939304,15:58:19,57501763839566,2515900262,100,50,705,4521,11556200,11555700,-2.5000,-0.432668
2111,57501763839566,15:58:21,57503889791001,2125951435,166,50,-2315,4375,11555700,11555200,-2.5000,-0.432687
2112,57503889791001,15:58:23,57506977491314,3087700313,142,50,-3099,4125,11555200,11554100,-5.5000,-0.951952
2113,57506977491314,15:58:26,57510195930596,3218439282,141,50,-2290,4290,11554100,11553200,-4.5000,-0.778944
2114,57510195930596,15:58:30,57516583380444,6387449848,192,50,3657,12875,11553200,11553700,2.5000,0.432781
2115,57516583380444,15:58:36,57521581823828,4998443384,131,50,-1798,7198,11553700,11553200,-2.5000,-0.432762
2116,57521581823828,15:58:41,57524055827647,2474003819,166,50,-2957,5393,11553200,11552600,-3.0000,-0.519337
2117,57524055827647,15:58:44,57527113244746,3057417099,94,50,-1440,4002,11552600,11552400,-1.0000,-0.173121
2118,57527113244746,15:58:47,57532353239940,5239995194,115,50,-38,3998,11552400,11552300,-0.5000,-0.086562
2119,57532353239940,15:58:52,57535127590413,2774350473,117,50,-1572,4326,11552300,11551600,-3.5000,-0.605940
2120,57535127590413,15:58:55,57537094241221,1966650808,118,50,-2622,5622,11551600,11550500,-5.5000,-0.952249
2121,57537094241221,15:58:57,57538529197049,1434955828,135,50,-802,6722,11550500,11550500,0.0000,0.000000
2122,57538529197049,15:58:58,57540663841430,2134644381,123,50,-91,4691,11550500,11551100,3.0000,0.519458
2123,57540663841430,15:59:00,57542483497133,1819655703,115,50,1753,5099,11551100,11551100,0.0000,0.000000
2124,57542483497133,15:59:02,57545674014522,3190517389,153,50,-1985,3941,11551100,11550400,-3.5000,-0.606003
2125,57545674014522,15:59:05,57547084187692,1410173170,148,50,1186,4542,11550400,11552600,11.0000,1.904696
2126,57547084187692,15:59:07,57551201738290,4117550598,137,50,-1301,4673,11552600,11551300,-6.5000,-1.125288
2127,57551201738290,15:59:11,57553641530062,2439791772,165,50,-3016,5176,11551300,11549700,-8.0000,-1.385125
2128,57553641530062,15:59:13,57556590384111,2948854049,165,50,-219,5245,11549700,11549700,0.0000,0.000000
2129,57556590384111,15:59:16,57559322436660,2732052549,133,50,1464,4828,11549700,11550400,3.5000,0.606076
2130,57559322436660,15:59:19,57560393449575,1071012915,98,50,1669,4351,11550400,11551300,4.5000,0.779194
2131,57560393449575,15:59:20,57564304745272,3911295697,154,50,-633,6533,11551300,11551100,-1.0000,-0.173141
2132,57564304745272,15:59:24,57566532761596,2228016324,165,50,402,4746,11551100,11551400,1.5000,0.259716
2133,57566532761596,15:59:26,57570303961471,3771199875,176,50,712,5218,11551400,11551000,-2.0000,-0.346278
2134,57570303961471,15:59:30,57573144043361,2840081890,104,50,313,5635,11551000,11551000,0.0000,0.000000
2135,57573144043361,15:59:33,57576893974945,3749931584,157,50,420,4678,11551000,11551200,1.0000,0.173145
2136,57576893974945,15:59:36,57579241946313,2347971368,155,50,1829,4955,11551200,11552200,5.0000,0.865711
2137,57579241946313,15:59:39,57583270575665,4028629352,196,50,2889,6383,11552200,11553300,5.5000,0.952200
2138,57583270575665,15:59:43,57585833697661,2563121996,215,50,-675,5589,11553300,11552300,-5.0000,-0.865554
2139,57585833697661,15:59:45,57590146605791,4312908130,196,50,-587,5933,11552300,11551300,-5.0000,-0.865628
2140,57590146605791,15:59:50,57592195869606,2049263815,127,50,-1870,5208,11551300,11550900,-2.0000,-0.346281
2141,57592195869606,15:59:52,57595244612561,3048742955,119,50,3086,11088,11550900,11551900,5.0000,0.865733
2142,57595244612561,15:59:55,57599145154880,3900542319,112,50,548,6482,11551900,11552200,1.5000,0.259698
