bucket,start_ns,start_hms,end_ns,duration_ns,n_events,n_updates,ofi,abs_flow,mid2_open,mid2_close,dmid_cents,dmid_bps
0,34200000000000,09:30:00,34210000000000,10000000000,404,184,-1050,8996,11712700,11711000,-8.5000,-1.451416
1,34210000000000,09:30:10,34220000000000,10000000000,143,76,-3265,6831,11711000,11709800,-6.0000,-1.024678
2,34220000000000,09:30:20,34230000000000,10000000000,102,51,306,1156,11709800,11712600,14.0000,2.391160
3,34230000000000,09:30:30,34240000000000,10000000000,178,81,-14,1868,11712600,11712000,-3.0000,-0.512269
4,34240000000000,09:30:40,34250000000000,10000000000,179,93,-817,4957,11712000,11710900,-5.5000,-0.939208
5,34250000000000,09:30:50,34260000000000,10000000000,258,133,-1199,7477,11710900,11710200,-3.5000,-0.597734
6,34260000000000,09:31:00,34270000000000,10000000000,191,96,357,4659,11710200,11709700,-2.5000,-0.426978
7,34270000000000,09:31:10,34280000000000,10000000000,201,102,240,6228,11709700,11710700,5.0000,0.853993
8,34280000000000,09:31:20,34290000000000,10000000000,502,288,-10778,21520,11710700,11697700,-65.0000,-11.100959
9,34290000000000,09:31:30,34300000000000,10000000000,104,38,-1072,3472,11697700,11694900,-14.0000,-2.393633
10,34300000000000,09:31:40,34310000000000,10000000000,222,120,-683,10261,11694900,11699100,21.0000,3.591309
11,34310000000000,09:31:50,34320000000000,10000000000,378,220,-5613,11733,11699100,11701500,12.0000,2.051440
12,34320000000000,09:32:00,34330000000000,10000000000,123,59,700,5794,11701500,11706200,23.5000,4.016579
13,34330000000000,09:32:10,34340000000000,10000000000,93,40,-1907,4601,11706200,11700500,-28.5000,-4.869215
14,34340000000000,09:32:20,34350000000000,10000000000,142,72,-1193,1741,11700500,11700500,0.0000,0.000000
15,34350000000000,09:32:30,34360000000000,10000000000,22,6,118,124,11700500,11700500,0.0000,0.000000
16,34360000000000,09:32:40,34370000000000,10000000000,121,69,-2731,6879,11700500,11701700,6.0000,1.025597
17,34370000000000,09:32:50,34380000000000,10000000000,273,150,2701,15839,11701700,11709600,39.5000,6.751156
18,34380000000000,09:33:00,34390000000000,10000000000,433,260,4674,38970,11709600,11707600,-10.0000,-1.708000
19,34390000000000,09:33:10,34400000000000,10000000000,566,266,3646,18570,11707600,11728900,106.5000,18.193310
20,34400000000000,09:33:20,34410000000000,10000000000,580,264,3046,21752,11728900,11735200,31.5000,5.371348
21,34410000000000,09:33:30,34420000000000,10000000000,582,286,3367,26607,11735200,11727100,-40.5000,-6.902311
22,34420000000000,09:33:40,34430000000000,10000000000,301,107,2506,11054,11727100,11730200,15.5000,2.643450
23,34430000000000,09:33:50,34440000000000,10000000000,256,127,2932,11642,11730200,11737300,35.5000,6.052753
24,34440000000000,09:34:00,34450000000000,10000000000,662,218,3274,19920,11737300,11746600,46.5000,7.923458
25,34450000000000,09:34:10,34460000000000,10000000000,279,131,3152,8266,11746600,11752900,31.5000,5.363254
26,34460000000000,09:34:20,34470000000000,10000000000,234,94,1619,8779,11752900,11747300,-28.0000,-4.764781
27,34470000000000,09:34:30,34480000000000,10000000000,188,66,1008,4128,11747300,11747800,2.5000,0.425630
28,34480000000000,09:34:40,34490000000000,10000000000,134,53,-1418,4354,11747800,11743500,-21.5000,-3.660260
29,34490000000000,09:34:50,34500000000000,10000000000,147,54,-92,4630,11743500,11746000,12.5000,2.128837
30,34500000000000,09:35:00,34510000000000,10000000000,146,78,-2143,7829,11746000,11738100,-39.5000,-6.725694
31,34510000000000,09:35:10,34520000000000,10000000000,53,20,-177,903,11738100,11737400,-3.5000,-0.596349
32,34520000000000,09:35:20,34530000000000,10000000000,118,46,-549,2935,11737400,11734700,-13.5000,-2.300339
33,34530000000000,09:35:30,34540000000000,10000000000,89,31,-186,1554,11734700,11734100,-3.0000,-0.511304
34,34540000000000,09:35:40,34550000000000,10000000000,94,23,-8,1780,11734100,11732800,-6.5000,-1.107882
35,34550000000000,09:35:50,34560000000000,10000000000,75,41,-506,2890,11732800,11732500,-1.5000,-0.255693
36,34560000000000,09:36:00,34570000000000,10000000000,103,39,244,1516,11732500,11732600,0.5000,0.085233
37,34570000000000,09:36:10,34580000000000,10000000000,270,134,-2502,13158,11732600,11734900,11.5000,1.960350
38,34580000000000,09:36:20,34590000000000,10000000000,299,146,1740,14218,11734900,11744100,46.0000,7.839862
39,34590000000000,09:36:30,34600000000000,10000000000,385,230,-10282,36072,11744100,11745600,7.5000,1.277237
40,34600000000000,09:36:40,34610000000000,10000000000,205,77,146,3798,11745600,11744600,-5.0000,-0.851383
41,34610000000000,09:36:50,34620000000000,10000000000,259,120,599,11397,11744600,11749500,24.5000,4.172130
42,34620000000000,09:37:00,34630000000000,10000000000,245,171,-5620,28156,11749500,11743400,-30.5000,-5.191710
43,34630000000000,09:37:10,34640000000000,10000000000,266,140,-26,19594,11743400,11744600,6.0000,1.021851
44,34640000000000,09:37:20,34650000000000,10000000000,288,158,-7298,22418,11744600,11743000,-8.0000,-1.362328
45,34650000000000,09:37:30,34660000000000,10000000000,134,53,472,2224,11743000,11744700,8.5000,1.447671
46,34660000000000,09:37:40,34670000000000,10000000000,118,56,18,3238,11744700,11745500,4.0000,0.681158
47,34670000000000,09:37:50,34680000000000,10000000000,224,89,-2586,7094,11745500,11740300,-26.0000,-4.427227
48,34680000000000,09:38:00,34690000000000,10000000000,201,60,-503,2755,11740300,11738700,-8.0000,-1.362827
49,34690000000000,09:38:10,34700000000000,10000000000,141,51,-1290,4294,11738700,11733900,-24.0000,-4.089039
50,34700000000000,09:38:20,34710000000000,10000000000,228,74,-1723,6763,11733900,11723900,-50.0000,-8.522316
51,34710000000000,09:38:30,34720000000000,10000000000,506,155,-4501,18169,11723900,11714900,-45.0000,-7.676626
52,34720000000000,09:38:40,34730000000000,10000000000,62,25,-159,1615,11714900,11713700,-6.0000,-1.024337
53,34730000000000,09:38:50,34740000000000,10000000000,499,359,-17886,65398,11713700,11718400,23.5000,4.012396
54,34740000000000,09:39:00,34750000000000,10000000000,134,52,-440,3306,11718400,11717900,-2.5000,-0.426679
55,34750000000000,09:39:10,34760000000000,10000000000,94,29,10,2134,11717900,11716300,-8.0000,-1.365432
56,34760000000000,09:39:20,34770000000000,10000000000,245,97,2191,9359,11716300,11726300,50.0000,8.535118
57,34770000000000,09:39:30,34780000000000,10000000000,179,47,699,2623,11726300,11725100,-6.0000,-1.023341
58,34780000000000,09:39:40,34790000000000,10000000000,158,58,-448,3520,11725100,11722900,-11.0000,-1.876317
59,34790000000000,09:39:50,34800000000000,10000000000,89,39,-706,2194,11722900,11724300,7.0000,1.194244
60,34800000000000,09:40:00,34810000000000,10000000000,179,57,182,3570,11724300,11724300,0.0000,0.000000
61,34810000000000,09:40:10,34820000000000,10000000000,137,58,-1308,3058,11724300,11721200,-15.5000,-2.644081
62,34820000000000,09:40:20,34830000000000,10000000000,154,56,1115,4237,11721200,11723000,9.0000,1.535679
63,34830000000000,09:40:30,34840000000000,10000000000,122,47,123,3065,11723000,11719900,-15.5000,-2.644374
64,34840000000000,09:40:40,34850000000000,10000000000,118,65,-832,4972,11719900,11721600,8.5000,1.450524
65,34850000000000,09:40:50,34860000000000,10000000000,92,32,-430,1106,11721600,11719200,-12.0000,-2.047502
66,34860000000000,09:41:00,34870000000000,10000000000,129,45,1462,3890,11719200,11725400,31.0000,5.290464
67,34870000000000,09:41:10,34880000000000,10000000000,137,42,482,1666,11725400,11727200,9.0000,1.535129
68,34880000000000,09:41:20,34890000000000,10000000000,214,56,512,4192,11727200,11727800,3.0000,0.511631
69,34890000000000,09:41:30,34900000000000,10000000000,260,87,239,7873,11727800,11723700,-20.5000,-3.495967
70,34900000000000,09:41:40,34910000000000,10000000000,107,42,1060,4354,11723700,11727300,18.0000,3.070703
71,34910000000000,09:41:50,34920000000000,10000000000,99,25,-482,1552,11727300,11725800,-7.5000,-1.279067
72,34920000000000,09:42:00,34930000000000,10000000000,80,31,-537,1465,11725800,11723600,-11.0000,-1.876205
73,34930000000000,09:42:10,34940000000000,10000000000,130,35,-445,3189,11723600,11721800,-9.0000,-1.535365
74,34940000000000,09:42:20,34950000000000,10000000000,52,8,-299,901,11721800,11720900,-4.5000,-0.767800
75,34950000000000,09:42:30,34960000000000,10000000000,291,144,886,13468,11720900,11724500,18.0000,3.071436
76,34960000000000,09:42:40,34970000000000,10000000000,137,34,114,1630,11724500,11726800,11.5000,1.961704
77,34970000000000,09:42:50,34980000000000,10000000000,123,33,111,2165,11726800,11727200,2.0000,0.341099
78,34980000000000,09:43:00,34990000000000,10000000000,182,63,298,2872,11727200,11728700,7.5000,1.279078
79,34990000000000,09:43:10,35000000000000,10000000000,201,87,342,5788,11728700,11730700,10.0000,1.705219
80,35000000000000,09:43:20,35010000000000,10000000000,222,55,-543,2885,11730700,11724600,-30.5000,-5.200031
81,35010000000000,09:43:30,35020000000000,10000000000,115,25,-292,992,11724600,11723300,-6.5000,-1.108780
82,35020000000000,09:43:40,35030000000000,10000000000,151,52,1199,4877,11723300,11725500,11.0000,1.876605
83,35030000000000,09:43:50,35040000000000,10000000000,201,73,1145,5241,11725500,11728500,15.0000,2.558526
84,35040000000000,09:44:00,35050000000000,10000000000,256,101,14,5834,11728500,11727600,-4.5000,-0.767362
85,35050000000000,09:44:10,35060000000000,10000000000,165,76,1428,3880,11727600,11727900,1.5000,0.255807
86,35060000000000,09:44:20,35070000000000,10000000000,79,26,-348,840,11727900,11726700,-6.0000,-1.023201
87,35070000000000,09:44:30,35080000000000,10000000000,266,113,2051,9347,11726700,11732200,27.5000,4.690152
88,35080000000000,09:44:40,35090000000000,10000000000,185,62,62,4532,11732200,11730900,-6.5000,-1.108062
89,35090000000000,09:44:50,35100000000000,10000000000,177,68,2460,5812,11730900,11734600,18.5000,3.154063
90,35100000000000,09:45:00,35110000000000,10000000000,324,157,-249,15195,11734600,11733700,-4.5000,-0.766963
91,35110000000000,09:45:10,35120000000000,10000000000,129,49,1061,3933,11733700,11735300,8.0000,1.363594
92,35120000000000,09:45:20,35130000000000,10000000000,46,18,254,1014,11735300,11736300,5.0000,0.852130
93,35130000000000,09:45:30,35140000000000,10000000000,141,64,-921,5357,11736300,11732000,-21.5000,-3.663846
94,35140000000000,09:45:40,35150000000000,10000000000,357,127,-1013,13095,11732000,11729500,-12.5000,-2.130924
95,35150000000000,09:45:50,35160000000000,10000000000,345,97,-6372,12814,11729500,11728900,-3.0000,-0.511531
96,35160000000000,09:46:00,35170000000000,10000000000,306,151,-2530,19510,11728900,11728100,-4.0000,-0.682076
97,35170000000000,09:46:10,35180000000000,10000000000,141,37,-764,1996,11728100,11725100,-15.0000,-2.557959
98,35180000000000,09:46:20,35190000000000,10000000000,154,57,75,3793,11725100,11726700,8.0000,1.364594
99,35190000000000,09:46:30,35200000000000,10000000000,79,18,-682,1062,11726700,11725500,-6.0000,-1.023306
100,35200000000000,09:46:40,35210000000000,10000000000,103,15,-201,1401,11725500,11724500,-5.0000,-0.852842
101,35210000000000,09:46:50,35220000000000,10000000000,63,15,-425,1625,11724500,11723800,-3.5000,-0.597040
102,35220000000000,09:47:00,35230000000000,10000000000,38,15,-598,1446,11723800,11723600,-1.0000,-0.170593
103,35230000000000,09:47:10,35240000000000,10000000000,53,11,398,1202,11723600,11725000,7.0000,1.194172
104,35240000000000,09:47:20,35250000000000,10000000000,47,17,100,3500,11725000,11725700,3.5000,0.597015
105,35250000000000,09:47:30,35260000000000,10000000000,134,40,-117,5719,11725700,11727000,6.5000,1.108676
106,35260000000000,09:47:40,35270000000000,10000000000,28,2,17,19,11727000,11726400,-3.0000,-0.511640
107,35270000000000,09:47:50,35280000000000,10000000000,56,12,-54,692,11726400,11725500,-4.5000,-0.767499
108,35280000000000,09:48:00,35290000000000,10000000000,199,54,-3121,5793,11725500,11721800,-18.5000,-3.155516
109,35290000000000,09:48:10,35300000000000,10000000000,57,19,501,1799,11721800,11723500,8.5000,1.450289
110,35300000000000,09:48:20,35310000000000,10000000000,99,44,361,1817,11723500,11724700,6.0000,1.023585
111,35310000000000,09:48:30,35320000000000,10000000000,20,7,394,794,11724700,11725500,4.0000,0.682320
112,35320000000000,09:48:40,35330000000000,10000000000,154,36,1401,3699,11725500,11730400,24.5000,4.178926
113,35330000000000,09:48:50,35340000000000,10000000000,195,43,1354,2584,11730400,11731900,7.5000,1.278729
114,35340000000000,09:49:00,35350000000000,10000000000,386,128,-2408,7896,11731900,11727100,-24.0000,-4.091409
115,35350000000000,09:49:10,35360000000000,10000000000,123,43,-400,1848,11727100,11726300,-4.0000,-0.682181
116,35360000000000,09:49:20,35370000000000,10000000000,133,25,-448,1358,11726300,11725100,-6.0000,-1.023341
117,35370000000000,09:49:30,35380000000000,10000000000,144,49,-178,3584,11725100,11724700,-2.0000,-0.341148
118,35380000000000,09:49:40,35390000000000,10000000000,86,29,-599,2517,11724700,11724800,0.5000,0.085290
119,35390000000000,09:49:50,35400000000000,10000000000,502,193,-8413,21413,11724800,11716000,-44.0000,-7.505459
120,35400000000000,09:50:00,35410000000000,10000000000,273,61,-122,4936,11716000,11717500,7.5000,1.280300
121,35410000000000,09:50:10,35420000000000,10000000000,73,18,-434,1408,11717500,11716000,-7.5000,-1.280137
122,35420000000000,09:50:20,35430000000000,10000000000,299,85,1701,8659,11716000,11718800,14.0000,2.389894
123,35430000000000,09:50:30,35440000000000,10000000000,115,21,381,1753,11718800,11719700,4.5000,0.767997
124,35440000000000,09:50:40,35450000000000,10000000000,418,116,2573,6265,11719700,11726000,31.5000,5.375564
125,35450000000000,09:50:50,35460000000000,10000000000,211,51,854,3094,11726000,11726500,2.5000,0.426403
126,35460000000000,09:51:00,35470000000000,10000000000,334,78,145,3857,11726500,11723300,-16.0000,-2.728862
127,35470000000000,09:51:10,35480000000000,10000000000,165,57,566,2282,11723300,11727200,19.5000,3.326708
128,35480000000000,09:51:20,35490000000000,10000000000,354,99,2990,6366,11727200,11730700,17.5000,2.984515
129,35490000000000,09:51:30,35500000000000,10000000000,311,91,1344,4890,11730700,11731300,3.0000,0.511478
130,35500000000000,09:51:40,35510000000000,10000000000,73,15,-100,240,11731300,11730500,-4.0000,-0.681936
131,35510000000000,09:51:50,35520000000000,10000000000,110,27,899,3149,11730500,11732200,8.5000,1.449214
132,35520000000000,09:52:00,35530000000000,10000000000,236,85,1497,8097,11732200,11734500,11.5000,1.960417
133,35530000000000,09:52:10,35540000000000,10000000000,103,14,-622,1022,11734500,11731900,-13.0000,-2.215689
134,35540000000000,09:52:20,35550000000000,10000000000,115,24,174,1968,11731900,11733900,10.0000,1.704754
135,35550000000000,09:52:30,35560000000000,10000000000,179,54,693,3099,11733900,11733100,-4.0000,-0.681785
136,35560000000000,09:52:40,35570000000000,10000000000,262,75,5166,9276,11733100,11738900,29.0000,4.943280
137,35570000000000,09:52:50,35580000000000,10000000000,394,150,4553,18763,11738900,11744400,27.5000,4.685277
138,35580000000000,09:53:00,35590000000000,10000000000,236,49,-1058,3346,11744400,11739800,-23.0000,-3.916760
139,35590000000000,09:53:10,35600000000000,10000000000,182,47,-356,1648,11739800,11740100,1.5000,0.255541
140,35600000000000,09:53:20,35610000000000,10000000000,448,90,-1996,8750,11740100,11734700,-27.0000,-4.599620
141,35610000000000,09:53:30,35620000000000,10000000000,164,36,99,1091,11734700,11736200,7.5000,1.278260
142,35620000000000,09:53:40,35630000000000,10000000000,128,56,-17,1195,11736200,11736600,2.0000,0.340826
143,35630000000000,09:53:50,35640000000000,10000000000,190,59,723,2405,11736600,11737300,3.5000,0.596425
144,35640000000000,09:54:00,35650000000000,10000000000,75,22,353,1261,11737300,11738600,6.5000,1.107580
145,35650000000000,09:54:10,35660000000000,10000000000,168,55,-1219,3353,11738600,11734900,-18.5000,-3.151994
146,35660000000000,09:54:20,35670000000000,10000000000,181,64,-1761,2823,11734900,11733600,-6.5000,-1.107807
147,35670000000000,09:54:30,35680000000000,10000000000,300,83,-1872,6502,11733600,11729600,-20.0000,-3.409013
148,35680000000000,09:54:40,35690000000000,10000000000,591,169,-4711,14669,11729600,11726700,-14.5000,-2.472378
149,35690000000000,09:54:50,35700000000000,10000000000,328,85,-2115,4971,11726700,11722300,-22.0000,-3.752121
150,35700000000000,09:55:00,35710000000000,10000000000,467,145,-4405,14363,11722300,11719800,-12.5000,-2.132687
151,35710000000000,09:55:10,35720000000000,10000000000,260,63,-1,3779,11719800,11719900,0.5000,0.085326
152,35720000000000,09:55:20,35730000000000,10000000000,148,26,90,2090,11719900,11719600,-1.5000,-0.255975
153,35730000000000,09:55:30,35740000000000,10000000000,130,39,1005,4521,11719600,11722100,12.5000,2.133179
154,35740000000000,09:55:40,35750000000000,10000000000,39,8,-101,357,11722100,11721900,-1.0000,-0.170618
155,35750000000000,09:55:50,35760000000000,10000000000,368,102,-3336,6184,11721900,11717600,-21.5000,-3.668347
156,35760000000000,09:56:00,35770000000000,10000000000,240,117,-5366,19450,11717600,11718700,5.5000,0.938759
157,35770000000000,09:56:10,35780000000000,10000000000,228,135,-6701,22485,11718700,11717000,-8.5000,-1.450673
158,35780000000000,09:56:20,35790000000000,10000000000,111,21,-150,806,11717000,11717200,1.0000,0.170692
159,35790000000000,09:56:30,35800000000000,10000000000,317,104,-553,5239,11717200,11717500,1.5000,0.256034
160,35800000000000,09:56:40,35810000000000,10000000000,156,33,332,2080,11717500,11718900,7.0000,1.194794
161,35810000000000,09:56:50,35820000000000,10000000000,125,40,213,5165,11718900,11718900,0.0000,0.000000
162,35820000000000,09:57:00,35830000000000,10000000000,100,24,564,2546,11718900,11718700,-1.0000,-0.170664
163,35830000000000,09:57:10,35840000000000,10000000000,229,101,671,8855,11718700,11721000,11.5000,1.962675
164,35840000000000,09:57:20,35850000000000,10000000000,87,40,-654,1916,11721000,11721000,0.0000,0.000000
165,35850000000000,09:57:30,35860000000000,10000000000,204,61,-160,3620,11721000,11720200,-4.0000,-0.682536
166,35860000000000,09:57:40,35870000000000,10000000000,53,5,292,492,11720200,11720500,1.5000,0.255968
167,35870000000000,09:57:50,35880000000000,10000000000,110,33,-1131,2031,11720500,11718100,-12.0000,-2.047694
168,35880000000000,09:58:00,35890000000000,10000000000,107,6,1032,1268,11718100,11720700,13.0000,2.218790
169,35890000000000,09:58:10,35900000000000,10000000000,206,49,-1290,5048,11720700,11721400,3.5000,0.597234
170,35900000000000,09:58:20,35910000000000,10000000000,252,69,1100,3416,11721400,11721600,1.0000,0.170628
171,35910000000000,09:58:30,35920000000000,10000000000,182,41,-683,3637,11721600,11719500,-10.5000,-1.791564
172,35920000000000,09:58:40,35930000000000,10000000000,69,10,-960,1360,11719500,11719100,-2.0000,-0.341311
173,35930000000000,09:58:50,35940000000000,10000000000,13,3,-116,316,11719100,11718300,-4.0000,-0.682646
174,35940000000000,09:59:00,35950000000000,10000000000,49,14,200,1472,11718300,11718600,1.5000,0.256010
175,35950000000000,09:59:10,35960000000000,10000000000,110,23,-345,1927,11718600,11718200,-2.0000,-0.341338
176,35960000000000,09:59:20,35970000000000,10000000000,151,17,-18,1120,11718200,11717800,-2.0000,-0.341349
177,35970000000000,09:59:30,35980000000000,10000000000,76,11,428,828,11717800,11719800,10.0000,1.706805
178,35980000000000,09:59:40,35990000000000,10000000000,95,19,-413,1327,11719800,11719300,-2.5000,-0.426628
179,35990000000000,09:59:50,36000000000000,10000000000,84,14,244,796,11719300,11720300,5.0000,0.853293
180,36000000000000,10:00:00,36010000000000,10000000000,1124,390,-5498,38560,11720300,11706900,-67.0000,-11.433154
181,36010000000000,10:00:10,36020000000000,10000000000,454,108,1335,4233,11706900,11711800,24.5000,4.185566
182,36020000000000,10:00:20,36030000000000,10000000000,340,103,1664,5206,11711800,11717500,28.5000,4.866886
183,36030000000000,10:00:30,36040000000000,10000000000,447,127,2358,7604,11717500,11716500,-5.0000,-0.853424
184,36040000000000,10:00:40,36050000000000,10000000000,355,129,1366,14716,11716500,11714500,-10.0000,-1.706994
185,36050000000000,10:00:50,36060000000000,10000000000,264,104,1992,11758,11714500,11714600,0.5000,0.085364
186,36060000000000,10:01:00,36070000000000,10000000000,400,127,2096,7206,11714600,11717600,15.0000,2.560907
187,36070000000000,10:01:10,36080000000000,10000000000,257,58,1338,3856,11717600,11720500,14.5000,2.474910
188,36080000000000,10:01:20,36090000000000,10000000000,302,78,2214,5270,11720500,11724700,21.0000,3.583465
189,36090000000000,10:01:30,36100000000000,10000000000,367,87,316,4312,11724700,11724500,-1.0000,-0.170580
190,36100000000000,10:01:40,36110000000000,10000000000,534,138,-753,7755,11724500,11720800,-18.5000,-3.155785
191,36110000000000,10:01:50,36120000000000,10000000000,317,92,-418,2838,11720800,11720300,-2.5000,-0.426592
192,36120000000000,10:02:00,36130000000000,10000000000,216,71,303,1937,11720300,11722800,12.5000,2.133051
193,36130000000000,10:02:10,36140000000000,10000000000,248,93,-1596,3968,11722800,11718900,-19.5000,-3.326850
194,36140000000000,10:02:20,36150000000000,10000000000,494,130,-2984,7752,11718900,11710100,-44.0000,-7.509237
195,36150000000000,10:02:30,36160000000000,10000000000,281,79,-219,4839,11710100,11710800,3.5000,0.597775
196,36160000000000,10:02:40,36170000000000,10000000000,190,24,-3,1551,11710800,11710700,-0.5000,-0.085391
197,36170000000000,10:02:50,36180000000000,10000000000,229,46,-435,2677,11710700,11708700,-10.0000,-1.707840
198,36180000000000,10:03:00,36190000000000,10000000000,450,175,-3775,14141,11708700,11702000,-33.5000,-5.722241
199,36190000000000,10:03:10,36200000000000,10000000000,199,50,-227,3333,11702000,11703300,6.5000,1.110921
200,36200000000000,10:03:20,36210000000000,10000000000,141,36,-699,2137,11703300,11701700,-8.0000,-1.367136
201,36210000000000,10:03:30,36220000000000,10000000000,129,16,-49,801,11701700,11701100,-3.0000,-0.512746
202,36220000000000,10:03:40,36230000000000,10000000000,124,28,120,1490,11701100,11702700,8.0000,1.367393
203,36230000000000,10:03:50,36240000000000,10000000000,502,175,-1822,14016,11702700,11702000,-3.5000,-0.598153
204,36240000000000,10:04:00,36250000000000,10000000000,599,173,237,12169,11702000,11704200,11.0000,1.880021
205,36250000000000,10:04:10,36260000000000,10000000000,561,120,-5270,12882,11704200,11695300,-44.5000,-7.604108
206,36260000000000,10:04:20,36270000000000,10000000000,712,166,-7248,20566,11695300,11687000,-41.5000,-7.096868
207,36270000000000,10:04:30,36280000000000,10000000000,505,141,-506,10264,11687000,11687700,3.5000,0.598956
208,36280000000000,10:04:40,36290000000000,10000000000,152,50,-1429,7381,11687700,11688700,5.0000,0.855600
209,36290000000000,10:04:50,36300000000000,10000000000,221,52,528,3874,11688700,11690900,11.0000,1.882160
210,36300000000000,10:05:00,36310000000000,10000000000,287,50,-761,3857,11690900,11688900,-10.0000,-1.710732
211,36310000000000,10:05:10,36320000000000,10000000000,260,52,1497,3819,11688900,11691000,10.5000,1.796576
212,36320000000000,10:05:20,36330000000000,10000000000,484,126,3425,8161,11691000,11697100,30.5000,5.217689
213,36330000000000,10:05:30,36340000000000,10000000000,365,113,1956,7774,11697100,11698000,4.5000,0.769421
214,36340000000000,10:05:40,36350000000000,10000000000,257,69,-482,5254,11698000,11694500,-17.5000,-2.991964
215,36350000000000,10:05:50,36360000000000,10000000000,400,103,1988,6116,11694500,11695200,3.5000,0.598572
216,36360000000000,10:06:00,36370000000000,10000000000,249,47,-303,6597,11695200,11693700,-7.5000,-1.282577
217,36370000000000,10:06:10,36380000000000,10000000000,188,47,3029,6029,11693700,11697300,18.0000,3.078581
218,36380000000000,10:06:20,36390000000000,10000000000,202,60,-217,4657,11697300,11696300,-5.0000,-0.854898
219,36390000000000,10:06:30,36400000000000,10000000000,165,41,-1068,4058,11696300,11696300,0.0000,0.000000
220,36400000000000,10:06:40,36410000000000,10000000000,261,71,-1939,5559,11696300,11692200,-20.5000,-3.505382
221,36410000000000,10:06:50,36420000000000,10000000000,321,81,-395,9783,11692200,11691400,-4.0000,-0.684217
222,36420000000000,10:07:00,36430000000000,10000000000,245,28,744,2016,11691400,11692200,4.0000,0.684264
223,36430000000000,10:07:10,36440000000000,10000000000,194,63,1743,5087,11692200,11696300,20.5000,3.506611
224,36440000000000,10:07:20,36450000000000,10000000000,134,36,166,2454,11696300,11696200,-0.5000,-0.085497
225,36450000000000,10:07:30,36460000000000,10000000000,178,49,-1133,3189,11696200,11693100,-15.5000,-2.650433
226,36460000000000,10:07:40,36470000000000,10000000000,90,22,864,1298,11693100,11695800,13.5000,2.309054
227,36470000000000,10:07:50,36480000000000,10000000000,119,33,-47,1765,11695800,11694900,-4.5000,-0.769507
228,36480000000000,10:08:00,36490000000000,10000000000,69,10,338,582,11694900,11696200,6.5000,1.111596
229,36490000000000,10:08:10,36500000000000,10000000000,474,87,3805,7281,11696200,11706000,49.0000,8.378790
230,36500000000000,10:08:20,36510000000000,10000000000,351,95,3563,9115,11706000,11708600,13.0000,2.221083
231,36510000000000,10:08:30,36520000000000,10000000000,270,77,219,7097,11708600,11707300,-6.5000,-1.110295
232,36520000000000,10:08:40,36530000000000,10000000000,312,98,-1214,3808,11707300,11703100,-21.0000,-3.587505
233,36530000000000,10:08:50,36540000000000,10000000000,370,129,-1569,7825,11703100,11702300,-4.0000,-0.683580
234,36540000000000,10:09:00,36550000000000,10000000000,154,63,-397,2911,11702300,11702000,-1.5000,-0.256360
235,36550000000000,10:09:10,36560000000000,10000000000,453,153,554,10700,11702000,11703100,5.5000,0.940010
236,36560000000000,10:09:20,36570000000000,10000000000,204,64,-1463,4475,11703100,11700100,-15.0000,-2.563423
237,36570000000000,10:09:30,36580000000000,10000000000,125,24,341,1639,11700100,11701100,5.0000,0.854694
238,36580000000000,10:09:40,36590000000000,10000000000,202,62,102,3572,11701100,11701300,1.0000,0.170924
239,36590000000000,10:09:50,36600000000000,10000000000,622,40,190,2150,11701300,11701500,1.0000,0.170921
240,36600000000000,10:10:00,36610000000000,10000000000,150,30,-824,1472,11701500,11696800,-23.5000,-4.016579
241,36610000000000,10:10:10,36620000000000,10000000000,217,40,-1882,3622,11696800,11693300,-17.5000,-2.992271
242,36620000000000,10:10:20,36630000000000,10000000000,47,8,122,722,11693300,11693900,3.0000,0.513114
243,36630000000000,10:10:30,36640000000000,10000000000,151,35,754,1950,11693900,11697700,19.0000,3.249557
244,36640000000000,10:10:40,36650000000000,10000000000,29,11,614,1014,11697700,11699100,7.0000,1.196816
245,36650000000000,10:10:50,36660000000000,10000000000,99,21,251,1087,11699100,11699800,3.5000,0.598337
246,36660000000000,10:11:00,36670000000000,10000000000,85,26,1146,1696,11699800,11701300,7.5000,1.282073
247,36670000000000,10:11:10,36680000000000,10000000000,52,10,326,590,11701300,11702100,4.0000,0.683685
248,36680000000000,10:11:20,36690000000000,10000000000,122,14,-304,704,11702100,11700200,-9.5000,-1.623640
249,36690000000000,10:11:30,36700000000000,10000000000,116,23,2786,3786,11700200,11703600,17.0000,2.905933
250,36700000000000,10:11:40,36710000000000,10000000000,202,72,1703,3043,11703600,11707600,20.0000,3.417752
251,36710000000000,10:11:50,36720000000000,10000000000,282,67,2072,5146,11707600,11712400,24.0000,4.099901
252,36720000000000,10:12:00,36730000000000,10000000000,238,56,1402,5716,11712400,11714400,10.0000,1.707592
253,36730000000000,10:12:10,36740000000000,10000000000,395,83,4663,10485,11714400,11714700,1.5000,0.256095
254,36740000000000,10:12:20,36750000000000,10000000000,107,13,-564,988,11714700,11712300,-12.0000,-2.048708
255,36750000000000,10:12:30,36760000000000,10000000000,85,14,441,1461,11712300,11715500,16.0000,2.732170
256,36760000000000,10:12:40,36770000000000,10000000000,166,39,1611,3611,11715500,11718500,15.0000,2.560710
257,36770000000000,10:12:50,36780000000000,10000000000,194,44,4416,7216,11718500,11722600,20.5000,3.498741
258,36780000000000,10:13:00,36790000000000,10000000000,235,59,122,5256,11722600,11721800,-4.0000,-0.682442
259,36790000000000,10:13:10,36800000000000,10000000000,204,56,346,8170,11721800,11723600,9.0000,1.535600
260,36800000000000,10:13:20,36810000000000,10000000000,362,110,-1138,11986,11723600,11721200,-12.0000,-2.047153
261,36810000000000,10:13:30,36820000000000,10000000000,55,7,390,514,11721200,11721800,3.0000,0.511893
262,36820000000000,10:13:40,36830000000000,10000000000,234,77,-1418,6858,11721800,11719400,-12.0000,-2.047467
263,36830000000000,10:13:50,36840000000000,10000000000,109,12,-544,738,11719400,11716300,-15.5000,-2.645187
264,36840000000000,10:14:00,36850000000000,10000000000,210,38,-662,2762,11716300,11713400,-14.5000,-2.475184
265,36850000000000,10:14:10,36860000000000,10000000000,112,21,542,1578,11713400,11716000,13.0000,2.219680
266,36860000000000,10:14:20,36870000000000,10000000000,167,42,65,1943,11716000,11716800,4.0000,0.682827
267,36870000000000,10:14:30,36880000000000,10000000000,84,22,-323,783,11716800,11716800,0.0000,0.000000
268,36880000000000,10:14:40,36890000000000,10000000000,114,27,53,1951,11716800,11716900,0.5000,0.085348
269,36890000000000,10:14:50,36900000000000,10000000000,485,137,2395,12355,11716900,11722100,26.0000,4.438034
270,36900000000000,10:15:00,36910000000000,10000000000,124,38,-185,3085,11722100,11721100,-5.0000,-0.853089
271,36910000000000,10:15:10,36920000000000,10000000000,138,54,653,5053,11721100,11724700,18.0000,3.071384
272,36920000000000,10:15:20,36930000000000,10000000000,366,126,-2701,12759,11724700,11721200,-17.5000,-2.985151
273,36930000000000,10:15:30,36940000000000,10000000000,79,44,-100,4300,11721200,11721100,-0.5000,-0.085315
274,36940000000000,10:15:40,36950000000000,10000000000,116,69,201,6603,11721100,11722100,5.0000,0.853162
275,36950000000000,10:15:50,36960000000000,10000000000,164,69,462,8718,11722100,11721000,-5.5000,-0.938398
276,36960000000000,10:16:00,36970000000000,10000000000,217,75,-1560,5284,11721000,11718800,-11.0000,-1.876973
277,36970000000000,10:16:10,36980000000000,10000000000,234,54,877,3769,11718800,11722300,17.5000,2.986654
278,36980000000000,10:16:20,36990000000000,10000000000,77,24,14,1998,11722300,11721900,-2.0000,-0.341230
279,36990000000000,10:16:30,37000000000000,10000000000,309,125,4692,16330,11721900,11728500,33.0000,5.630487
280,37000000000000,10:16:40,37010000000000,10000000000,575,159,3322,28496,11728500,11732000,17.5000,2.984184
281,37010000000000,10:16:50,37020000000000,10000000000,332,103,-3780,9820,11732000,11727400,-23.0000,-3.920900
282,37020000000000,10:17:00,37030000000000,10000000000,50,12,-411,1011,11727400,11726200,-6.0000,-1.023245
283,37030000000000,10:17:10,37040000000000,10000000000,73,6,-89,511,11726200,11727000,4.0000,0.682233
284,37040000000000,10:17:20,37050000000000,10000000000,97,18,330,1692,11727000,11727000,0.0000,0.000000
285,37050000000000,10:17:30,37060000000000,10000000000,149,56,1528,6462,11727000,11729300,11.5000,1.961286
286,37060000000000,10:17:40,37070000000000,10000000000,204,62,3472,5872,11729300,11732200,14.5000,2.472441
287,37070000000000,10:17:50,37080000000000,10000000000,54,4,-140,340,11732200,11731500,-3.5000,-0.596649
288,37080000000000,10:18:00,37090000000000,10000000000,304,84,-2746,8434,11731500,11726700,-24.0000,-4.091548
289,37090000000000,10:18:10,37100000000000,10000000000,345,3,44,244,11726700,11727500,4.0000,0.682204
290,37100000000000,10:18:20,37110000000000,10000000000,301,73,-2361,5695,11727500,11723100,-22.0000,-3.751865
291,37110000000000,10:18:30,37120000000000,10000000000,144,42,407,2991,11723100,11725100,10.0000,1.706033
292,37120000000000,10:18:40,37130000000000,10000000000,194,46,627,3039,11725100,11728100,15.0000,2.558614
293,37130000000000,10:18:50,37140000000000,10000000000,58,21,-156,1312,11728100,11727900,-1.0000,-0.170531
294,37140000000000,10:19:00,37150000000000,10000000000,346,59,-732,2998,11727900,11723300,-23.0000,-3.922271
295,37150000000000,10:19:10,37160000000000,10000000000,54,8,123,543,11723300,11724100,4.0000,0.682402
296,37160000000000,10:19:20,37170000000000,10000000000,306,70,897,2863,11724100,11725600,7.5000,1.279416
297,37170000000000,10:19:30,37180000000000,10000000000,171,35,-240,986,11725600,11724800,-4.0000,-0.682268
298,37180000000000,10:19:40,37190000000000,10000000000,69,16,-182,466,11724800,11723700,-5.5000,-0.938182
299,37190000000000,10:19:50,37200000000000,10000000000,154,44,-207,2083,11723700,11724000,1.5000,0.255892
300,37200000000000,10:20:00,37210000000000,10000000000,127,32,-429,1489,11724000,11723200,-4.0000,-0.682361
301,37210000000000,10:20:10,37220000000000,10000000000,89,23,-22,454,11723200,11722400,-4.0000,-0.682408
302,37220000000000,10:20:20,37230000000000,10000000000,48,18,-122,1362,11722400,11721600,-4.0000,-0.682454
303,37230000000000,10:20:30,37240000000000,10000000000,103,38,537,3209,11721600,11722800,6.0000,1.023751
304,37240000000000,10:20:40,37250000000000,10000000000,79,27,889,2511,11722800,11724300,7.5000,1.279558
305,37250000000000,10:20:50,37260000000000,10000000000,108,42,176,2982,11724300,11725000,3.5000,0.597051
306,37260000000000,10:21:00,37270000000000,10000000000,199,73,972,4022,11725000,11727000,10.0000,1.705757
307,37270000000000,10:21:10,37280000000000,10000000000,82,30,34,1068,11727000,11727500,2.5000,0.426367
308,37280000000000,10:21:20,37290000000000,10000000000,467,135,-2157,6135,11727500,11722400,-25.5000,-4.348753
309,37290000000000,10:21:30,37300000000000,10000000000,116,32,-711,1949,11722400,11721500,-4.5000,-0.767761
310,37300000000000,10:21:40,37310000000000,10000000000,69,30,119,2477,11721500,11721600,0.5000,0.085313
311,37310000000000,10:21:50,37320000000000,10000000000,33,17,-482,1252,11721600,11721800,1.0000,0.170625
312,37320000000000,10:22:00,37330000000000,10000000000,214,95,-3128,7920,11721800,11718000,-19.0000,-3.241823
313,37330000000000,10:22:10,37340000000000,10000000000,72,25,209,1505,11718000,11717700,-1.5000,-0.256016
314,37340000000000,10:22:20,37350000000000,10000000000,136,42,-1663,3025,11717700,11714700,-15.0000,-2.560229
315,37350000000000,10:22:30,37360000000000,10000000000,132,52,-35,1757,11714700,11714900,1.0000,0.170726
316,37360000000000,10:22:40,37370000000000,10000000000,96,20,-8,476,11714900,11715000,0.5000,0.085361
317,37370000000000,10:22:50,37380000000000,10000000000,178,62,2098,5082,11715000,11716600,8.0000,1.365770
318,37380000000000,10:23:00,37390000000000,10000000000,139,34,-262,2062,11716600,11715200,-7.0000,-1.194886
319,37390000000000,10:23:10,37400000000000,10000000000,70,30,819,2619,11715200,11716100,4.5000,0.768233
320,37400000000000,10:23:20,37410000000000,10000000000,212,76,1794,3908,11716100,11718700,13.0000,2.219168
321,37410000000000,10:23:30,37420000000000,10000000000,95,36,-36,2596,11718700,11718700,0.0000,0.000000
322,37420000000000,10:23:40,37430000000000,10000000000,59,25,40,1166,11718700,11717300,-7.0000,-1.194672
323,37430000000000,10:23:50,37440000000000,10000000000,85,27,-188,1612,11717300,11718100,4.0000,0.682751
324,37440000000000,10:24:00,37450000000000,10000000000,54,16,388,1350,11718100,11719000,4.5000,0.768043
325,37450000000000,10:24:10,37460000000000,10000000000,58,15,-62,742,11719000,11718600,-2.0000,-0.341326
326,37460000000000,10:24:20,37470000000000,10000000000,173,63,843,2505,11718600,11717000,-8.0000,-1.365351
327,37470000000000,10:24:30,37480000000000,10000000000,70,27,-104,540,11717000,11717000,0.0000,0.000000
328,37480000000000,10:24:40,37490000000000,10000000000,101,36,320,840,11717000,11717900,4.5000,0.768115
329,37490000000000,10:24:50,37500000000000,10000000000,35,7,-112,160,11717900,11716800,-5.5000,-0.938735
330,37500000000000,10:25:00,37510000000000,10000000000,28,11,97,487,11716800,11718200,7.0000,1.194865
331,37510000000000,10:25:10,37520000000000,10000000000,92,24,-35,2139,11718200,11717300,-4.5000,-0.768036
332,37520000000000,10:25:20,37530000000000,10000000000,133,58,-2392,3986,11717300,11713600,-18.5000,-3.157724
333,37530000000000,10:25:30,37540000000000,10000000000,207,73,-297,2103,11713600,11713500,-0.5000,-0.085371
334,37540000000000,10:25:40,37550000000000,10000000000,151,42,-1333,1855,11713500,11710200,-16.5000,-2.817262
335,37550000000000,10:25:50,37560000000000,10000000000,223,67,-4281,6245,11710200,11704800,-27.0000,-4.611364
336,37560000000000,10:26:00,37570000000000,10000000000,228,65,1086,3492,11704800,11708000,16.0000,2.733921
337,37570000000000,10:26:10,37580000000000,10000000000,164,35,10,966,11708000,11709400,7.0000,1.195764
338,37580000000000,10:26:20,37590000000000,10000000000,133,38,-838,2370,11709400,11710500,5.5000,0.939416
339,37590000000000,10:26:30,37600000000000,10000000000,196,63,1881,3883,11710500,11712800,11.5000,1.964049
340,37600000000000,10:26:40,37610000000000,10000000000,169,50,-1006,3774,11712800,11708800,-20.0000,-3.415067
341,37610000000000,10:26:50,37620000000000,10000000000,43,6,-445,645,11708800,11707700,-5.5000,-0.939464
342,37620000000000,10:27:00,37630000000000,10000000000,149,45,353,3155,11707700,11710300,13.0000,2.220761
343,37630000000000,10:27:10,37640000000000,10000000000,41,14,454,856,11710300,11711500,6.0000,1.024739
344,37640000000000,10:27:20,37650000000000,10000000000,114,37,2269,2875,11711500,11714800,16.5000,2.817743
345,37650000000000,10:27:30,37660000000000,10000000000,154,51,11,3627,11714800,11714000,-4.0000,-0.682897
346,37660000000000,10:27:40,37670000000000,10000000000,105,16,-597,721,11714000,11710000,-20.0000,-3.414717
347,37670000000000,10:27:50,37680000000000,10000000000,117,25,14,1456,11710000,11711400,7.0000,1.195559
348,37680000000000,10:28:00,37690000000000,10000000000,111,21,-541,669,11711400,11708300,-15.5000,-2.646994
349,37690000000000,10:28:10,37700000000000,10000000000,150,34,1495,3001,11708300,11711800,17.5000,2.989332
350,37700000000000,10:28:20,37710000000000,10000000000,50,14,-243,889,11711800,11711000,-4.0000,-0.683072
351,37710000000000,10:28:30,37720000000000,10000000000,108,16,-282,1386,11711000,11710000,-5.0000,-0.853898
352,37720000000000,10:28:40,37730000000000,10000000000,92,27,-15379,16621,11710000,11709000,-5.0000,-0.853971
353,37730000000000,10:28:50,37740000000000,10000000000,54,22,35,1065,11709000,11709000,0.0000,0.000000
354,37740000000000,10:29:00,37750000000000,10000000000,371,129,16243,23019,11709000,11714200,26.0000,4.441028
355,37750000000000,10:29:10,37760000000000,10000000000,301,74,-603,3717,11714200,11713700,-2.5000,-0.426832
356,37760000000000,10:29:20,37770000000000,10000000000,117,26,148,820,11713700,11715300,8.0000,1.365922
357,37770000000000,10:29:30,37780000000000,10000000000,219,49,-86,3026,11715300,11714200,-5.5000,-0.938943
358,37780000000000,10:29:40,37790000000000,10000000000,163,39,-313,2403,11714200,11713100,-5.5000,-0.939031
359,37790000000000,10:29:50,37800000000000,10000000000,124,30,416,1126,11713100,11716400,16.5000,2.817358
360,37800000000000,10:30:00,37810000000000,10000000000,214,55,-646,2270,11716400,11712600,-19.0000,-3.243317
361,37810000000000,10:30:10,37820000000000,10000000000,157,27,-2,1604,11712600,11712400,-1.0000,-0.170756
362,37820000000000,10:30:20,37830000000000,10000000000,39,4,110,146,11712400,11712700,1.5000,0.256139
363,37830000000000,10:30:30,37840000000000,10000000000,97,12,-10,666,11712700,11711200,-7.5000,-1.280661
364,37840000000000,10:30:40,37850000000000,10000000000,28,8,146,586,11711200,11711700,2.5000,0.426942
365,37850000000000,10:30:50,37860000000000,10000000000,111,47,-113,3857,11711700,11710600,-5.5000,-0.939232
366,37860000000000,10:31:00,37870000000000,10000000000,180,34,277,1489,11710600,11711300,3.5000,0.597749
367,37870000000000,10:31:10,37880000000000,10000000000,155,53,125,2129,11711300,11712700,7.0000,1.195427
368,37880000000000,10:31:20,37890000000000,10000000000,62,17,297,641,11712700,11714500,9.0000,1.536793
369,37890000000000,10:31:30,37900000000000,10000000000,112,17,455,793,11714500,11715800,6.5000,1.109736
370,37900000000000,10:31:40,37910000000000,10000000000,141,28,298,1374,11715800,11716500,3.5000,0.597484
371,37910000000000,10:31:50,37920000000000,10000000000,76,26,399,1707,11716500,11716900,2.0000,0.341399
372,37920000000000,10:32:00,37930000000000,10000000000,87,18,-392,908,11716900,11715300,-8.0000,-1.365549
373,37930000000000,10:32:10,37940000000000,10000000000,72,11,118,442,11715300,11715900,3.0000,0.512151
374,37940000000000,10:32:20,37950000000000,10000000000,74,15,-44,718,11715900,11715800,-0.5000,-0.085354
375,37950000000000,10:32:30,37960000000000,10000000000,73,11,-368,568,11715800,11714100,-8.5000,-1.451032
376,37960000000000,10:32:40,37970000000000,10000000000,145,24,-1380,2070,11714100,11711000,-15.5000,-2.646383
377,37970000000000,10:32:50,37980000000000,10000000000,114,23,64,826,11711000,11711800,4.0000,0.683118
378,37980000000000,10:33:00,37990000000000,10000000000,31,6,-200,436,11711800,11711900,0.5000,0.085384
379,37990000000000,10:33:10,38000000000000,10000000000,48,7,-154,154,11711900,11711100,-4.0000,-0.683066
380,38000000000000,10:33:20,38010000000000,10000000000,199,81,-111,1841,11711100,11710600,-2.5000,-0.426945
381,38010000000000,10:33:30,38020000000000,10000000000,121,35,164,1422,11710600,11709900,-3.5000,-0.597749
382,38020000000000,10:33:40,38030000000000,10000000000,115,43,18,1530,11709900,11710900,5.0000,0.853978
383,38030000000000,10:33:50,38040000000000,10000000000,95,16,172,786,11710900,11711700,4.0000,0.683124
384,38040000000000,10:34:00,38050000000000,10000000000,329,72,753,3197,11711700,11711800,0.5000,0.085385
385,38050000000000,10:34:10,38060000000000,10000000000,185,51,744,2566,11711800,11712600,4.0000,0.683072
386,38060000000000,10:34:20,38070000000000,10000000000,61,16,428,880,11712600,11713600,5.0000,0.853781
387,38070000000000,10:34:30,38080000000000,10000000000,152,61,239,3597,11713600,11713000,-3.0000,-0.512225
388,38080000000000,10:34:40,38090000000000,10000000000,251,70,1503,4009,11713000,11715100,10.5000,1.792880
389,38090000000000,10:34:50,38100000000000,10000000000,135,46,1293,2491,11715100,11716500,7.0000,1.195039
390,38100000000000,10:35:00,38110000000000,10000000000,281,91,1057,4123,11716500,11721300,24.0000,4.096787
391,38110000000000,10:35:10,38120000000000,10000000000,202,34,311,1653,11721300,11722000,3.5000,0.597203
392,38120000000000,10:35:20,38130000000000,10000000000,73,10,14,718,11722000,11723000,5.0000,0.853097
393,38130000000000,10:35:30,38140000000000,10000000000,128,30,280,2416,11723000,11723500,2.5000,0.426512
394,38140000000000,10:35:40,38150000000000,10000000000,164,50,3713,7255,11723500,11726800,16.5000,2.814859
395,38150000000000,10:35:50,38160000000000,10000000000,240,52,976,5028,11726800,11727900,5.5000,0.938022
396,38160000000000,10:36:00,38170000000000,10000000000,195,18,-1051,1451,11727900,11724600,-16.5000,-2.813803
397,38170000000000,10:36:10,38180000000000,10000000000,199,17,-515,1315,11724600,11723000,-8.0000,-1.364652
398,38180000000000,10:36:20,38190000000000,10000000000,163,24,-253,1209,11723000,11722700,-1.5000,-0.255907
399,38190000000000,10:36:30,38200000000000,10000000000,108,15,-331,1289,11722700,11722200,-2.5000,-0.426523
400,38200000000000,10:36:40,38210000000000,10000000000,185,70,-240,21052,11722200,11720000,-11.0000,-1.876781
401,38210000000000,10:36:50,38220000000000,10000000000,126,40,1074,9858,11720000,11718600,-7.0000,-1.194539
402,38220000000000,10:37:00,38230000000000,10000000000,214,61,948,4508,11718600,11721100,12.5000,2.133361
403,38230000000000,10:37:10,38240000000000,10000000000,195,41,-400,2178,11721100,11722000,4.5000,0.767846
404,38240000000000,10:37:20,38250000000000,10000000000,25,6,-84,358,11722000,11721700,-1.5000,-0.255929
405,38250000000000,10:37:30,38260000000000,10000000000,30,8,-401,1401,11721700,11721500,-1.0000,-0.170624
406,38260000000000,10:37:40,38270000000000,10000000000,415,147,-2718,11310,11721500,11719600,-9.5000,-1.620953
407,38270000000000,10:37:50,38280000000000,10000000000,234,68,473,3163,11719600,11721000,7.0000,1.194580
408,38280000000000,10:38:00,38290000000000,10000000000,211,60,-399,1815,11721000,11720100,-4.5000,-0.767853
409,38290000000000,10:38:10,38300000000000,10000000000,222,54,475,1723,11720100,11720300,1.0000,0.170647
410,38300000000000,10:38:20,38310000000000,10000000000,222,63,780,1726,11720300,11723300,15.0000,2.559661
411,38310000000000,10:38:30,38320000000000,10000000000,97,17,-612,1308,11723300,11722000,-6.5000,-1.108903
412,38320000000000,10:38:40,38330000000000,10000000000,195,31,55,1557,11722000,11722800,4.0000,0.682477
413,38330000000000,10:38:50,38340000000000,10000000000,161,31,499,1013,11722800,11723100,1.5000,0.255912
414,38340000000000,10:39:00,38350000000000,10000000000,95,16,-94,296,11723100,11722200,-4.5000,-0.767715
415,38350000000000,10:39:10,38360000000000,10000000000,266,56,661,3103,11722200,11723100,4.5000,0.767774
416,38360000000000,10:39:20,38370000000000,10000000000,271,67,-68,2176,11723100,11720900,-11.0000,-1.876637
417,38370000000000,10:39:30,38380000000000,10000000000,64,19,42,402,11720900,11722800,9.5000,1.621036
418,38380000000000,10:39:40,38390000000000,10000000000,72,13,-223,675,11722800,11721800,-5.0000,-0.853039
419,38390000000000,10:39:50,38400000000000,10000000000,278,65,2339,4297,11721800,11725900,20.5000,3.497756
420,38400000000000,10:40:00,38410000000000,10000000000,138,38,-967,1995,11725900,11723600,-11.5000,-1.961470
421,38410000000000,10:40:10,38420000000000,10000000000,245,41,290,1246,11723600,11724000,2.0000,0.341192
422,38420000000000,10:40:20,38430000000000,10000000000,114,17,-678,926,11724000,11722200,-9.0000,-1.535312
423,38430000000000,10:40:30,38440000000000,10000000000,120,22,-276,1128,11722200,11721600,-3.0000,-0.511849
424,38440000000000,10:40:40,38450000000000,10000000000,44,7,199,437,11721600,11721700,0.5000,0.085313
425,38450000000000,10:40:50,38460000000000,10000000000,175,39,333,2491,11721700,11722400,3.5000,0.597183
426,38460000000000,10:41:00,38470000000000,10000000000,313,97,1784,12670,11722400,11727600,26.0000,4.435952
427,38470000000000,10:41:10,38480000000000,10000000000,581,186,9152,17650,11727600,11731300,18.5000,3.154951
428,38480000000000,10:41:20,38490000000000,10000000000,238,75,-490,5160,11731300,11731400,0.5000,0.085242
429,38490000000000,10:41:30,38500000000000,10000000000,148,42,147,1927,11731400,11731500,0.5000,0.085241
430,38500000000000,10:41:40,38510000000000,10000000000,49,11,140,472,11731500,11731600,0.5000,0.085241
431,38510000000000,10:41:50,38520000000000,10000000000,121,28,1031,2179,11731600,11733300,8.5000,1.449078
432,38520000000000,10:42:00,38530000000000,10000000000,66,15,-199,1401,11733300,11733200,-0.5000,-0.085228
433,38530000000000,10:42:10,38540000000000,10000000000,95,17,-899,1407,11733200,11732000,-6.0000,-1.022739
434,38540000000000,10:42:20,38550000000000,10000000000,299,68,-1782,5650,11732000,11728100,-19.5000,-3.324241
435,38550000000000,10:42:30,38560000000000,10000000000,120,16,0,1404,11728100,11728400,1.5000,0.255796
436,38560000000000,10:42:40,38570000000000,10000000000,320,72,666,7002,11728400,11729000,3.0000,0.511579
437,38570000000000,10:42:50,38580000000000,10000000000,212,51,-1276,4532,11729000,11727900,-5.5000,-0.937846
438,38580000000000,10:43:00,38590000000000,10000000000,161,38,406,3742,11727900,11727500,-2.0000,-0.341067
439,38590000000000,10:43:10,38600000000000,10000000000,198,53,-419,3407,11727500,11724900,-13.0000,-2.217011
440,38600000000000,10:43:20,38610000000000,10000000000,155,61,-406,2982,11724900,11725800,4.5000,0.767597
441,38610000000000,10:43:30,38620000000000,10000000000,166,37,286,2402,11725800,11727400,8.0000,1.364512
442,38620000000000,10:43:40,38630000000000,10000000000,68,18,27,787,11727400,11727500,0.5000,0.085270
443,38630000000000,10:43:50,38640000000000,10000000000,89,14,378,780,11727500,11728600,5.5000,0.937966
444,38640000000000,10:44:00,38650000000000,10000000000,324,120,-3599,16027,11728600,11729900,6.5000,1.108402
445,38650000000000,10:44:10,38660000000000,10000000000,82,18,-329,1319,11729900,11728500,-7.0000,-1.193531
446,38660000000000,10:44:20,38670000000000,10000000000,183,50,39,2803,11728500,11728200,-1.5000,-0.255787
447,38670000000000,10:44:30,38680000000000,10000000000,188,55,1593,3219,11728200,11732300,20.5000,3.495848
448,38680000000000,10:44:40,38690000000000,10000000000,142,42,407,3699,11732300,11733100,4.0000,0.681878
449,38690000000000,10:44:50,38700000000000,10000000000,200,62,-3,4797,11733100,11733200,0.5000,0.085229
450,38700000000000,10:45:00,38710000000000,10000000000,352,110,5314,11636,11733200,11736400,16.0000,2.727304
451,38710000000000,10:45:10,38720000000000,10000000000,302,87,800,2952,11736400,11737700,6.5000,1.107665
452,38720000000000,10:45:20,38730000000000,10000000000,447,137,3229,14731,11737700,11743900,31.0000,5.282125
453,38730000000000,10:45:30,38740000000000,10000000000,234,88,889,8163,11743900,11741000,-14.5000,-2.469367
454,38740000000000,10:45:40,38750000000000,10000000000,199,64,-3,2921,11741000,11740900,-0.5000,-0.085172
455,38750000000000,10:45:50,38760000000000,10000000000,354,118,4208,11308,11740900,11745500,23.0000,3.917928
456,38760000000000,10:46:00,38770000000000,10000000000,198,63,-5363,9245,11745500,11740100,-27.0000,-4.597505
457,38770000000000,10:46:10,38780000000000,10000000000,115,17,400,1650,11740100,11741200,5.5000,0.936960
458,38780000000000,10:46:20,38790000000000,10000000000,46,13,-336,972,11741200,11740800,-2.0000,-0.340681
459,38790000000000,10:46:30,38800000000000,10000000000,89,19,-602,1266,11740800,11739300,-7.5000,-1.277596
460,38800000000000,10:46:40,38810000000000,10000000000,91,23,1162,2962,11739300,11742000,13.5000,2.299967
461,38810000000000,10:46:50,38820000000000,10000000000,70,22,296,2496,11742000,11741400,-3.0000,-0.510986
462,38820000000000,10:47:00,38830000000000,10000000000,62,19,-891,2031,11741400,11740500,-4.5000,-0.766518
463,38830000000000,10:47:10,38840000000000,10000000000,165,38,-563,2621,11740500,11738200,-11.5000,-1.959031
464,38840000000000,10:47:20,38850000000000,10000000000,130,37,-267,1297,11738200,11737700,-2.5000,-0.425960
465,38850000000000,10:47:30,38860000000000,10000000000,121,63,653,5027,11737700,11740200,12.5000,2.129889
466,38860000000000,10:47:40,38870000000000,10000000000,52,16,489,1429,11740200,11741000,4.0000,0.681419
467,38870000000000,10:47:50,38880000000000,10000000000,119,46,829,2981,11741000,11741900,4.5000,0.766545
468,38880000000000,10:48:00,38890000000000,10000000000,55,16,-290,1988,11741900,11741600,-1.5000,-0.255495
469,38890000000000,10:48:10,38900000000000,10000000000,55,24,1184,1988,11741600,11742000,2.0000,0.340669
470,38900000000000,10:48:20,38910000000000,10000000000,164,79,-986,11320,11742000,11743100,5.5000,0.936808
471,38910000000000,10:48:30,38920000000000,10000000000,90,52,-1064,8380,11743100,11745400,11.5000,1.958597
472,38920000000000,10:48:40,38930000000000,10000000000,32,8,300,720,11745400,11745000,-2.0000,-0.340559
473,38930000000000,10:48:50,38940000000000,10000000000,162,52,-225,4771,11745000,11745400,2.0000,0.340570
474,38940000000000,10:49:00,38950000000000,10000000000,161,33,-221,2597,11745400,11745600,1.0000,0.170279
475,38950000000000,10:49:10,38960000000000,10000000000,53,14,152,450,11745600,11745100,-2.5000,-0.425691
476,38960000000000,10:49:20,38970000000000,10000000000,298,86,-4507,9219,11745100,11738800,-31.5000,-5.363939
477,38970000000000,10:49:30,38980000000000,10000000000,52,9,194,824,11738800,11739000,1.0000,0.170375
478,38980000000000,10:49:40,38990000000000,10000000000,81,9,-168,452,11739000,11739500,2.5000,0.425931
479,38990000000000,10:49:50,39000000000000,10000000000,80,9,39,2667,11739500,11737900,-8.0000,-1.362920
480,39000000000000,10:50:00,39010000000000,10000000000,36,3,100,300,11737900,11738100,1.0000,0.170388
481,39010000000000,10:50:10,39020000000000,10000000000,38,17,200,1630,11738100,11738500,2.0000,0.340771
482,39020000000000,10:50:20,39030000000000,10000000000,89,16,-440,1640,11738500,11737400,-5.5000,-0.937087
483,39030000000000,10:50:30,39040000000000,10000000000,39,13,-170,1230,11737400,11737600,1.0000,0.170395
484,39040000000000,10:50:40,39050000000000,10000000000,60,14,500,2734,11737600,11738800,6.0000,1.022356
485,39050000000000,10:50:50,39060000000000,10000000000,209,66,410,5126,11738800,11740200,7.0000,1.192626
486,39060000000000,10:51:00,39070000000000,10000000000,124,30,281,989,11740200,11740300,0.5000,0.085177
487,39070000000000,10:51:10,39080000000000,10000000000,23,7,54,290,11740300,11740200,-0.5000,-0.085177
488,39080000000000,10:51:20,39090000000000,10000000000,119,26,-562,1708,11740200,11738600,-8.0000,-1.362839
489,39090000000000,10:51:30,39100000000000,10000000000,213,74,5036,6936,11738600,11745600,35.0000,5.963232
490,39100000000000,10:51:40,39110000000000,10000000000,112,23,-1575,2575,11745600,11744500,-5.5000,-0.936521
491,39110000000000,10:51:50,39120000000000,10000000000,128,58,2177,5113,11744500,11747700,16.0000,2.724680
492,39120000000000,10:52:00,39130000000000,10000000000,392,141,8320,13424,11747700,11753100,27.0000,4.596644
493,39130000000000,10:52:10,39140000000000,10000000000,302,163,5488,19906,11753100,11755800,13.5000,2.297266
494,39140000000000,10:52:20,39150000000000,10000000000,247,67,3545,7801,11755800,11757100,6.5000,1.105837
495,39150000000000,10:52:30,39160000000000,10000000000,155,51,-68,3938,11757100,11758500,7.0000,1.190770
496,39160000000000,10:52:40,39170000000000,10000000000,222,111,4500,8962,11758500,11760200,8.5000,1.445763
497,39170000000000,10:52:50,39180000000000,10000000000,272,52,-1750,4554,11760200,11756700,-17.5000,-2.976140
498,39180000000000,10:53:00,39190000000000,10000000000,203,57,-173,4507,11756700,11758000,6.5000,1.105752
499,39190000000000,10:53:10,39200000000000,10000000000,200,50,-752,16600,11758000,11757100,-4.5000,-0.765436
500,39200000000000,10:53:20,39210000000000,10000000000,225,120,-5102,19098,11757100,11759100,10.0000,1.701100
501,39210000000000,10:53:30,39220000000000,10000000000,211,143,-8586,27226,11759100,11759800,3.5000,0.595284
502,39220000000000,10:53:40,39230000000000,10000000000,93,25,-14,2408,11759800,11758700,-5.5000,-0.935390
503,39230000000000,10:53:50,39240000000000,10000000000,215,66,1821,5457,11758700,11762200,17.5000,2.976520
504,39240000000000,10:54:00,39250000000000,10000000000,57,22,-113,1723,11762200,11760700,-7.5000,-1.275272
505,39250000000000,10:54:10,39260000000000,10000000000,129,30,-542,2682,11760700,11759200,-7.5000,-1.275434
506,39260000000000,10:54:20,39270000000000,10000000000,294,70,-1068,6056,11759200,11758800,-2.0000,-0.340159
507,39270000000000,10:54:30,39280000000000,10000000000,155,37,1440,3304,11758800,11760500,8.5000,1.445726
508,39280000000000,10:54:40,39290000000000,10000000000,217,74,1160,7072,11760500,11761600,5.5000,0.935334
509,39290000000000,10:54:50,39300000000000,10000000000,62,16,-9,1245,11761600,11760600,-5.0000,-0.850224
510,39300000000000,10:55:00,39310000000000,10000000000,157,59,1050,5082,11760600,11762200,8.0000,1.360475
511,39310000000000,10:55:10,39320000000000,10000000000,81,20,2613,4613,11762200,11761500,-3.5000,-0.595127
512,39320000000000,10:55:20,39330000000000,10000000000,179,24,-3293,4697,11761500,11760000,-7.5000,-1.275348
513,39330000000000,10:55:30,39340000000000,10000000000,105,12,-101,921,11760000,11759500,-2.5000,-0.425170
514,39340000000000,10:55:40,39350000000000,10000000000,179,36,-1371,3411,11759500,11755900,-18.0000,-3.061355
515,39350000000000,10:55:50,39360000000000,10000000000,181,37,-1144,2978,11755900,11753200,-13.5000,-2.296719
516,39360000000000,10:56:00,39370000000000,10000000000,178,24,1517,2719,11753200,11757400,21.0000,3.573495
517,39370000000000,10:56:10,39380000000000,10000000000,96,22,120,2420,11757400,11758000,3.0000,0.510317
518,39380000000000,10:56:20,39390000000000,10000000000,67,12,186,1814,11758000,11757900,-0.5000,-0.085048
519,39390000000000,10:56:30,39400000000000,10000000000,44,12,-980,1372,11757900,11756600,-6.5000,-1.105640
520,39400000000000,10:56:40,39410000000000,10000000000,149,43,-697,3181,11756600,11753400,-16.0000,-2.721875
521,39410000000000,10:56:50,39420000000000,10000000000,101,29,-230,1160,11753400,11753200,-1.0000,-0.170164
522,39420000000000,10:57:00,39430000000000,10000000000,166,32,488,1220,11753200,11755500,11.5000,1.956914
523,39430000000000,10:57:10,39440000000000,10000000000,110,36,-580,1532,11755500,11753700,-9.0000,-1.531198
524,39440000000000,10:57:20,39450000000000,10000000000,270,76,-626,3724,11753700,11753100,-3.0000,-0.510478
525,39450000000000,10:57:30,39460000000000,10000000000,124,36,-327,1881,11753100,11753100,0.0000,0.000000
526,39460000000000,10:57:40,39470000000000,10000000000,93,27,-387,939,11753100,11752100,-5.0000,-0.850839
527,39470000000000,10:57:50,39480000000000,10000000000,246,59,-998,2698,11752100,11749700,-12.0000,-2.042188
528,39480000000000,10:58:00,39490000000000,10000000000,146,22,2005,3449,11749700,11752900,16.0000,2.723474
529,39490000000000,10:58:10,39500000000000,10000000000,113,22,108,1908,11752900,11752400,-2.5000,-0.425427
530,39500000000000,10:58:20,39510000000000,10000000000,365,104,-1457,9179,11752400,11751700,-3.5000,-0.595623
531,39510000000000,10:58:30,39520000000000,10000000000,128,27,-107,1719,11751700,11751400,-1.5000,-0.255282
532,39520000000000,10:58:40,39530000000000,10000000000,63,3,207,207,11751400,11752500,5.5000,0.936059
533,39530000000000,10:58:50,39540000000000,10000000000,90,5,312,314,11752500,11753500,5.0000,0.850883
534,39540000000000,10:59:00,39550000000000,10000000000,46,10,-297,505,11753500,11754700,6.0000,1.020972
535,39550000000000,10:59:10,39560000000000,10000000000,308,52,765,3371,11754700,11756800,10.5000,1.786519
536,39560000000000,10:59:20,39570000000000,10000000000,88,11,214,434,11756800,11757800,5.0000,0.850572
537,39570000000000,10:59:30,39580000000000,10000000000,150,46,1738,2896,11757800,11761100,16.5000,2.806648
538,39580000000000,10:59:40,39590000000000,10000000000,303,60,-1259,4003,11761100,11755800,-26.5000,-4.506381
539,39590000000000,10:59:50,39600000000000,10000000000,134,15,412,1254,11755800,11756300,2.5000,0.425322
540,39600000000000,11:00:00,39610000000000,10000000000,174,23,143,1239,11756300,11756600,1.5000,0.255182
541,39610000000000,11:00:10,39620000000000,10000000000,224,48,-1428,3926,11756600,11753800,-14.0000,-2.381641
542,39620000000000,11:00:20,39630000000000,10000000000,372,87,953,4887,11753800,11755500,8.5000,1.446341
543,39630000000000,11:00:30,39640000000000,10000000000,585,112,-3089,8065,11755500,11748800,-33.5000,-5.699460
544,39640000000000,11:00:40,39650000000000,10000000000,167,22,236,1286,11748800,11747900,-4.5000,-0.766036
545,39650000000000,11:00:50,39660000000000,10000000000,129,31,-573,2035,11747900,11747100,-4.0000,-0.680973
546,39660000000000,11:01:00,39670000000000,10000000000,203,67,-47,6779,11747100,11749900,14.0000,2.383567
547,39670000000000,11:01:10,39680000000000,10000000000,162,51,-852,4312,11749900,11748200,-8.5000,-1.446821
548,39680000000000,11:01:20,39690000000000,10000000000,82,14,119,719,11748200,11749200,5.0000,0.851194
549,39690000000000,11:01:30,39700000000000,10000000000,129,23,-813,1421,11749200,11747500,-8.5000,-1.446907
550,39700000000000,11:01:40,39710000000000,10000000000,96,16,-267,1095,11747500,11747000,-2.5000,-0.425622
551,39710000000000,11:01:50,39720000000000,10000000000,163,39,-682,3278,11747000,11745000,-10.0000,-1.702562
552,39720000000000,11:02:00,39730000000000,10000000000,234,45,-1397,2291,11745000,11741500,-17.5000,-2.979991
553,39730000000000,11:02:10,39740000000000,10000000000,140,34,-676,3734,11741500,11741100,-2.0000,-0.340672
554,39740000000000,11:02:20,39750000000000,10000000000,282,84,-1433,6373,11741100,11738300,-14.0000,-2.384785
555,39750000000000,11:02:30,39760000000000,10000000000,202,68,2200,7034,11738300,11741400,15.5000,2.640928
556,39760000000000,11:02:40,39770000000000,10000000000,182,48,-4936,7472,11741400,11738800,-13.0000,-2.214387
557,39770000000000,11:02:50,39780000000000,10000000000,168,43,-2484,3412,11738800,11736200,-13.0000,-2.214877
558,39780000000000,11:03:00,39790000000000,10000000000,294,39,498,3322,11736200,11737300,5.5000,0.937271
559,39790000000000,11:03:10,39800000000000,10000000000,209,61,-343,5207,11737300,11738000,3.5000,0.596389
560,39800000000000,11:03:20,39810000000000,10000000000,165,36,-602,3522,11738000,11736200,-9.0000,-1.533481
561,39810000000000,11:03:30,39820000000000,10000000000,108,21,384,722,11736200,11737200,5.0000,0.852065
562,39820000000000,11:03:40,39830000000000,10000000000,33,5,-25,425,11737200,11737200,0.0000,0.000000
563,39830000000000,11:03:50,39840000000000,10000000000,119,31,1601,2303,11737200,11739200,10.0000,1.703984
564,39840000000000,11:04:00,39850000000000,10000000000,135,21,17,2101,11739200,11740600,7.0000,1.192586
565,39850000000000,11:04:10,39860000000000,10000000000,91,20,206,1442,11740600,11740500,-0.5000,-0.085175
566,39860000000000,11:04:20,39870000000000,10000000000,217,52,-1355,2155,11740500,11736700,-19.0000,-3.236659
567,39870000000000,11:04:30,39880000000000,10000000000,353,75,-985,5909,11736700,11735100,-8.0000,-1.363245
568,39880000000000,11:04:40,39890000000000,10000000000,161,32,-411,1727,11735100,11735400,1.5000,0.255643
569,39890000000000,11:04:50,39900000000000,10000000000,171,41,-577,1759,11735400,11735000,-2.0000,-0.340849
570,39900000000000,11:05:00,39910000000000,10000000000,83,4,100,394,11735000,11735400,2.0000,0.340861
571,39910000000000,11:05:10,39920000000000,10000000000,98,16,789,1225,11735400,11738800,17.0000,2.897217
572,39920000000000,11:05:20,39930000000000,10000000000,179,57,-94,3722,11738800,11739200,2.0000,0.340750
573,39930000000000,11:05:30,39940000000000,10000000000,141,35,-288,2020,11739200,11737900,-6.5000,-1.107401
574,39940000000000,11:05:40,39950000000000,10000000000,195,33,-1781,2297,11737900,11732800,-25.5000,-4.344900
575,39950000000000,11:05:50,39960000000000,10000000000,355,209,721,18965,11732800,11735400,13.0000,2.216010
576,39960000000000,11:06:00,39970000000000,10000000000,335,129,28,9344,11735400,11733400,-10.0000,-1.704245
577,39970000000000,11:06:10,39980000000000,10000000000,211,78,296,4908,11733400,11734200,4.0000,0.681814
578,39980000000000,11:06:20,39990000000000,10000000000,71,17,-301,921,11734200,11732200,-10.0000,-1.704420
579,39990000000000,11:06:30,40000000000000,10000000000,100,23,503,1103,11732200,11732800,3.0000,0.511413
580,40000000000000,11:06:40,40010000000000,10000000000,198,49,-4053,4991,11732800,11728800,-20.0000,-3.409246
581,40010000000000,11:06:50,40020000000000,10000000000,437,116,-3141,9499,11728800,11725300,-17.5000,-2.984107
582,40020000000000,11:07:00,40030000000000,10000000000,241,48,1095,3215,11725300,11731000,28.5000,4.861283
583,40030000000000,11:07:10,40040000000000,10000000000,126,20,-276,984,11731000,11729000,-10.0000,-1.704884
584,40040000000000,11:07:20,40050000000000,10000000000,170,41,-254,1830,11729000,11728900,-0.5000,-0.085259
585,40050000000000,11:07:30,40060000000000,10000000000,106,21,291,1179,11728900,11729400,2.5000,0.426297
586,40060000000000,11:07:40,40070000000000,10000000000,206,26,1718,7950,11729400,11733800,22.0000,3.751258
587,40070000000000,11:07:50,40080000000000,10000000000,140,14,-250,1014,11733800,11732000,-9.0000,-1.534030
588,40080000000000,11:08:00,40090000000000,10000000000,187,38,-732,2718,11732000,11730100,-9.5000,-1.619502
589,40090000000000,11:08:10,40100000000000,10000000000,160,24,-420,1142,11730100,11729500,-3.0000,-0.511505
590,40100000000000,11:08:20,40110000000000,10000000000,214,62,-92,3064,11729500,11729600,0.5000,0.085255
591,40110000000000,11:08:30,40120000000000,10000000000,177,41,-538,1398,11729600,11727900,-8.5000,-1.449325
592,40120000000000,11:08:40,40130000000000,10000000000,316,84,-1263,6003,11727900,11723500,-22.0000,-3.751737
593,40130000000000,11:08:50,40140000000000,10000000000,91,7,94,318,11723500,11724300,4.0000,0.682390
594,40140000000000,11:09:00,40150000000000,10000000000,260,74,-5134,7534,11724300,11718900,-27.0000,-4.605819
595,40150000000000,11:09:10,40160000000000,10000000000,540,86,-449,7173,11718900,11718100,-4.0000,-0.682658
596,40160000000000,11:09:20,40170000000000,10000000000,149,30,-313,1655,11718100,11717000,-5.5000,-0.938719
597,40170000000000,11:09:30,40180000000000,10000000000,152,23,207,1599,11717000,11718600,8.0000,1.365537
598,40180000000000,11:09:40,40190000000000,10000000000,332,49,-262,3176,11718600,11720700,10.5000,1.792023
599,40190000000000,11:09:50,40200000000000,10000000000,313,59,-404,3588,11720700,11717900,-14.0000,-2.388936
600,40200000000000,11:10:00,40210000000000,10000000000,226,59,478,3354,11717900,11718800,4.5000,0.768056
601,40210000000000,11:10:10,40220000000000,10000000000,137,33,164,2502,11718800,11721100,11.5000,1.962658
602,40220000000000,11:10:20,40230000000000,10000000000,142,40,-368,2166,11721100,11720200,-4.5000,-0.767846
603,40230000000000,11:10:30,40240000000000,10000000000,88,17,511,1411,11720200,11721700,7.5000,1.279842
604,40240000000000,11:10:40,40250000000000,10000000000,351,68,1188,6526,11721700,11723400,8.5000,1.450302
605,40250000000000,11:10:50,40260000000000,10000000000,435,78,732,7466,11723400,11724700,6.5000,1.108893
606,40260000000000,11:11:00,40270000000000,10000000000,232,57,-788,4272,11724700,11724800,0.5000,0.085290
607,40270000000000,11:11:10,40280000000000,10000000000,60,19,-178,3614,11724800,11723600,-6.0000,-1.023472
608,40280000000000,11:11:20,40290000000000,10000000000,66,19,57,739,11723600,11724100,2.5000,0.426490
609,40290000000000,11:11:30,40300000000000,10000000000,89,19,-54,656,11724100,11723500,-3.0000,-0.511766
610,40300000000000,11:11:40,40310000000000,10000000000,65,10,-64,1536,11723500,11723600,0.5000,0.085299
611,40310000000000,11:11:50,40320000000000,10000000000,129,33,-1060,1918,11723600,11719500,-20.5000,-3.497219
612,40320000000000,11:12:00,40330000000000,10000000000,191,47,-956,2572,11719500,11720000,2.5000,0.426639
613,40330000000000,11:12:10,40340000000000,10000000000,68,15,10,334,11720000,11719400,-3.0000,-0.511945
614,40340000000000,11:12:20,40350000000000,10000000000,147,31,1341,3245,11719400,11723600,21.0000,3.583801
615,40350000000000,11:12:30,40360000000000,10000000000,201,62,-165,4651,11723600,11720900,-13.5000,-2.303047
616,40360000000000,11:12:40,40370000000000,10000000000,206,57,-447,2761,11720900,11720200,-3.5000,-0.597224
617,40370000000000,11:12:50,40380000000000,10000000000,110,23,-297,1329,11720200,11719100,-5.5000,-0.938551
618,40380000000000,11:13:00,40390000000000,10000000000,137,45,473,2505,11719100,11720300,6.0000,1.023969
619,40390000000000,11:13:10,40400000000000,10000000000,177,60,-1512,2390,11720300,11716200,-20.5000,-3.498204
620,40400000000000,11:13:20,40410000000000,10000000000,718,236,-11144,27372,11716200,11708700,-37.5000,-6.401393
621,40410000000000,11:13:30,40420000000000,10000000000,141,26,958,1764,11708700,11712900,21.0000,3.587076
622,40420000000000,11:13:40,40430000000000,10000000000,606,202,-1186,20412,11712900,11707600,-26.5000,-4.524926
623,40430000000000,11:13:50,40440000000000,10000000000,424,157,2637,11299,11707600,11707100,-2.5000,-0.427073
624,40440000000000,11:14:00,40450000000000,10000000000,333,88,3756,7486,11707100,11715200,40.5000,6.918878
625,40450000000000,11:14:10,40460000000000,10000000000,140,24,-938,2054,11715200,11713300,-9.5000,-1.621825
626,40460000000000,11:14:20,40470000000000,10000000000,447,89,-114,7502,11713300,11715400,10.5000,1.792834
627,40470000000000,11:14:30,40480000000000,10000000000,307,91,-769,3805,11715400,11710600,-24.0000,-4.097171
628,40480000000000,11:14:40,40490000000000,10000000000,196,53,352,1940,11710600,11712600,10.0000,1.707854
629,40490000000000,11:14:50,40500000000000,10000000000,272,60,-1602,2796,11712600,11711300,-6.5000,-1.109916
630,40500000000000,11:15:00,40510000000000,10000000000,351,88,-349,3877,11711300,11711100,-1.0000,-0.170775
631,40510000000000,11:15:10,40520000000000,10000000000,142,40,-207,1223,11711100,11709500,-8.0000,-1.366225
632,40520000000000,11:15:20,40530000000000,10000000000,260,84,1588,4740,11709500,11712200,13.5000,2.305820
633,40530000000000,11:15:30,40540000000000,10000000000,254,57,284,4910,11712200,11712000,-1.0000,-0.170762
634,40540000000000,11:15:40,40550000000000,10000000000,189,42,1572,2878,11712000,11714800,14.0000,2.390710
635,40550000000000,11:15:50,40560000000000,10000000000,205,33,1393,2399,11714800,11714800,0.0000,0.000000
636,40560000000000,11:16:00,40570000000000,10000000000,344,95,-574,4656,11714800,11715400,3.0000,0.512173
637,40570000000000,11:16:10,40580000000000,10000000000,152,14,1021,1423,11715400,11716400,5.0000,0.853577
638,40580000000000,11:16:20,40590000000000,10000000000,121,21,34,852,11716400,11716800,2.0000,0.341402
639,40590000000000,11:16:30,40600000000000,10000000000,73,17,355,701,11716800,11718400,8.0000,1.365561
640,40600000000000,11:16:40,40610000000000,10000000000,304,103,515,17439,11718400,11719900,7.5000,1.280038
641,40610000000000,11:16:50,40620000000000,10000000000,85,24,-1359,4151,11719900,11719300,-3.0000,-0.511950
642,40620000000000,11:17:00,40630000000000,10000000000,198,58,96,4454,11719300,11720100,4.0000,0.682635
643,40630000000000,11:17:10,40640000000000,10000000000,137,26,-416,1560,11720100,11719400,-3.5000,-0.597265
644,40640000000000,11:17:20,40650000000000,10000000000,140,24,32,1000,11719400,11719500,0.5000,0.085329
645,40650000000000,11:17:30,40660000000000,10000000000,116,34,301,1447,11719500,11720500,5.0000,0.853279
646,40660000000000,11:17:40,40670000000000,10000000000,75,22,500,1196,11720500,11722200,8.5000,1.450450
647,40670000000000,11:17:50,40680000000000,10000000000,189,38,-69,3083,11722200,11721500,-3.5000,-0.597158
648,40680000000000,11:18:00,40690000000000,10000000000,110,17,-36,1972,11721500,11722100,3.0000,0.511880
649,40690000000000,11:18:10,40700000000000,10000000000,237,81,247,6747,11722100,11723800,8.5000,1.450252
650,40700000000000,11:18:20,40710000000000,10000000000,96,19,9,885,11723800,11723600,-1.0000,-0.170593
651,40710000000000,11:18:30,40720000000000,10000000000,329,106,868,5602,11723600,11724400,4.0000,0.682384
652,40720000000000,11:18:40,40730000000000,10000000000,118,45,318,6794,11724400,11725300,4.5000,0.767630
653,40730000000000,11:18:50,40740000000000,10000000000,249,89,1840,8160,11725300,11727600,11.5000,1.961570
654,40740000000000,11:19:00,40750000000000,10000000000,222,77,-2271,7933,11727600,11724500,-15.5000,-2.643337
655,40750000000000,11:19:10,40760000000000,10000000000,220,56,417,2613,11724500,11725600,5.5000,0.938206
656,40760000000000,11:19:20,40770000000000,10000000000,169,44,-536,2694,11725600,11726300,3.5000,0.596984
657,40770000000000,11:19:30,40780000000000,10000000000,205,46,-1018,3334,11726300,11726800,2.5000,0.426392
658,40780000000000,11:19:40,40790000000000,10000000000,205,65,-1308,7214,11726800,11725200,-8.0000,-1.364396
659,40790000000000,11:19:50,40800000000000,10000000000,134,38,218,1550,11725200,11725800,3.0000,0.511718
660,40800000000000,11:20:00,40810000000000,10000000000,87,17,-54,886,11725800,11725500,-1.5000,-0.255846
661,40810000000000,11:20:10,40820000000000,10000000000,140,53,-924,2886,11725500,11722300,-16.0000,-2.729095
662,40820000000000,11:20:20,40830000000000,10000000000,105,24,-245,837,11722300,11721900,-2.0000,-0.341230
663,40830000000000,11:20:30,40840000000000,10000000000,69,14,-182,330,11721900,11721500,-2.0000,-0.341242
664,40840000000000,11:20:40,40850000000000,10000000000,131,34,-619,1839,11721500,11720300,-6.0000,-1.023760
665,40850000000000,11:20:50,40860000000000,10000000000,90,21,73,611,11720300,11720800,2.5000,0.426610
666,40860000000000,11:21:00,40870000000000,10000000000,109,14,223,1223,11720800,11721500,3.5000,0.597229
667,40870000000000,11:21:10,40880000000000,10000000000,53,9,-200,636,11721500,11721400,-0.5000,-0.085313
668,40880000000000,11:21:20,40890000000000,10000000000,288,57,-2149,5679,11721400,11719100,-11.5000,-1.962223
669,40890000000000,11:21:30,40900000000000,10000000000,88,27,-566,1516,11719100,11718000,-5.5000,-0.938639
670,40900000000000,11:21:40,40910000000000,10000000000,221,60,-70,2664,11718000,11718900,4.5000,0.768049
671,40910000000000,11:21:50,40920000000000,10000000000,100,16,-16,934,11718900,11719000,0.5000,0.085332
672,40920000000000,11:22:00,40930000000000,10000000000,296,58,15,2203,11719000,11720000,5.0000,0.853315
673,40930000000000,11:22:10,40940000000000,10000000000,205,41,157,907,11720000,11719500,-2.5000,-0.426621
674,40940000000000,11:22:20,40950000000000,10000000000,233,47,80,1544,11719500,11721100,8.0000,1.365246
675,40950000000000,11:22:30,40960000000000,10000000000,74,14,-89,625,11721100,11720300,-4.0000,-0.682530
676,40960000000000,11:22:40,40970000000000,10000000000,99,34,-200,730,11720300,11718300,-10.0000,-1.706441
677,40970000000000,11:22:50,40980000000000,10000000000,90,7,203,603,11718300,11718700,2.0000,0.341346
678,40980000000000,11:23:00,40990000000000,10000000000,46,12,-303,575,11718700,11718000,-3.5000,-0.597336
679,40990000000000,11:23:10,41000000000000,10000000000,244,54,-1471,4479,11718000,11716300,-8.5000,-1.450760
680,41000000000000,11:23:20,41010000000000,10000000000,42,8,-100,636,11716300,11716100,-1.0000,-0.170702
681,41010000000000,11:23:30,41020000000000,10000000000,328,44,1251,3517,11716100,11717100,5.0000,0.853526
682,41020000000000,11:23:40,41030000000000,10000000000,71,15,311,1149,11717100,11717200,0.5000,0.085345
683,41030000000000,11:23:50,41040000000000,10000000000,106,15,-98,854,11717200,11717000,-1.0000,-0.170689
684,41040000000000,11:24:00,41050000000000,10000000000,71,15,19,891,11717000,11717000,0.0000,0.000000
685,41050000000000,11:24:10,41060000000000,10000000000,36,12,0,376,11717000,11717100,0.5000,0.085346
686,41060000000000,11:24:20,41070000000000,10000000000,39,10,-200,1040,11717100,11716400,-3.5000,-0.597417
687,41070000000000,11:24:30,41080000000000,10000000000,19,5,-118,158,11716400,11716200,-1.0000,-0.170701
688,41080000000000,11:24:40,41090000000000,10000000000,195,48,-1063,3871,11716200,11715600,-3.0000,-0.512111
689,41090000000000,11:24:50,41100000000000,10000000000,129,28,-183,1065,11715600,11714300,-6.5000,-1.109632
690,41100000000000,11:25:00,41110000000000,10000000000,223,54,-512,3376,11714300,11711100,-16.0000,-2.731704
691,41110000000000,11:25:10,41120000000000,10000000000,296,119,-1364,9254,11711100,11709600,-7.5000,-1.280836
692,41120000000000,11:25:20,41130000000000,10000000000,298,90,-1082,7002,11709600,11709500,-0.5000,-0.085400
693,41130000000000,11:25:30,41140000000000,10000000000,169,32,11,1057,11709500,11709600,0.5000,0.085401
694,41140000000000,11:25:40,41150000000000,10000000000,180,35,-282,4150,11709600,11710000,2.0000,0.341600
695,41150000000000,11:25:50,41160000000000,10000000000,141,30,343,1439,11710000,11712100,10.5000,1.793339
696,41160000000000,11:26:00,41170000000000,10000000000,161,56,168,2250,11712100,11712600,2.5000,0.426909
697,41170000000000,11:26:10,41180000000000,10000000000,153,59,-2030,4474,11712600,11709000,-18.0000,-3.073613
698,41180000000000,11:26:20,41190000000000,10000000000,39,16,129,1871,11709000,11709000,0.0000,0.000000
699,41190000000000,11:26:30,41200000000000,10000000000,274,91,-1699,6731,11709000,11705500,-17.5000,-2.989154
700,41200000000000,11:26:40,41210000000000,10000000000,77,28,799,2289,11705500,11705400,-0.5000,-0.085430
701,41210000000000,11:26:50,41220000000000,10000000000,211,60,362,3924,11705400,11707200,9.0000,1.537752
702,41220000000000,11:27:00,41230000000000,10000000000,123,38,170,1162,11707200,11706800,-2.0000,-0.341670
703,41230000000000,11:27:10,41240000000000,10000000000,124,23,-318,1758,11706800,11706200,-3.0000,-0.512523
704,41240000000000,11:27:20,41250000000000,10000000000,163,40,794,2918,11706200,11707200,5.0000,0.854248
705,41250000000000,11:27:30,41260000000000,10000000000,140,34,-144,4018,11707200,11705800,-7.0000,-1.195845
706,41260000000000,11:27:40,41270000000000,10000000000,164,18,333,1313,11705800,11709100,16.5000,2.819115
707,41270000000000,11:27:50,41280000000000,10000000000,180,41,149,2945,11709100,11709200,0.5000,0.085404
708,41280000000000,11:28:00,41290000000000,10000000000,44,6,-161,379,11709200,11707800,-7.0000,-1.195641
709,41290000000000,11:28:10,41300000000000,10000000000,160,27,186,8514,11707800,11709300,7.5000,1.281197
710,41300000000000,11:28:20,41310000000000,10000000000,63,8,150,322,11709300,11709600,1.5000,0.256207
711,41310000000000,11:28:30,41320000000000,10000000000,101,39,582,1734,11709600,11709600,0.0000,0.000000
712,41320000000000,11:28:40,41330000000000,10000000000,95,17,275,619,11709600,11711200,8.0000,1.366400
713,41330000000000,11:28:50,41340000000000,10000000000,159,45,662,2622,11711200,11711500,1.5000,0.256165
714,41340000000000,11:29:00,41350000000000,10000000000,121,30,36,704,11711500,11711200,-1.5000,-0.256158
715,41350000000000,11:29:10,41360000000000,10000000000,134,42,-419,3599,11711200,11708500,-13.5000,-2.305485
716,41360000000000,11:29:20,41370000000000,10000000000,38,13,100,1006,11708500,11709300,4.0000,0.683264
717,41370000000000,11:29:30,41380000000000,10000000000,28,7,-96,332,11709300,11709300,0.0000,0.000000
718,41380000000000,11:29:40,41390000000000,10000000000,57,20,-118,1098,11709300,11709500,1.0000,0.170804
719,41390000000000,11:29:50,41400000000000,10000000000,255,48,333,2247,11709500,11709800,1.5000,0.256202
720,41400000000000,11:30:00,41410000000000,10000000000,248,61,-826,2590,11709800,11708200,-8.0000,-1.366377
721,41410000000000,11:30:10,41420000000000,10000000000,41,7,5,299,11708200,11707800,-2.0000,-0.341641
722,41420000000000,11:30:20,41430000000000,10000000000,211,61,57,3665,11707800,11709700,9.5000,1.622850
723,41430000000000,11:30:30,41440000000000,10000000000,161,55,-1329,4947,11709700,11707800,-9.5000,-1.622586
724,41440000000000,11:30:40,41450000000000,10000000000,32,7,56,544,11707800,11708000,1.0000,0.170826
725,41450000000000,11:30:50,41460000000000,10000000000,24,4,276,312,11708000,11708300,1.5000,0.256235
726,41460000000000,11:31:00,41470000000000,10000000000,116,18,48,1948,11708300,11708300,0.0000,0.000000
727,41470000000000,11:31:10,41480000000000,10000000000,20,2,0,36,11708300,11708300,0.0000,0.000000
728,41480000000000,11:31:20,41490000000000,10000000000,80,24,106,2026,11708300,11708300,0.0000,0.000000
729,41490000000000,11:31:30,41500000000000,10000000000,62,9,-250,600,11708300,11708000,-1.5000,-0.256228
730,41500000000000,11:31:40,41510000000000,10000000000,88,23,-434,2700,11708000,11706800,-6.0000,-1.024940
731,41510000000000,11:31:50,41520000000000,10000000000,129,40,-548,3104,11706800,11705800,-5.0000,-0.854204
732,41520000000000,11:32:00,41530000000000,10000000000,56,18,-1188,2372,11705800,11705200,-3.0000,-0.512566
733,41530000000000,11:32:10,41540000000000,10000000000,16,5,-100,500,11705200,11705100,-0.5000,-0.085432
734,41540000000000,11:32:20,41550000000000,10000000000,17,6,120,520,11705100,11705100,0.0000,0.000000
735,41550000000000,11:32:30,41560000000000,10000000000,169,53,983,4439,11705100,11707100,10.0000,1.708657
736,41560000000000,11:32:40,41570000000000,10000000000,102,22,0,742,11707100,11707000,-0.5000,-0.085418
737,41570000000000,11:32:50,41580000000000,10000000000,37,8,100,900,11707000,11706800,-1.0000,-0.170838
738,41580000000000,11:33:00,41590000000000,10000000000,108,36,100,3184,11706800,11706900,0.5000,0.085420
739,41590000000000,11:33:10,41600000000000,10000000000,50,8,400,1000,11706900,11708000,5.5000,0.939617
740,41600000000000,11:33:20,41610000000000,10000000000,419,187,-2648,15456,11708000,11702400,-28.0000,-4.783054
741,41610000000000,11:33:30,41620000000000,10000000000,348,108,-36,7070,11702400,11704000,8.0000,1.367241
742,41620000000000,11:33:40,41630000000000,10000000000,298,148,-709,19003,11704000,11702800,-6.0000,-1.025290
743,41630000000000,11:33:50,41640000000000,10000000000,277,118,-7842,12870,11702800,11697800,-25.0000,-4.272482
744,41640000000000,11:34:00,41650000000000,10000000000,243,85,-5778,11554,11697800,11695000,-14.0000,-2.393612
745,41650000000000,11:34:10,41660000000000,10000000000,182,38,1011,4257,11695000,11697300,11.5000,1.966652
746,41660000000000,11:34:20,41670000000000,10000000000,154,44,-688,3236,11697300,11696000,-6.5000,-1.111368
747,41670000000000,11:34:30,41680000000000,10000000000,250,49,-736,4134,11696000,11695900,-0.5000,-0.085499
748,41680000000000,11:34:40,41690000000000,10000000000,155,24,409,1221,11695900,11698300,12.0000,2.052001
749,41690000000000,11:34:50,41700000000000,10000000000,113,24,407,2115,11698300,11698300,0.0000,0.000000
750,41700000000000,11:35:00,41710000000000,10000000000,219,81,226,9090,11698300,11698000,-1.5000,-0.256448
751,41710000000000,11:35:10,41720000000000,10000000000,188,90,-410,8910,11698000,11696000,-10.0000,-1.709694
752,41720000000000,11:35:20,41730000000000,10000000000,317,128,-568,10742,11696000,11695700,-1.5000,-0.256498
753,41730000000000,11:35:30,41740000000000,10000000000,453,124,-2802,7114,11695700,11691700,-20.0000,-3.420060
754,41740000000000,11:35:40,41750000000000,10000000000,342,107,576,10922,11691700,11692600,4.5000,0.769777
755,41750000000000,11:35:50,41760000000000,10000000000,410,91,-1499,5147,11692600,11691400,-6.0000,-1.026290
756,41760000000000,11:36:00,41770000000000,10000000000,474,172,-376,11978,11691400,11692200,4.0000,0.684264
757,41770000000000,11:36:10,41780000000000,10000000000,256,63,-598,4946,11692200,11692700,2.5000,0.427636
758,41780000000000,11:36:20,41790000000000,10000000000,143,58,-577,3169,11692700,11691600,-5.5000,-0.940758
759,41790000000000,11:36:30,41800000000000,10000000000,63,11,229,507,11691600,11692100,2.5000,0.427657
760,41800000000000,11:36:40,41810000000000,10000000000,153,48,-376,4250,11692100,11691000,-5.5000,-0.940806
761,41810000000000,11:36:50,41820000000000,10000000000,213,53,544,4332,11691000,11693300,11.5000,1.967325
762,41820000000000,11:37:00,41830000000000,10000000000,125,27,303,1733,11693300,11694900,8.0000,1.368305
763,41830000000000,11:37:10,41840000000000,10000000000,182,39,386,2820,11694900,11697100,11.0000,1.881162
764,41840000000000,11:37:20,41850000000000,10000000000,105,25,163,1909,11697100,11698400,6.5000,1.111387
765,41850000000000,11:37:30,41860000000000,10000000000,66,5,100,500,11698400,11698500,0.5000,0.085482
766,41860000000000,11:37:40,41870000000000,10000000000,101,24,-400,2400,11698500,11697400,-5.5000,-0.940291
767,41870000000000,11:37:50,41880000000000,10000000000,86,18,-18,1404,11697400,11697400,0.0000,0.000000
768,41880000000000,11:38:00,41890000000000,10000000000,111,57,-43,3531,11697400,11697200,-1.0000,-0.170978
769,41890000000000,11:38:10,41900000000000,10000000000,81,21,389,1351,11697200,11697400,1.0000,0.170981
770,41900000000000,11:38:20,41910000000000,10000000000,11,4,206,218,11697400,11697800,2.0000,0.341956
771,41910000000000,11:38:30,41920000000000,10000000000,77,21,-352,1230,11697800,11698300,2.5000,0.427431
772,41920000000000,11:38:40,41930000000000,10000000000,452,90,661,7247,11698300,11698900,3.0000,0.512895
773,41930000000000,11:38:50,41940000000000,10000000000,170,45,628,3660,11698900,11701500,13.0000,2.222431
774,41940000000000,11:39:00,41950000000000,10000000000,179,41,245,3183,11701500,11703100,8.0000,1.367346
775,41950000000000,11:39:10,41960000000000,10000000000,166,35,2048,3852,11703100,11705000,9.5000,1.623501
776,41960000000000,11:39:20,41970000000000,10000000000,190,53,-61,3857,11705000,11705500,2.5000,0.427168
777,41970000000000,11:39:30,41980000000000,10000000000,97,11,-138,774,11705500,11704900,-3.0000,-0.512580
778,41980000000000,11:39:40,41990000000000,10000000000,96,21,-31,2103,11704900,11703000,-9.5000,-1.623252
779,41990000000000,11:39:50,42000000000000,10000000000,111,6,-306,706,11703000,11702600,-2.0000,-0.341793
780,42000000000000,11:40:00,42010000000000,10000000000,86,8,-600,866,11702600,11700800,-9.0000,-1.538120
781,42010000000000,11:40:10,42020000000000,10000000000,328,73,-519,2901,11700800,11699900,-4.5000,-0.769178
782,42020000000000,11:40:20,42030000000000,10000000000,95,13,-1,397,11699900,11699800,-0.5000,-0.085471
783,42030000000000,11:40:30,42040000000000,10000000000,83,17,-301,819,11699800,11699400,-2.0000,-0.341886
784,42040000000000,11:40:40,42050000000000,10000000000,484,154,-3479,12189,11699400,11692600,-34.0000,-5.812264
785,42050000000000,11:40:50,42060000000000,10000000000,318,68,797,3363,11692600,11695500,14.5000,2.480201
786,42060000000000,11:41:00,42070000000000,10000000000,66,23,-307,631,11695500,11695000,-2.5000,-0.427515
787,42070000000000,11:41:10,42080000000000,10000000000,112,32,-23,1399,11695000,11695400,2.0000,0.342027
788,42080000000000,11:41:20,42090000000000,10000000000,426,99,536,6126,11695400,11696400,5.0000,0.855037
789,42090000000000,11:41:30,42100000000000,10000000000,134,45,662,2176,11696400,11696900,2.5000,0.427482
790,42100000000000,11:41:40,42110000000000,10000000000,100,30,-391,1677,11696900,11696400,-2.5000,-0.427464
791,42110000000000,11:41:50,42120000000000,10000000000,112,49,-3279,8967,11696400,11696700,1.5000,0.256489
792,42120000000000,11:42:00,42130000000000,10000000000,55,12,131,705,11696700,11694400,-11.5000,-1.966367
793,42130000000000,11:42:10,42140000000000,10000000000,188,76,-2598,11308,11694400,11696500,10.5000,1.795731
794,42140000000000,11:42:20,42150000000000,10000000000,39,12,386,482,11696500,11696800,1.5000,0.256487
795,42150000000000,11:42:30,42160000000000,10000000000,164,41,957,2441,11696800,11697300,2.5000,0.427467
796,42160000000000,11:42:40,42170000000000,10000000000,40,16,-36,452,11697300,11697000,-1.5000,-0.256469
797,42170000000000,11:42:50,42180000000000,10000000000,61,20,323,1223,11697000,11697400,2.0000,0.341968
798,42180000000000,11:43:00,42190000000000,10000000000,107,26,-416,1446,11697400,11696900,-2.5000,-0.427445
799,42190000000000,11:43:10,42200000000000,10000000000,214,48,-1615,2989,11696900,11693300,-18.0000,-3.077739
800,42200000000000,11:43:20,42210000000000,10000000000,164,50,-658,1746,11693300,11692100,-6.0000,-1.026229
801,42210000000000,11:43:30,42220000000000,10000000000,128,27,-327,925,11692100,11691700,-2.0000,-0.342111
802,42220000000000,11:43:40,42230000000000,10000000000,47,6,236,236,11691700,11692300,3.0000,0.513185
803,42230000000000,11:43:50,42240000000000,10000000000,9,3,-218,218,11692300,11692000,-1.5000,-0.256579
804,42240000000000,11:44:00,42250000000000,10000000000,103,20,931,1221,11692000,11693700,8.5000,1.453986
805,42250000000000,11:44:10,42260000000000,10000000000,181,48,517,1981,11693700,11695300,8.0000,1.368258
806,42260000000000,11:44:20,42270000000000,10000000000,298,100,-2572,4938,11695300,11691600,-18.5000,-3.163664
807,42270000000000,11:44:30,42280000000000,10000000000,405,87,903,5017,11691600,11693500,9.5000,1.625098
808,42280000000000,11:44:40,42290000000000,10000000000,111,35,-321,7463,11693500,11691600,-9.5000,-1.624834
809,42290000000000,11:44:50,42300000000000,10000000000,137,26,103,2813,11691600,11692600,5.0000,0.855315
810,42300000000000,11:45:00,42310000000000,10000000000,360,90,277,4371,11692600,11695800,16.0000,2.736774
811,42310000000000,11:45:10,42320000000000,10000000000,159,51,926,4604,11695800,11698700,14.5000,2.479523
812,42320000000000,11:45:20,42330000000000,10000000000,144,53,51,5143,11698700,11697400,-6.5000,-1.111235
813,42330000000000,11:45:30,42340000000000,10000000000,186,45,998,3124,11697400,11701000,18.0000,3.077607
814,42340000000000,11:45:40,42350000000000,10000000000,98,13,720,920,11701000,11702900,9.5000,1.623793
815,42350000000000,11:45:50,42360000000000,10000000000,273,85,-761,7639,11702900,11701800,-5.5000,-0.939938
816,42360000000000,11:46:00,42370000000000,10000000000,30,1,-100,100,11701800,11701200,-3.0000,-0.512742
817,42370000000000,11:46:10,42380000000000,10000000000,60,9,300,680,11701200,11702500,6.5000,1.110997
818,42380000000000,11:46:20,42390000000000,10000000000,172,28,427,2749,11702500,11700400,-10.5000,-1.794488
819,42390000000000,11:46:30,42400000000000,10000000000,26,2,97,103,11700400,11699900,-2.5000,-0.427336
820,42400000000000,11:46:40,42410000000000,10000000000,75,19,771,1771,11699900,11701700,9.0000,1.538475
821,42410000000000,11:46:50,42420000000000,10000000000,350,108,-1215,9701,11701700,11701200,-2.5000,-0.427288
822,42420000000000,11:47:00,42430000000000,10000000000,149,31,580,1338,11701200,11704100,14.5000,2.478378
823,42430000000000,11:47:10,42440000000000,10000000000,60,9,-5,467,11704100,11704700,3.0000,0.512641
824,42440000000000,11:47:20,42450000000000,10000000000,176,37,-1228,2524,11704700,11702300,-12.0000,-2.050458
825,42450000000000,11:47:30,42460000000000,10000000000,66,20,-78,294,11702300,11702500,1.0000,0.170907
826,42460000000000,11:47:40,42470000000000,10000000000,89,26,-80,580,11702500,11702600,0.5000,0.085452
827,42470000000000,11:47:50,42480000000000,10000000000,78,20,-42,1162,11702600,11702300,-1.5000,-0.256353
828,42480000000000,11:48:00,42490000000000,10000000000,92,23,51,1295,11702300,11703000,3.5000,0.598173
829,42490000000000,11:48:10,42500000000000,10000000000,154,55,1192,5530,11703000,11702200,-4.0000,-0.683585
830,42500000000000,11:48:20,42510000000000,10000000000,53,13,2030,3030,11702200,11703400,6.0000,1.025448
831,42510000000000,11:48:30,42520000000000,10000000000,122,39,-1800,4570,11703400,11703800,2.0000,0.341781
832,42520000000000,11:48:40,42530000000000,10000000000,125,30,-414,1718,11703800,11699800,-20.0000,-3.417693
833,42530000000000,11:48:50,42540000000000,10000000000,55,18,-52,274,11699800,11699800,0.0000,0.000000
834,42540000000000,11:49:00,42550000000000,10000000000,63,16,-394,1356,11699800,11699400,-2.0000,-0.341886
835,42550000000000,11:49:10,42560000000000,10000000000,142,38,100,3946,11699400,11699500,0.5000,0.085474
836,42560000000000,11:49:20,42570000000000,10000000000,115,25,-350,1378,11699500,11698000,-7.5000,-1.282106
837,42570000000000,11:49:30,42580000000000,10000000000,176,44,-963,3259,11698000,11693200,-24.0000,-4.103266
838,42580000000000,11:49:40,42590000000000,10000000000,42,22,331,1185,11693200,11693600,2.0000,0.342079
839,42590000000000,11:49:50,42600000000000,10000000000,123,22,1369,1609,11693600,11696800,16.0000,2.736540
840,42600000000000,11:50:00,42610000000000,10000000000,97,22,-8,572,11696800,11694900,-9.5000,-1.624376
841,42610000000000,11:50:10,42620000000000,10000000000,83,21,18,916,11694900,11696500,8.0000,1.368118
842,42620000000000,11:50:20,42630000000000,10000000000,75,14,-201,453,11696500,11695800,-3.5000,-0.598470
843,42630000000000,11:50:30,42640000000000,10000000000,206,39,1718,2372,11695800,11698600,14.0000,2.394022
844,42640000000000,11:50:40,42650000000000,10000000000,216,31,-401,1285,11698600,11698200,-2.0000,-0.341921
845,42650000000000,11:50:50,42660000000000,10000000000,122,31,-237,591,11698200,11696900,-6.5000,-1.111282
846,42660000000000,11:51:00,42670000000000,10000000000,43,18,-126,466,11696900,11696700,-1.0000,-0.170985
847,42670000000000,11:51:10,42680000000000,10000000000,32,4,0,20,11696700,11696700,0.0000,0.000000
848,42680000000000,11:51:20,42690000000000,10000000000,57,7,-195,415,11696700,11696300,-2.0000,-0.341977
849,42690000000000,11:51:30,42700000000000,10000000000,174,47,-1171,3357,11696300,11694600,-8.5000,-1.453451
850,42700000000000,11:51:40,42710000000000,10000000000,55,24,600,1828,11694600,11694000,-3.0000,-0.513057
851,42710000000000,11:51:50,42720000000000,10000000000,47,8,200,628,11694000,11694800,4.0000,0.684112
852,42720000000000,11:52:00,42730000000000,10000000000,18,0,0,0,11694800,11694800,0.0000,0.000000
853,42730000000000,11:52:10,42740000000000,10000000000,281,68,1249,5885,11694800,11699500,23.5000,4.018880
854,42740000000000,11:52:20,42750000000000,10000000000,156,51,-36,6024,11699500,11700800,6.5000,1.111159
855,42750000000000,11:52:30,42760000000000,10000000000,36,6,200,420,11700800,11701300,2.5000,0.427321
856,42760000000000,11:52:40,42770000000000,10000000000,76,13,-30,970,11701300,11702200,4.5000,0.769145
857,42770000000000,11:52:50,42780000000000,10000000000,60,15,500,1166,11702200,11703600,7.0000,1.196356
858,42780000000000,11:53:00,42790000000000,10000000000,299,76,1154,7704,11703600,11705700,10.5000,1.794320
859,42790000000000,11:53:10,42800000000000,10000000000,215,47,-1925,3273,11705700,11703100,-13.0000,-2.221140
860,42800000000000,11:53:20,42810000000000,10000000000,43,10,318,718,11703100,11704100,5.0000,0.854474
861,42810000000000,11:53:30,42820000000000,10000000000,202,34,159,2483,11704100,11703800,-1.5000,-0.256320
862,42820000000000,11:53:40,42830000000000,10000000000,77,17,-748,970,11703800,11702800,-5.0000,-0.854423
863,42830000000000,11:53:50,42840000000000,10000000000,58,13,248,1084,11702800,11704000,6.0000,1.025396
864,42840000000000,11:54:00,42850000000000,10000000000,103,15,-850,1586,11704000,11702100,-9.5000,-1.623377
865,42850000000000,11:54:10,42860000000000,10000000000,100,25,-1280,3332,11702100,11702200,0.5000,0.085455
866,42860000000000,11:54:20,42870000000000,10000000000,183,78,-2641,7475,11702200,11700500,-8.5000,-1.452718
867,42870000000000,11:54:30,42880000000000,10000000000,255,55,-2005,4705,11700500,11697400,-15.5000,-2.649459
868,42880000000000,11:54:40,42890000000000,10000000000,107,11,-15,505,11697400,11697500,0.5000,0.085489
869,42890000000000,11:54:50,42900000000000,10000000000,538,171,-2175,14283,11697500,11692700,-24.0000,-4.103441
870,42900000000000,11:55:00,42910000000000,10000000000,541,61,-6099,8551,11692700,11690700,-10.0000,-1.710469
871,42910000000000,11:55:10,42920000000000,10000000000,250,70,-657,4817,11690700,11688400,-11.5000,-1.967376
872,42920000000000,11:55:20,42930000000000,10000000000,173,50,272,3924,11688400,11690200,9.0000,1.539988
873,42930000000000,11:55:30,42940000000000,10000000000,354,76,2046,5494,11690200,11692800,13.0000,2.224085
874,42940000000000,11:55:40,42950000000000,10000000000,133,35,-30,1302,11692800,11692200,-3.0000,-0.513136
875,42950000000000,11:55:50,42960000000000,10000000000,100,28,-311,981,11692200,11691800,-2.0000,-0.342108
876,42960000000000,11:56:00,42970000000000,10000000000,31,5,-1,401,11691800,11691200,-3.0000,-0.513180
877,42970000000000,11:56:10,42980000000000,10000000000,44,9,1401,2201,11691200,11692000,4.0000,0.684275
878,42980000000000,11:56:20,42990000000000,10000000000,83,13,200,872,11692000,11692700,3.5000,0.598700
879,42990000000000,11:56:30,43000000000000,10000000000,131,33,542,2286,11692700,11695900,16.0000,2.736750
880,43000000000000,11:56:40,43010000000000,10000000000,199,48,1036,2930,11695900,11698900,15.0000,2.565001
881,43010000000000,11:56:50,43020000000000,10000000000,114,37,-296,2354,11698900,11698900,0.0000,0.000000
882,43020000000000,11:57:00,43030000000000,10000000000,105,32,-1149,1819,11698900,11696900,-10.0000,-1.709562
883,43030000000000,11:57:10,43040000000000,10000000000,90,24,454,1072,11696900,11698100,6.0000,1.025913
884,43040000000000,11:57:20,43050000000000,10000000000,136,32,354,1166,11698100,11699100,5.0000,0.854840
885,43050000000000,11:57:30,43060000000000,10000000000,57,21,-19,507,11699100,11698200,-4.5000,-0.769290
886,43060000000000,11:57:40,43070000000000,10000000000,129,45,-71,1675,11698200,11699500,6.5000,1.111282
887,43070000000000,11:57:50,43080000000000,10000000000,96,29,-1082,1790,11699500,11697400,-10.5000,-1.794949
888,43080000000000,11:58:00,43090000000000,10000000000,244,58,-1269,2723,11697400,11694100,-16.5000,-2.821140
889,43090000000000,11:58:10,43100000000000,10000000000,167,45,220,1734,11694100,11695100,5.0000,0.855132
890,43100000000000,11:58:20,43110000000000,10000000000,201,52,-367,3001,11695100,11696600,7.5000,1.282588
891,43110000000000,11:58:30,43120000000000,10000000000,26,6,300,306,11696600,11697500,4.5000,0.769454
892,43120000000000,11:58:40,43130000000000,10000000000,13,3,130,130,11697500,11697500,0.0000,0.000000
893,43130000000000,11:58:50,43140000000000,10000000000,71,18,236,552,11697500,11697600,0.5000,0.085488
894,43140000000000,11:59:00,43150000000000,10000000000,33,3,46,246,11697600,11698700,5.5000,0.940364
895,43150000000000,11:59:10,43160000000000,10000000000,27,11,-147,947,11698700,11698500,-1.0000,-0.170959
896,43160000000000,11:59:20,43170000000000,10000000000,66,19,-1127,1377,11698500,11696700,-9.0000,-1.538659
897,43170000000000,11:59:30,43180000000000,10000000000,31,13,59,795,11696700,11696600,-0.5000,-0.085494
898,43180000000000,11:59:40,43190000000000,10000000000,65,13,59,749,11696600,11697000,2.0000,0.341980
899,43190000000000,11:59:50,43200000000000,10000000000,24,3,-9,209,11697000,11696500,-2.5000,-0.427460
900,43200000000000,12:00:00,43210000000000,10000000000,15,1,-100,100,11696500,11696400,-0.5000,-0.085496
901,43210000000000,12:00:10,43220000000000,10000000000,50,9,409,809,11696400,11697800,7.0000,1.196949
902,43220000000000,12:00:20,43230000000000,10000000000,296,107,2206,9488,11697800,11702400,23.0000,3.932363
903,43230000000000,12:00:30,43240000000000,10000000000,146,36,-259,1973,11702400,11701600,-4.0000,-0.683620
904,43240000000000,12:00:40,43250000000000,10000000000,66,13,-135,439,11701600,11701100,-2.5000,-0.427292
905,43250000000000,12:00:50,43260000000000,10000000000,50,13,-208,522,11701100,11700000,-5.5000,-0.940083
906,43260000000000,12:01:00,43270000000000,10000000000,168,34,-1223,1551,11700000,11696500,-17.5000,-2.991453
907,43270000000000,12:01:10,43280000000000,10000000000,164,32,-333,1475,11696500,11694900,-8.0000,-1.367931
908,43280000000000,12:01:20,43290000000000,10000000000,140,34,-664,1578,11694900,11693300,-8.0000,-1.368118
909,43290000000000,12:01:30,43300000000000,10000000000,149,52,859,6947,11693300,11696300,15.0000,2.565572
910,43300000000000,12:01:40,43310000000000,10000000000,80,16,307,1365,11696300,11696100,-1.0000,-0.170994
911,43310000000000,12:01:50,43320000000000,10000000000,327,81,448,5930,11696100,11696500,2.0000,0.341994
912,43320000000000,12:02:00,43330000000000,10000000000,50,16,500,1118,11696500,11697100,3.0000,0.512974
913,43330000000000,12:02:10,43340000000000,10000000000,89,44,97,2157,11697100,11698300,6.0000,1.025895
914,43340000000000,12:02:20,43350000000000,10000000000,69,22,-94,612,11698300,11697800,-2.5000,-0.427413
915,43350000000000,12:02:30,43360000000000,10000000000,25,9,25,497,11697800,11697900,0.5000,0.085486
916,43360000000000,12:02:40,43370000000000,10000000000,132,27,-826,1280,11697900,11694500,-17.0000,-2.906505
917,43370000000000,12:02:50,43380000000000,10000000000,100,24,10,1042,11694500,11694900,2.0000,0.342041
918,43380000000000,12:03:00,43390000000000,10000000000,298,92,-1894,7694,11694900,11690700,-21.0000,-3.591309
919,43390000000000,12:03:10,43400000000000,10000000000,582,164,-7551,14915,11690700,11683400,-36.5000,-6.244280
920,43400000000000,12:03:20,43410000000000,10000000000,137,48,337,3799,11683400,11684900,7.5000,1.283873
921,43410000000000,12:03:30,43420000000000,10000000000,153,47,-1537,5337,11684900,11683600,-6.5000,-1.112547
922,43420000000000,12:03:40,43430000000000,10000000000,140,36,-38,2690,11683600,11683400,-1.0000,-0.171180
923,43430000000000,12:03:50,43440000000000,10000000000,661,242,-8014,21186,11683400,11676600,-34.0000,-5.820224
924,43440000000000,12:04:00,43450000000000,10000000000,571,94,1417,8167,11676600,11682700,30.5000,5.224123
925,43450000000000,12:04:10,43460000000000,10000000000,330,110,-1117,10389,11682700,11679800,-14.5000,-2.482303
926,43460000000000,12:04:20,43470000000000,10000000000,202,32,762,2922,11679800,11681000,6.0000,1.027415
927,43470000000000,12:04:30,43480000000000,10000000000,100,30,277,2669,11681000,11681500,2.5000,0.428046
928,43480000000000,12:04:40,43490000000000,10000000000,28,6,110,356,11681500,11681600,0.5000,0.085605
929,43490000000000,12:04:50,43500000000000,10000000000,53,8,223,755,11681600,11682900,6.5000,1.112861
930,43500000000000,12:05:00,43510000000000,10000000000,176,38,-228,1724,11682900,11680500,-12.0000,-2.054284
931,43510000000000,12:05:10,43520000000000,10000000000,139,24,-724,1988,11680500,11678400,-10.5000,-1.797868
932,43520000000000,12:05:20,43530000000000,10000000000,148,21,989,1657,11678400,11681300,14.5000,2.483217
933,43530000000000,12:05:30,43540000000000,10000000000,155,33,415,1801,11681300,11681700,2.0000,0.342428
934,43540000000000,12:05:40,43550000000000,10000000000,105,17,1220,2288,11681700,11681000,-3.5000,-0.599228
935,43550000000000,12:05:50,43560000000000,10000000000,178,52,-2358,6322,11681000,11680200,-4.0000,-0.684873
936,43560000000000,12:06:00,43570000000000,10000000000,378,60,-969,5161,11680200,11682000,9.0000,1.541070
937,43570000000000,12:06:10,43580000000000,10000000000,372,22,-636,1842,11682000,11679800,-11.0000,-1.883239
938,43580000000000,12:06:20,43590000000000,10000000000,216,29,-293,4125,11679800,11678500,-6.5000,-1.113033
939,43590000000000,12:06:30,43600000000000,10000000000,210,47,1133,4353,11678500,11682700,21.0000,3.596352
940,43600000000000,12:06:40,43610000000000,10000000000,60,15,-8,1408,11682700,11681500,-6.0000,-1.027160
941,43610000000000,12:06:50,43620000000000,10000000000,121,21,-318,958,11681500,11680300,-6.0000,-1.027265
942,43620000000000,12:07:00,43630000000000,10000000000,221,37,-626,2832,11680300,11679600,-3.5000,-0.599300
943,43630000000000,12:07:10,43640000000000,10000000000,56,17,92,1358,11679600,11679600,0.0000,0.000000
944,43640000000000,12:07:20,43650000000000,10000000000,135,16,-10,1410,11679600,11678400,-6.0000,-1.027432
945,43650000000000,12:07:30,43660000000000,10000000000,486,106,1395,7655,11678400,11680600,11.0000,1.883820
946,43660000000000,12:07:40,43670000000000,10000000000,79,25,270,1026,11680600,11680800,1.0000,0.171224
947,43670000000000,12:07:50,43680000000000,10000000000,162,30,831,1735,11680800,11684400,18.0000,3.081981
948,43680000000000,12:08:00,43690000000000,10000000000,212,34,796,1584,11684400,11685500,5.5000,0.941426
949,43690000000000,12:08:10,43700000000000,10000000000,58,3,199,201,11685500,11685400,-0.5000,-0.085576
950,43700000000000,12:08:20,43710000000000,10000000000,31,10,101,737,11685400,11685700,1.5000,0.256731
951,43710000000000,12:08:30,43720000000000,10000000000,106,21,140,1540,11685700,11686200,2.5000,0.427873
952,43720000000000,12:08:40,43730000000000,10000000000,77,16,-1670,2106,11686200,11684100,-10.5000,-1.796991
953,43730000000000,12:08:50,43740000000000,10000000000,57,5,-3,239,11684100,11682900,-6.0000,-1.027037
954,43740000000000,12:09:00,43750000000000,10000000000,43,3,201,201,11682900,11683000,0.5000,0.085595
955,43750000000000,12:09:10,43760000000000,10000000000,72,5,-203,403,11683000,11682900,-0.5000,-0.085594
956,43760000000000,12:09:20,43770000000000,10000000000,143,37,1427,3229,11682900,11685700,14.0000,2.396665
957,43770000000000,12:09:30,43780000000000,10000000000,56,5,-239,239,11685700,11684200,-7.5000,-1.283620
958,43780000000000,12:09:40,43790000000000,10000000000,98,17,839,1439,11684200,11685700,7.5000,1.283785
959,43790000000000,12:09:50,43800000000000,10000000000,239,42,-932,2216,11685700,11682300,-17.0000,-2.909539
960,43800000000000,12:10:00,43810000000000,10000000000,93,24,78,582,11682300,11682100,-1.0000,-0.171199
961,43810000000000,12:10:10,43820000000000,10000000000,41,9,-12,130,11682100,11682100,0.0000,0.000000
962,43820000000000,12:10:20,43830000000000,10000000000,36,13,73,425,11682100,11681900,-1.0000,-0.171202
963,43830000000000,12:10:30,43840000000000,10000000000,176,45,944,1828,11681900,11685300,17.0000,2.910485
964,43840000000000,12:10:40,43850000000000,10000000000,35,14,-217,665,11685300,11685300,0.0000,0.000000
965,43850000000000,12:10:50,43860000000000,10000000000,148,23,1261,1759,11685300,11686300,5.0000,0.855776
966,43860000000000,12:11:00,43870000000000,10000000000,168,43,1177,2747,11686300,11688800,12.5000,2.139257
967,43870000000000,12:11:10,43880000000000,10000000000,141,40,-442,2802,11688800,11687600,-6.0000,-1.026624
968,43880000000000,12:11:20,43890000000000,10000000000,167,17,-847,885,11687600,11685800,-9.0000,-1.540094
969,43890000000000,12:11:30,43900000000000,10000000000,36,4,-82,154,11685800,11685700,-0.5000,-0.085574
970,43900000000000,12:11:40,43910000000000,10000000000,20,4,-81,81,11685700,11685100,-3.0000,-0.513448
971,43910000000000,12:11:50,43920000000000,10000000000,183,29,1228,2096,11685100,11688000,14.5000,2.481793
972,43920000000000,12:12:00,43930000000000,10000000000,48,7,272,352,11688000,11689300,6.5000,1.112252
973,43930000000000,12:12:10,43940000000000,10000000000,25,4,-172,172,11689300,11688300,-5.0000,-0.855483
974,43940000000000,12:12:20,43950000000000,10000000000,30,2,71,71,11688300,11688500,1.0000,0.171111
975,43950000000000,12:12:30,43960000000000,10000000000,81,17,-371,1267,11688500,11687700,-4.0000,-0.684433
976,43960000000000,12:12:40,43970000000000,10000000000,135,36,-1268,2498,11687700,11685600,-10.5000,-1.796761
977,43970000000000,12:12:50,43980000000000,10000000000,37,9,53,351,11685600,11685800,1.0000,0.171151
978,43980000000000,12:13:00,43990000000000,10000000000,91,18,-113,475,11685800,11685700,-0.5000,-0.085574
979,43990000000000,12:13:10,44000000000000,10000000000,38,7,-43,133,11685700,11685600,-0.5000,-0.085575
980,44000000000000,12:13:20,44010000000000,10000000000,135,23,-431,689,11685600,11683400,-11.0000,-1.882659
981,44010000000000,12:13:30,44020000000000,10000000000,38,12,-176,976,11683400,11682200,-6.0000,-1.027098
982,44020000000000,12:13:40,44030000000000,10000000000,35,8,1598,1812,11682200,11682500,1.5000,0.256801
983,44030000000000,12:13:50,44040000000000,10000000000,42,4,-24,70,11682500,11682500,0.0000,0.000000
984,44040000000000,12:14:00,44050000000000,10000000000,21,2,-11,11,11682500,11682400,-0.5000,-0.085598
985,44050000000000,12:14:10,44060000000000,10000000000,163,54,-3366,4660,11682400,11678000,-22.0000,-3.766349
986,44060000000000,12:14:20,44070000000000,10000000000,324,61,-1664,5776,11678000,11678300,1.5000,0.256893
987,44070000000000,12:14:30,44080000000000,10000000000,59,16,-305,977,11678300,11677000,-6.5000,-1.113176
988,44080000000000,12:14:40,44090000000000,10000000000,21,1,-8,8,11677000,11677000,0.0000,0.000000
989,44090000000000,12:14:50,44100000000000,10000000000,121,23,-267,1401,11677000,11677700,3.5000,0.599469
990,44100000000000,12:15:00,44110000000000,10000000000,146,23,-590,1192,11677700,11676600,-5.5000,-0.941966
991,44110000000000,12:15:10,44120000000000,10000000000,118,24,546,1214,11676600,11677700,5.5000,0.942055
992,44120000000000,12:15:20,44130000000000,10000000000,252,86,832,6686,11677700,11679600,9.5000,1.627033
993,44130000000000,12:15:30,44140000000000,10000000000,161,31,-162,1694,11679600,11679200,-2.0000,-0.342477
994,44140000000000,12:15:40,44150000000000,10000000000,11,1,-8,8,11679200,11679200,0.0000,0.000000
995,44150000000000,12:15:50,44160000000000,10000000000,137,33,-1055,1731,11679200,11677100,-10.5000,-1.798068
996,44160000000000,12:16:00,44170000000000,10000000000,108,28,-217,1545,11677100,11676100,-5.0000,-0.856377
997,44170000000000,12:16:10,44180000000000,10000000000,28,5,116,316,11676100,11677000,4.5000,0.770805
998,44180000000000,12:16:20,44190000000000,10000000000,55,15,-8,1408,11677000,11676000,-5.0000,-0.856384
999,44190000000000,12:16:30,44200000000000,10000000000,716,145,2769,12541,11676000,11679900,19.5000,3.340185
1000,44200000000000,12:16:40,44210000000000,10000000000,145,18,-221,1283,11679900,11678400,-7.5000,-1.284258
1001,44210000000000,12:16:50,44220000000000,10000000000,79,14,336,994,11678400,11678800,2.0000,0.342513
1002,44220000000000,12:17:00,44230000000000,10000000000,66,12,-98,540,11678800,11678500,-1.5000,-0.256876
1003,44230000000000,12:17:10,44240000000000,10000000000,41,15,-325,927,11678500,11678300,-1.0000,-0.171255
1004,44240000000000,12:17:20,44250000000000,10000000000,29,11,267,767,11678300,11679900,8.0000,1.370062
1005,44250000000000,12:17:30,44260000000000,10000000000,126,31,642,1132,11679900,11682100,11.0000,1.883578
1006,44260000000000,12:17:40,44270000000000,10000000000,41,2,80,82,11682100,11682200,0.5000,0.085601
1007,44270000000000,12:17:50,44280000000000,10000000000,44,10,575,791,11682200,11682400,1.0000,0.171201
1008,44280000000000,12:18:00,44290000000000,10000000000,242,55,166,3200,11682400,11683800,7.0000,1.198384
1009,44290000000000,12:18:10,44300000000000,10000000000,242,24,111,1265,11683800,11685400,8.0000,1.369417
1010,44300000000000,12:18:20,44310000000000,10000000000,104,21,-366,792,11685400,11683700,-8.5000,-1.454807
1011,44310000000000,12:18:30,44320000000000,10000000000,114,36,-785,1965,11683700,11681500,-11.0000,-1.882965
1012,44320000000000,12:18:40,44330000000000,10000000000,89,17,-443,1245,11681500,11680300,-6.0000,-1.027265
1013,44330000000000,12:18:50,44340000000000,10000000000,124,18,143,1457,11680300,11679900,-2.0000,-0.342457
1014,44340000000000,12:19:00,44350000000000,10000000000,52,9,107,509,11679900,11680600,3.5000,0.599320
1015,44350000000000,12:19:10,44360000000000,10000000000,93,20,-148,1038,11680600,11680200,-2.0000,-0.342448
1016,44360000000000,12:19:20,44370000000000,10000000000,31,4,50,450,11680200,11679900,-1.5000,-0.256845
1017,44370000000000,12:19:30,44380000000000,10000000000,4,1,1,1,11679900,11680600,3.5000,0.599320
1018,44380000000000,12:19:40,44390000000000,10000000000,150,21,1036,1438,11680600,11683900,16.5000,2.825197
1019,44390000000000,12:19:50,44400000000000,10000000000,39,8,-88,362,11683900,11683600,-1.5000,-0.256764
1020,44400000000000,12:20:00,44410000000000,10000000000,117,27,-295,1307,11683600,11684000,2.0000,0.342360
1021,44410000000000,12:20:10,44420000000000,10000000000,266,13,277,881,11684000,11684100,0.5000,0.085587
1022,44420000000000,12:20:20,44430000000000,10000000000,54,8,312,512,11684100,11685400,6.5000,1.112623
1023,44430000000000,12:20:30,44440000000000,10000000000,179,37,-493,2949,11685400,11684200,-6.0000,-1.026922
1024,44440000000000,12:20:40,44450000000000,10000000000,111,25,-143,2059,11684200,11683700,-2.5000,-0.427928
1025,44450000000000,12:20:50,44460000000000,10000000000,237,51,-556,4870,11683700,11682300,-7.0000,-1.198251
1026,44460000000000,12:21:00,44470000000000,10000000000,26,2,-65,265,11682300,11682400,0.5000,0.085600
1027,44470000000000,12:21:10,44480000000000,10000000000,138,28,-2730,4066,11682400,11681600,-4.0000,-0.684791
1028,44480000000000,12:21:20,44490000000000,10000000000,88,15,-25,597,11681600,11681400,-1.0000,-0.171209
1029,44490000000000,12:21:30,44500000000000,10000000000,350,85,-798,5400,11681400,11678100,-16.5000,-2.825004
1030,44500000000000,12:21:40,44510000000000,10000000000,376,106,109,7265,11678100,11677600,-2.5000,-0.428152
1031,44510000000000,12:21:50,44520000000000,10000000000,223,29,410,1128,11677600,11681000,17.0000,2.911557
1032,44520000000000,12:22:00,44530000000000,10000000000,165,52,42,3882,11681000,11680300,-3.5000,-0.599264
1033,44530000000000,12:22:10,44540000000000,10000000000,173,64,-261,6351,11680300,11680700,2.0000,0.342457
1034,44540000000000,12:22:20,44550000000000,10000000000,34,8,-150,388,11680700,11680600,-0.5000,-0.085611
1035,44550000000000,12:22:30,44560000000000,10000000000,126,22,403,1133,11680600,11681800,6.0000,1.027344
1036,44560000000000,12:22:40,44570000000000,10000000000,136,28,-1104,1378,11681800,11680100,-8.5000,-1.455255
1037,44570000000000,12:22:50,44580000000000,10000000000,430,89,-1797,6223,11680100,11677500,-13.0000,-2.226008
1038,44580000000000,12:23:00,44590000000000,10000000000,80,24,-409,1367,11677500,11677700,1.0000,0.171270
1039,44590000000000,12:23:10,44600000000000,10000000000,48,2,-101,101,11677700,11676900,-4.0000,-0.685066
1040,44600000000000,12:23:20,44610000000000,10000000000,285,66,-2660,5666,11676900,11674500,-12.0000,-2.055340
1041,44610000000000,12:23:30,44620000000000,10000000000,113,32,369,2759,11674500,11674000,-2.5000,-0.428284
1042,44620000000000,12:23:40,44630000000000,10000000000,231,71,-710,4496,11674000,11672900,-5.5000,-0.942265
1043,44630000000000,12:23:50,44640000000000,10000000000,156,51,-1437,4449,11672900,11671800,-5.5000,-0.942354
1044,44640000000000,12:24:00,44650000000000,10000000000,310,105,-1343,8375,11671800,11668700,-15.5000,-2.655974
1045,44650000000000,12:24:10,44660000000000,10000000000,332,107,-1744,8824,11668700,11665100,-18.0000,-3.085177
1046,44660000000000,12:24:20,44670000000000,10000000000,233,36,465,3809,11665100,11665300,1.0000,0.171452
1047,44670000000000,12:24:30,44680000000000,10000000000,118,25,-293,2257,11665300,11665200,-0.5000,-0.085724
1048,44680000000000,12:24:40,44690000000000,10000000000,224,49,-1029,3843,11665200,11663400,-9.0000,-1.543051
1049,44690000000000,12:24:50,44700000000000,10000000000,166,41,-313,3149,11663400,11663700,1.5000,0.257215
1050,44700000000000,12:25:00,44710000000000,10000000000,65,13,84,1016,11663700,11663600,-0.5000,-0.085736
1051,44710000000000,12:25:10,44720000000000,10000000000,34,5,151,351,11663600,11664100,2.5000,0.428684
1052,44720000000000,12:25:20,44730000000000,10000000000,58,4,290,580,11664100,11664300,1.0000,0.171466
1053,44730000000000,12:25:30,44740000000000,10000000000,123,28,952,2022,11664300,11668000,18.5000,3.172072
1054,44740000000000,12:25:40,44750000000000,10000000000,109,14,78,880,11668000,11668500,2.5000,0.428522
1055,44750000000000,12:25:50,44760000000000,10000000000,470,200,-4448,18878,11668500,11662800,-28.5000,-4.884947
1056,44760000000000,12:26:00,44770000000000,10000000000,222,45,-336,4342,11662800,11662600,-1.0000,-0.171485
1057,44770000000000,12:26:10,44780000000000,10000000000,238,54,-536,4532,11662600,11661200,-7.0000,-1.200418
1058,44780000000000,12:26:20,44790000000000,10000000000,286,72,-139,15963,11661200,11661300,0.5000,0.085754
1059,44790000000000,12:26:30,44800000000000,10000000000,213,53,-212,8782,11661300,11661500,1.0000,0.171507
1060,44800000000000,12:26:40,44810000000000,10000000000,131,17,70,898,11661500,11662800,6.5000,1.114779
1061,44810000000000,12:26:50,44820000000000,10000000000,152,30,-1663,3191,11662800,11662100,-3.5000,-0.600199
1062,44820000000000,12:27:00,44830000000000,10000000000,112,22,-1266,2486,11662100,11661700,-2.0000,-0.342991
1063,44830000000000,12:27:10,44840000000000,10000000000,163,45,-709,6233,11661700,11661600,-0.5000,-0.085751
1064,44840000000000,12:27:20,44850000000000,10000000000,120,22,-433,3089,11661600,11661000,-3.0000,-0.514509
1065,44850000000000,12:27:30,44860000000000,10000000000,598,177,-6805,19073,11661000,11656700,-21.5000,-3.687505
1066,44860000000000,12:27:40,44870000000000,10000000000,90,25,-9,1967,11656700,11656200,-2.5000,-0.428938
1067,44870000000000,12:27:50,44880000000000,10000000000,116,26,-552,2134,11656200,11655500,-3.5000,-0.600539
1068,44880000000000,12:28:00,44890000000000,10000000000,107,29,191,2275,11655500,11656300,4.0000,0.686371
1069,44890000000000,12:28:10,44900000000000,10000000000,297,58,2214,4798,11656300,11660500,21.0000,3.603202
1070,44900000000000,12:28:20,44910000000000,10000000000,187,36,670,3008,11660500,11661800,6.5000,1.114875
1071,44910000000000,12:28:30,44920000000000,10000000000,200,49,-1316,3852,11661800,11661500,-1.5000,-0.257250
1072,44920000000000,12:28:40,44930000000000,10000000000,110,25,-1094,1730,11661500,11658900,-13.0000,-2.229559
1073,44930000000000,12:28:50,44940000000000,10000000000,87,22,-113,1785,11658900,11658100,-4.0000,-0.686171
1074,44940000000000,12:29:00,44950000000000,10000000000,273,51,-253,3449,11658100,11655300,-14.0000,-2.401764
1075,44950000000000,12:29:10,44960000000000,10000000000,231,39,-288,2766,11655300,11654500,-4.0000,-0.686383
1076,44960000000000,12:29:20,44970000000000,10000000000,405,95,-2553,11479,11654500,11652000,-12.5000,-2.145094
1077,44970000000000,12:29:30,44980000000000,10000000000,193,42,-1190,2594,11652000,11650000,-10.0000,-1.716444
1078,44980000000000,12:29:40,44990000000000,10000000000,465,73,972,6658,11650000,11654300,21.5000,3.690987
1079,44990000000000,12:29:50,45000000000000,10000000000,194,38,-660,3418,11654300,11652400,-9.5000,-1.630300
1080,45000000000000,12:30:00,45010000000000,10000000000,225,75,-803,6427,11652400,11652600,1.0000,0.171638
1081,45010000000000,12:30:10,45020000000000,10000000000,339,86,1510,8156,11652600,11654500,9.5000,1.630537
1082,45020000000000,12:30:20,45030000000000,10000000000,278,57,231,4065,11654500,11656600,10.5000,1.801879
1083,45030000000000,12:30:30,45040000000000,10000000000,64,19,40,1044,11656600,11656900,1.5000,0.257365
1084,45040000000000,12:30:40,45050000000000,10000000000,145,45,690,2082,11656900,11657800,4.5000,0.772075
1085,45050000000000,12:30:50,45060000000000,10000000000,283,53,-929,2821,11657800,11655100,-13.5000,-2.316046
1086,45060000000000,12:31:00,45070000000000,10000000000,85,10,111,509,11655100,11655800,3.5000,0.600595
1087,45070000000000,12:31:10,45080000000000,10000000000,424,98,2535,7763,11655800,11663200,37.0000,6.348771
1088,45080000000000,12:31:20,45090000000000,10000000000,253,49,262,3672,11663200,11662000,-6.0000,-1.028877
1089,45090000000000,12:31:30,45100000000000,10000000000,252,36,7,2537,11662000,11662300,1.5000,0.257246
1090,45100000000000,12:31:40,45110000000000,10000000000,96,21,97,1393,11662300,11663100,4.0000,0.685971
1091,45110000000000,12:31:50,45120000000000,10000000000,51,10,506,906,11663100,11664500,7.0000,1.200367
1092,45120000000000,12:32:00,45130000000000,10000000000,168,35,506,2170,11664500,11665800,6.5000,1.114493
1093,45130000000000,12:32:10,45140000000000,10000000000,82,12,-345,545,11665800,11663900,-9.5000,-1.628692
1094,45140000000000,12:32:20,45150000000000,10000000000,52,3,-100,300,11663900,11663900,0.0000,0.000000
1095,45150000000000,12:32:30,45160000000000,10000000000,74,12,-354,1062,11663900,11663100,-4.0000,-0.685877
1096,45160000000000,12:32:40,45170000000000,10000000000,94,12,-212,648,11663100,11662200,-4.5000,-0.771664
1097,45170000000000,12:32:50,45180000000000,10000000000,20,6,237,453,11662200,11662500,1.5000,0.257241
1098,45180000000000,12:33:00,45190000000000,10000000000,55,22,-246,1278,11662500,11662700,1.0000,0.171490
1099,45190000000000,12:33:10,45200000000000,10000000000,76,17,-8,872,11662700,11662700,0.0000,0.000000
1100,45200000000000,12:33:20,45210000000000,10000000000,68,9,11,455,11662700,11662900,1.0000,0.171487
1101,45210000000000,12:33:30,45220000000000,10000000000,96,30,-643,1907,11662900,11662400,-2.5000,-0.428710
1102,45220000000000,12:33:40,45230000000000,10000000000,140,24,-551,1719,11662400,11662300,-0.5000,-0.085746
1103,45230000000000,12:33:50,45240000000000,10000000000,50,18,-130,1680,11662300,11662400,0.5000,0.085746
1104,45240000000000,12:34:00,45250000000000,10000000000,242,47,-1580,3218,11662400,11658900,-17.5000,-3.001098
1105,45250000000000,12:34:10,45260000000000,10000000000,53,18,152,1884,11658900,11659500,3.0000,0.514628
1106,45260000000000,12:34:20,45270000000000,10000000000,17,0,0,0,11659500,11659500,0.0000,0.000000
1107,45270000000000,12:34:30,45280000000000,10000000000,71,16,180,1248,11659500,11658800,-3.5000,-0.600369
1108,45280000000000,12:34:40,45290000000000,10000000000,97,42,1643,3265,11658800,11660900,10.5000,1.801215
1109,45290000000000,12:34:50,45300000000000,10000000000,23,3,161,161,11660900,11662200,6.5000,1.114837
1110,45300000000000,12:35:00,45310000000000,10000000000,58,12,-459,577,11662200,11662300,0.5000,0.085747
1111,45310000000000,12:35:10,45320000000000,10000000000,126,23,-1108,1724,11662300,11659200,-15.5000,-2.658138
1112,45320000000000,12:35:20,45330000000000,10000000000,145,27,937,2337,11659200,11661300,10.5000,1.801153
1113,45330000000000,12:35:30,45340000000000,10000000000,117,21,589,1811,11661300,11662100,4.0000,0.686030
1114,45340000000000,12:35:40,45350000000000,10000000000,30,4,-311,311,11662100,11661900,-1.0000,-0.171496
1115,45350000000000,12:35:50,45360000000000,10000000000,72,13,0,628,11661900,11661500,-2.0000,-0.342997
1116,45360000000000,12:36:00,45370000000000,10000000000,250,32,-1752,2496,11661500,11658500,-15.0000,-2.572568
1117,45370000000000,12:36:10,45380000000000,10000000000,182,25,690,1856,11658500,11660900,12.0000,2.058584
1118,45380000000000,12:36:20,45390000000000,10000000000,27,2,0,200,11660900,11660900,0.0000,0.000000
1119,45390000000000,12:36:30,45400000000000,10000000000,50,8,210,810,11660900,11661600,3.5000,0.600297
1120,45400000000000,12:36:40,45410000000000,10000000000,38,6,-189,811,11661600,11662000,2.0000,0.343006
1121,45410000000000,12:36:50,45420000000000,10000000000,129,25,-612,2038,11662000,11660400,-8.0000,-1.371977
1122,45420000000000,12:37:00,45430000000000,10000000000,83,7,211,611,11660400,11661100,3.5000,0.600322
1123,45430000000000,12:37:10,45440000000000,10000000000,68,9,-15,587,11661100,11661300,1.0000,0.171510
1124,45440000000000,12:37:20,45450000000000,10000000000,78,12,36,780,11661300,11661300,0.0000,0.000000
1125,45450000000000,12:37:30,45460000000000,10000000000,36,12,-165,941,11661300,11661100,-1.0000,-0.171507
1126,45460000000000,12:37:40,45470000000000,10000000000,23,4,-116,316,11661100,11661000,-0.5000,-0.085755
1127,45470000000000,12:37:50,45480000000000,10000000000,96,36,-601,2405,11661000,11660500,-2.5000,-0.428780
1128,45480000000000,12:38:00,45490000000000,10000000000,81,15,-392,2840,11660500,11660000,-2.5000,-0.428798
1129,45490000000000,12:38:10,45500000000000,10000000000,93,25,-1886,3156,11660000,11660100,0.5000,0.085763
1130,45500000000000,12:38:20,45510000000000,10000000000,362,107,-2138,9160,11660100,11658100,-10.0000,-1.715251
1131,45510000000000,12:38:30,45520000000000,10000000000,227,19,212,1288,11658100,11658400,1.5000,0.257332
1132,45520000000000,12:38:40,45530000000000,10000000000,50,9,83,717,11658400,11658900,2.5000,0.428875
1133,45530000000000,12:38:50,45540000000000,10000000000,43,14,151,851,11658900,11660100,6.0000,1.029257
1134,45540000000000,12:39:00,45550000000000,10000000000,103,18,-774,1376,11660100,11658000,-10.5000,-1.801014
1135,45550000000000,12:39:10,45560000000000,10000000000,71,18,169,1063,11658000,11659000,5.0000,0.857780
1136,45560000000000,12:39:20,45570000000000,10000000000,24,6,-265,285,11659000,11658800,-1.0000,-0.171541
1137,45570000000000,12:39:30,45580000000000,10000000000,30,19,100,1702,11658800,11659900,5.5000,0.943493
1138,45580000000000,12:39:40,45590000000000,10000000000,137,43,-736,3370,11659900,11657600,-11.5000,-1.972573
1139,45590000000000,12:39:50,45600000000000,10000000000,66,16,121,521,11657600,11658500,4.5000,0.772029
1140,45600000000000,12:40:00,45610000000000,10000000000,200,37,-314,2170,11658500,11656400,-10.5000,-1.801261
1141,45610000000000,12:40:10,45620000000000,10000000000,130,33,-1242,2742,11656400,11654800,-8.0000,-1.372636
1142,45620000000000,12:40:20,45630000000000,10000000000,12,6,250,466,11654800,11654800,0.0000,0.000000
1143,45630000000000,12:40:30,45640000000000,10000000000,7,3,100,400,11654800,11655000,1.0000,0.171603
1144,45640000000000,12:40:40,45650000000000,10000000000,207,67,-940,5246,11655000,11655500,2.5000,0.429000
1145,45650000000000,12:40:50,45660000000000,10000000000,395,115,-1935,9541,11655500,11657700,11.0000,1.887521
1146,45660000000000,12:41:00,45670000000000,10000000000,88,18,-169,717,11657700,11657300,-2.0000,-0.343121
1147,45670000000000,12:41:10,45680000000000,10000000000,136,31,-413,2361,11657300,11655200,-10.5000,-1.801446
1148,45680000000000,12:41:20,45690000000000,10000000000,152,29,729,1467,11655200,11656500,6.5000,1.115382
1149,45690000000000,12:41:30,45700000000000,10000000000,124,30,74,1922,11656500,11655500,-5.0000,-0.857890
1150,45700000000000,12:41:40,45710000000000,10000000000,60,8,-316,348,11655500,11654800,-3.5000,-0.600575
1151,45710000000000,12:41:50,45720000000000,10000000000,145,27,-890,1762,11654800,11653800,-5.0000,-0.858016
1152,45720000000000,12:42:00,45730000000000,10000000000,143,25,1248,2080,11653800,11656900,15.5000,2.660077
1153,45730000000000,12:42:10,45740000000000,10000000000,156,14,246,1214,11656900,11657400,2.5000,0.428931
1154,45740000000000,12:42:20,45750000000000,10000000000,59,4,40,300,11657400,11657700,1.5000,0.257347
1155,45750000000000,12:42:30,45760000000000,10000000000,143,34,1131,2875,11657700,11659600,9.5000,1.629824
1156,45760000000000,12:42:40,45770000000000,10000000000,74,9,196,668,11659600,11659800,1.0000,0.171532
1157,45770000000000,12:42:50,45780000000000,10000000000,115,22,4,1492,11659800,11659500,-1.5000,-0.257294
1158,45780000000000,12:43:00,45790000000000,10000000000,56,7,100,700,11659500,11660100,3.0000,0.514602
1159,45790000000000,12:43:10,45800000000000,10000000000,174,35,-865,1991,11660100,11657900,-11.0000,-1.886776
1160,45800000000000,12:43:20,45810000000000,10000000000,82,25,-132,1682,11657900,11657400,-2.5000,-0.428894
1161,45810000000000,12:43:30,45820000000000,10000000000,14,2,200,200,11657400,11657500,0.5000,0.085782
1162,45820000000000,12:43:40,45830000000000,10000000000,69,15,300,1500,11657500,11658000,2.5000,0.428908
1163,45830000000000,12:43:50,45840000000000,10000000000,493,172,-4472,8736,11658000,11653100,-24.5000,-4.203122
1164,45840000000000,12:44:00,45850000000000,10000000000,586,189,-4305,12983,11653100,11648000,-25.5000,-4.376518
1165,45850000000000,12:44:10,45860000000000,10000000000,77,14,92,850,11648000,11647700,-1.5000,-0.257555
1166,45860000000000,12:44:20,45870000000000,10000000000,68,11,384,672,11647700,11648700,5.0000,0.858539
1167,45870000000000,12:44:30,45880000000000,10000000000,66,12,-200,1200,11648700,11647500,-6.0000,-1.030158
1168,45880000000000,12:44:40,45890000000000,10000000000,135,19,168,1172,11647500,11647700,1.0000,0.171711
1169,45890000000000,12:44:50,45900000000000,10000000000,65,11,-416,1004,11647700,11646700,-5.0000,-0.858539
1170,45900000000000,12:45:00,45910000000000,10000000000,39,12,-202,758,11646700,11647000,1.5000,0.257584
1171,45910000000000,12:45:10,45920000000000,10000000000,105,28,169,2219,11647000,11647800,4.0000,0.686872
1172,45920000000000,12:45:20,45930000000000,10000000000,377,89,2894,6872,11647800,11656000,41.0000,7.039956
1173,45930000000000,12:45:30,45940000000000,10000000000,207,45,457,3869,11656000,11656800,4.0000,0.686342
1174,45940000000000,12:45:40,45950000000000,10000000000,319,93,384,7136,11656800,11659800,15.0000,2.573605
1175,45950000000000,12:45:50,45960000000000,10000000000,248,48,-462,3812,11659800,11656700,-15.5000,-2.658708
1176,45960000000000,12:46:00,45970000000000,10000000000,114,20,1181,1783,11656700,11659600,14.5000,2.487840
1177,45970000000000,12:46:10,45980000000000,10000000000,156,35,274,2702,11659600,11659400,-1.0000,-0.171532
1178,45980000000000,12:46:20,45990000000000,10000000000,85,14,-221,1009,11659400,11658600,-4.0000,-0.686142
1179,45990000000000,12:46:30,46000000000000,10000000000,56,20,200,1446,11658600,11657600,-5.0000,-0.857736
1180,46000000000000,12:46:40,46010000000000,10000000000,130,30,1172,2020,11657600,11659500,9.5000,1.629838
1181,46010000000000,12:46:50,46020000000000,10000000000,76,14,-400,934,11659500,11658400,-5.5000,-0.943437
1182,46020000000000,12:47:00,46030000000000,10000000000,44,10,437,687,11658400,11659500,5.5000,0.943526
1183,46030000000000,12:47:10,46040000000000,10000000000,63,13,-338,570,11659500,11657900,-8.0000,-1.372272
1184,46040000000000,12:47:20,46050000000000,10000000000,97,16,-329,1331,11657900,11658500,3.0000,0.514672
1185,46050000000000,12:47:30,46060000000000,10000000000,89,18,220,1222,11658500,11658900,2.0000,0.343097
1186,46060000000000,12:47:40,46070000000000,10000000000,63,8,-91,691,11658900,11659000,0.5000,0.085771
1187,46070000000000,12:47:50,46080000000000,10000000000,137,17,-533,1315,11659000,11658000,-5.0000,-0.857706
1188,46080000000000,12:48:00,46090000000000,10000000000,166,47,2201,4451,11658000,11660100,10.5000,1.801338
1189,46090000000000,12:48:10,46100000000000,10000000000,163,28,-1081,2481,11660100,11658100,-10.0000,-1.715251
1190,46100000000000,12:48:20,46110000000000,10000000000,25,1,3,3,11658100,11658100,0.0000,0.000000
1191,46110000000000,12:48:30,46120000000000,10000000000,56,5,300,320,11658100,11658800,3.5000,0.600441
1192,46120000000000,12:48:40,46130000000000,10000000000,64,19,773,1205,11658800,11659800,5.0000,0.857721
1193,46130000000000,12:48:50,46140000000000,10000000000,34,9,-400,800,11659800,11658900,-4.5000,-0.771883
1194,46140000000000,12:49:00,46150000000000,10000000000,116,20,-419,1051,11658900,11658400,-2.5000,-0.428857
1195,46150000000000,12:49:10,46160000000000,10000000000,52,16,-216,1218,11658400,11658200,-1.0000,-0.171550
1196,46160000000000,12:49:20,46170000000000,10000000000,78,14,400,1400,11658200,11658200,0.0000,0.000000
1197,46170000000000,12:49:30,46180000000000,10000000000,9,3,100,300,11658200,11658600,2.0000,0.343106
1198,46180000000000,12:49:40,46190000000000,10000000000,26,4,-19,219,11658600,11658500,-0.5000,-0.085774
1199,46190000000000,12:49:50,46200000000000,10000000000,12,1,3,3,11658500,11658500,0.0000,0.000000
1200,46200000000000,12:50:00,46210000000000,10000000000,14,1,50,50,11658500,11658500,0.0000,0.000000
1201,46210000000000,12:50:10,46220000000000,10000000000,182,58,-991,4249,11658500,11657800,-3.5000,-0.600420
1202,46220000000000,12:50:20,46230000000000,10000000000,207,48,-632,3422,11657800,11655400,-12.0000,-2.058707
1203,46230000000000,12:50:30,46240000000000,10000000000,94,31,242,2306,11655400,11656700,6.5000,1.115363
1204,46240000000000,12:50:40,46250000000000,10000000000,104,29,-26,2322,11656700,11656100,-3.0000,-0.514725
1205,46250000000000,12:50:50,46260000000000,10000000000,197,35,820,2412,11656100,11657600,7.5000,1.286880
1206,46260000000000,12:51:00,46270000000000,10000000000,93,19,-108,650,11657600,11657500,-0.5000,-0.085781
1207,46270000000000,12:51:10,46280000000000,10000000000,155,30,-4,1918,11657500,11657100,-2.0000,-0.343127
1208,46280000000000,12:51:20,46290000000000,10000000000,36,5,0,600,11657100,11656900,-1.0000,-0.171569
1209,46290000000000,12:51:30,46300000000000,10000000000,75,6,84,516,11656900,11657200,1.5000,0.257358
1210,46300000000000,12:51:40,46310000000000,10000000000,82,24,495,1695,11657200,11657800,3.0000,0.514703
1211,46310000000000,12:51:50,46320000000000,10000000000,33,12,200,1170,11657800,11657400,-2.0000,-0.343118
1212,46320000000000,12:52:00,46330000000000,10000000000,124,33,1427,2827,11657400,11661000,18.0000,3.088167
1213,46330000000000,12:52:10,46340000000000,10000000000,298,107,1927,5767,11661000,11664900,19.5000,3.344482
1214,46340000000000,12:52:20,46350000000000,10000000000,301,83,1650,5632,11664900,11666100,6.0000,1.028727
1215,46350000000000,12:52:30,46360000000000,10000000000,319,42,-349,3049,11666100,11665800,-1.5000,-0.257155
1216,46360000000000,12:52:40,46370000000000,10000000000,171,59,-761,5489,11665800,11664700,-5.5000,-0.942927
1217,46370000000000,12:52:50,46380000000000,10000000000,45,6,-27,327,11664700,11663700,-5.0000,-0.857287
1218,46380000000000,12:53:00,46390000000000,10000000000,31,4,-211,611,11663700,11664400,3.5000,0.600153
1219,46390000000000,12:53:10,46400000000000,10000000000,17,6,400,800,11664400,11664700,1.5000,0.257193
1220,46400000000000,12:53:20,46410000000000,10000000000,153,39,1273,8917,11664700,11666700,10.0000,1.714575
1221,46410000000000,12:53:30,46420000000000,10000000000,253,91,3392,7984,11666700,11670200,17.5000,2.999991
1222,46420000000000,12:53:40,46430000000000,10000000000,362,111,2438,9280,11670200,11672500,11.5000,1.970832
1223,46430000000000,12:53:50,46440000000000,10000000000,174,31,1125,2427,11672500,11675900,17.0000,2.912829
1224,46440000000000,12:54:00,46450000000000,10000000000,147,39,-290,3532,11675900,11673900,-10.0000,-1.712930
1225,46450000000000,12:54:10,46460000000000,10000000000,268,41,-1055,2771,11673900,11672100,-9.0000,-1.541901
1226,46460000000000,12:54:20,46470000000000,10000000000,102,11,100,622,11672100,11672200,0.5000,0.085674
1227,46470000000000,12:54:30,46480000000000,10000000000,37,3,-11,211,11672200,11672000,-1.0000,-0.171347
1228,46480000000000,12:54:40,46490000000000,10000000000,144,20,459,1069,11672000,11673700,8.5000,1.456477
1229,46490000000000,12:54:50,46500000000000,10000000000,90,23,-226,1900,11673700,11673200,-2.5000,-0.428313
1230,46500000000000,12:55:00,46510000000000,10000000000,63,16,-180,904,11673200,11672500,-3.5000,-0.599664
1231,46510000000000,12:55:10,46520000000000,10000000000,167,32,-836,2286,11672500,11668900,-18.0000,-3.084172
1232,46520000000000,12:55:20,46530000000000,10000000000,79,17,314,1346,11668900,11670700,9.0000,1.542562
1233,46530000000000,12:55:30,46540000000000,10000000000,119,14,-946,1398,11670700,11667700,-15.0000,-2.570540
1234,46540000000000,12:55:40,46550000000000,10000000000,247,39,2814,4548,11667700,11671400,18.5000,3.171148
1235,46550000000000,12:55:50,46560000000000,10000000000,103,25,-170,1906,11671400,11670600,-4.0000,-0.685436
1236,46560000000000,12:56:00,46570000000000,10000000000,147,42,145,3207,11670600,11668500,-10.5000,-1.799393
1237,46570000000000,12:56:10,46580000000000,10000000000,31,9,154,706,11668500,11669300,4.0000,0.685607
1238,46580000000000,12:56:20,46590000000000,10000000000,81,20,-70,1364,11669300,11668800,-2.5000,-0.428475
1239,46590000000000,12:56:30,46600000000000,10000000000,44,8,95,373,11668800,11669400,3.0000,0.514192
1240,46600000000000,12:56:40,46610000000000,10000000000,62,7,-46,576,11669400,11669600,1.0000,0.171388
1241,46610000000000,12:56:50,46620000000000,10000000000,18,7,-138,298,11669600,11669600,0.0000,0.000000
1242,46620000000000,12:57:00,46630000000000,10000000000,29,2,0,6,11669600,11669600,0.0000,0.000000
1243,46630000000000,12:57:10,46640000000000,10000000000,30,9,-67,527,11669600,11668200,-7.0000,-1.199698
1244,46640000000000,12:57:20,46650000000000,10000000000,160,54,-8,4368,11668200,11666000,-11.0000,-1.885466
1245,46650000000000,12:57:30,46660000000000,10000000000,28,8,-35,695,11666000,11665500,-2.5000,-0.428596
1246,46660000000000,12:57:40,46670000000000,10000000000,243,68,-1029,5621,11665500,11664800,-3.5000,-0.600060
1247,46670000000000,12:57:50,46680000000000,10000000000,17,1,-100,100,11664800,11664600,-1.0000,-0.171456
1248,46680000000000,12:58:00,46690000000000,10000000000,28,1,100,100,11664600,11664700,0.5000,0.085729
1249,46690000000000,12:58:10,46700000000000,10000000000,12,1,100,100,11664700,11665000,1.5000,0.257186
1250,46700000000000,12:58:20,46710000000000,10000000000,21,2,-200,200,11665000,11664700,-1.5000,-0.257180
1251,46710000000000,12:58:30,46720000000000,10000000000,4,0,0,0,11664700,11664700,0.0000,0.000000
1252,46720000000000,12:58:40,46730000000000,10000000000,36,6,141,341,11664700,11665200,2.5000,0.428644
1253,46730000000000,12:58:50,46740000000000,10000000000,125,35,-1900,3430,11665200,11663500,-8.5000,-1.457326
1254,46740000000000,12:59:00,46750000000000,10000000000,94,22,1390,2010,11663500,11665100,8.0000,1.371801
1255,46750000000000,12:59:10,46760000000000,10000000000,94,37,567,2935,11665100,11666200,5.5000,0.942984
1256,46760000000000,12:59:20,46770000000000,10000000000,26,10,-64,568,11666200,11666300,0.5000,0.085718
1257,46770000000000,12:59:30,46780000000000,10000000000,83,24,4,1700,11666300,11665300,-5.0000,-0.857170
1258,46780000000000,12:59:40,46790000000000,10000000000,51,12,-59,505,11665300,11664700,-3.0000,-0.514346
1259,46790000000000,12:59:50,46800000000000,10000000000,43,6,85,515,11664700,11664900,1.0000,0.171457
1260,46800000000000,13:00:00,46810000000000,10000000000,159,31,-389,1535,11664900,11663800,-5.5000,-0.943000
1261,46810000000000,13:00:10,46820000000000,10000000000,90,25,1320,1526,11663800,11667200,17.0000,2.915002
1262,46820000000000,13:00:20,46830000000000,10000000000,49,4,-110,310,11667200,11667200,0.0000,0.000000
1263,46830000000000,13:00:30,46840000000000,10000000000,138,15,-265,665,11667200,11665900,-6.5000,-1.114235
1264,46840000000000,13:00:40,46850000000000,10000000000,57,13,-900,1046,11665900,11665900,0.0000,0.000000
1265,46850000000000,13:00:50,46860000000000,10000000000,123,27,630,1568,11665900,11666200,1.5000,0.257160
1266,46860000000000,13:01:00,46870000000000,10000000000,55,15,172,896,11666200,11666800,3.0000,0.514306
1267,46870000000000,13:01:10,46880000000000,10000000000,38,10,51,399,11666800,11667700,4.5000,0.771420
1268,46880000000000,13:01:20,46890000000000,10000000000,16,7,-50,540,11667700,11667400,-1.5000,-0.257120
1269,46890000000000,13:01:30,46900000000000,10000000000,31,10,-30,830,11667400,11667600,1.0000,0.171418
1270,46900000000000,13:01:40,46910000000000,10000000000,85,20,705,921,11667600,11668900,6.5000,1.114197
1271,46910000000000,13:01:50,46920000000000,10000000000,184,41,1234,3560,11668900,11670000,5.5000,0.942677
1272,46920000000000,13:02:00,46930000000000,10000000000,257,61,1252,3462,11670000,11673600,18.0000,3.084833
1273,46930000000000,13:02:10,46940000000000,10000000000,274,47,-869,2811,11673600,11670400,-16.0000,-2.741228
1274,46940000000000,13:02:20,46950000000000,10000000000,69,18,90,432,11670400,11670600,1.0000,0.171374
1275,46950000000000,13:02:30,46960000000000,10000000000,280,66,-446,1812,11670600,11669400,-6.0000,-1.028225
1276,46960000000000,13:02:40,46970000000000,10000000000,129,34,110,554,11669400,11669700,1.5000,0.257083
1277,46970000000000,13:02:50,46980000000000,10000000000,122,34,88,308,11669700,11671000,6.5000,1.113996
1278,46980000000000,13:03:00,46990000000000,10000000000,128,16,366,682,11671000,11672800,9.0000,1.542284
1279,46990000000000,13:03:10,47000000000000,10000000000,119,28,-178,1458,11672800,11672500,-1.5000,-0.257008
1280,47000000000000,13:03:20,47010000000000,10000000000,326,95,-890,4820,11672500,11670200,-11.5000,-1.970443
1281,47010000000000,13:03:30,47020000000000,10000000000,35,9,176,258,11670200,11670900,3.5000,0.599818
1282,47020000000000,13:03:40,47030000000000,10000000000,38,6,0,236,11670900,11670900,0.0000,0.000000
1283,47030000000000,13:03:50,47040000000000,10000000000,77,11,209,527,11670900,11671600,3.5000,0.599782
1284,47040000000000,13:04:00,47050000000000,10000000000,70,13,240,504,11671600,11673000,7.0000,1.199493
1285,47050000000000,13:04:10,47060000000000,10000000000,111,22,-967,1887,11673000,11672100,-4.5000,-0.771010
1286,47060000000000,13:04:20,47070000000000,10000000000,25,9,116,348,11672100,11672600,2.5000,0.428372
1287,47070000000000,13:04:30,47080000000000,10000000000,122,39,1458,1962,11672600,11674800,11.0000,1.884756
1288,47080000000000,13:04:40,47090000000000,10000000000,87,12,48,296,11674800,11675000,1.0000,0.171309
1289,47090000000000,13:04:50,47100000000000,10000000000,41,9,-508,744,11675000,11674600,-2.0000,-0.342612
1290,47100000000000,13:05:00,47110000000000,10000000000,52,16,716,1340,11674600,11674800,1.0000,0.171312
1291,47110000000000,13:05:10,47120000000000,10000000000,20,11,100,720,11674800,11674900,0.5000,0.085655
1292,47120000000000,13:05:20,47130000000000,10000000000,251,84,3459,5825,11674900,11679100,21.0000,3.597461
1293,47130000000000,13:05:30,47140000000000,10000000000,174,35,1781,7349,11679100,11678500,-3.0000,-0.513738
1294,47140000000000,13:05:40,47150000000000,10000000000,146,43,761,1831,11678500,11680300,9.0000,1.541294
1295,47150000000000,13:05:50,47160000000000,10000000000,171,43,270,3182,11680300,11678300,-10.0000,-1.712285
1296,47160000000000,13:06:00,47170000000000,10000000000,102,28,708,1226,11678300,11680000,8.5000,1.455691
1297,47170000000000,13:06:10,47180000000000,10000000000,50,6,-292,324,11680000,11679700,-1.5000,-0.256849
1298,47180000000000,13:06:20,47190000000000,10000000000,59,22,321,1437,11679700,11680800,5.5000,0.941805
1299,47190000000000,13:06:30,47200000000000,10000000000,186,41,-1465,2713,11680800,11676900,-19.5000,-3.338812
1300,47200000000000,13:06:40,47210000000000,10000000000,120,46,605,3117,11676900,11678200,6.5000,1.113309
1301,47210000000000,13:06:50,47220000000000,10000000000,116,27,862,1862,11678200,11680600,12.0000,2.055111
1302,47220000000000,13:07:00,47230000000000,10000000000,117,25,-112,1946,11680600,11679600,-5.0000,-0.856120
1303,47230000000000,13:07:10,47240000000000,10000000000,139,48,951,2735,11679600,11681000,7.0000,1.198671
1304,47240000000000,13:07:20,47250000000000,10000000000,216,71,1288,2890,11681000,11683700,13.5000,2.311446
1305,47250000000000,13:07:30,47260000000000,10000000000,175,58,-158,3694,11683700,11683400,-1.5000,-0.256768
1306,47260000000000,13:07:40,47270000000000,10000000000,130,35,969,2719,11683400,11685400,10.0000,1.711830
1307,47270000000000,13:07:50,47280000000000,10000000000,84,20,409,1131,11685400,11686100,3.5000,0.599038
1308,47280000000000,13:08:00,47290000000000,10000000000,125,23,-75,1181,11686100,11685300,-4.0000,-0.684574
1309,47290000000000,13:08:10,47300000000000,10000000000,144,30,-1168,4514,11685300,11683700,-8.0000,-1.369242
1310,47300000000000,13:08:20,47310000000000,10000000000,65,5,-204,404,11683700,11683300,-2.0000,-0.342357
1311,47310000000000,13:08:30,47320000000000,10000000000,23,5,193,1193,11683300,11682900,-2.0000,-0.342369
1312,47320000000000,13:08:40,47330000000000,10000000000,81,21,500,2878,11682900,11682800,-0.5000,-0.085595
1313,47330000000000,13:08:50,47340000000000,10000000000,63,14,11,2211,11682800,11682700,-0.5000,-0.085596
1314,47340000000000,13:09:00,47350000000000,10000000000,110,34,89,3495,11682700,11683000,1.5000,0.256790
1315,47350000000000,13:09:10,47360000000000,10000000000,88,22,-206,2858,11683000,11682400,-3.0000,-0.513567
1316,47360000000000,13:09:20,47370000000000,10000000000,106,13,-804,2006,11682400,11682300,-0.5000,-0.085599
1317,47370000000000,13:09:30,47380000000000,10000000000,199,52,-1625,4163,11682300,11678900,-17.0000,-2.910386
1318,47380000000000,13:09:40,47390000000000,10000000000,144,38,226,1802,11678900,11679200,1.5000,0.256874
1319,47390000000000,13:09:50,47400000000000,10000000000,59,14,0,1032,11679200,11679700,2.5000,0.428112
1320,47400000000000,13:10:00,47410000000000,10000000000,38,2,-180,180,11679700,11679700,0.0000,0.000000
1321,47410000000000,13:10:10,47420000000000,10000000000,113,35,496,2866,11679700,11679000,-3.5000,-0.599330
1322,47420000000000,13:10:20,47430000000000,10000000000,10,3,4,12,11679000,11679000,0.0000,0.000000
1323,47430000000000,13:10:30,47440000000000,10000000000,99,22,721,1441,11679000,11680600,8.0000,1.369980
1324,47440000000000,13:10:40,47450000000000,10000000000,65,10,341,739,11680600,11681600,5.0000,0.856120
1325,47450000000000,13:10:50,47460000000000,10000000000,74,16,596,658,11681600,11681900,1.5000,0.256814
1326,47460000000000,13:11:00,47470000000000,10000000000,64,16,-192,1192,11681900,11681400,-2.5000,-0.428013
1327,47470000000000,13:11:10,47480000000000,10000000000,52,8,-106,520,11681400,11680900,-2.5000,-0.428031
1328,47480000000000,13:11:20,47490000000000,10000000000,197,48,-1619,3507,11680900,11676600,-21.5000,-3.681223
1329,47490000000000,13:11:30,47500000000000,10000000000,310,74,-120,650,11676600,11675800,-4.0000,-0.685131
1330,47500000000000,13:11:40,47510000000000,10000000000,137,35,-256,626,11675800,11676600,4.0000,0.685178
1331,47510000000000,13:11:50,47520000000000,10000000000,199,53,-514,1726,11676600,11674100,-12.5000,-2.141034
1332,47520000000000,13:12:00,47530000000000,10000000000,114,25,-50,860,11674100,11673300,-4.0000,-0.685278
1333,47530000000000,13:12:10,47540000000000,10000000000,64,27,-503,2143,11673300,11673400,0.5000,0.085666
1334,47540000000000,13:12:20,47550000000000,10000000000,100,23,-155,1291,11673400,11672900,-2.5000,-0.428324
1335,47550000000000,13:12:30,47560000000000,10000000000,89,14,130,930,11672900,11672800,-0.5000,-0.085669
1336,47560000000000,13:12:40,47570000000000,10000000000,115,14,-238,590,11672800,11672000,-4.0000,-0.685354
1337,47570000000000,13:12:50,47580000000000,10000000000,131,16,-151,461,11672000,11671800,-1.0000,-0.171350
1338,47580000000000,13:13:00,47590000000000,10000000000,44,5,-100,380,11671800,11671800,0.0000,0.000000
1339,47590000000000,13:13:10,47600000000000,10000000000,24,0,0,0,11671800,11671800,0.0000,0.000000
1340,47600000000000,13:13:20,47610000000000,10000000000,60,11,-105,371,11671800,11671900,0.5000,0.085677
1341,47610000000000,13:13:30,47620000000000,10000000000,170,30,-2246,3528,11671900,11670900,-5.0000,-0.856759
1342,47620000000000,13:13:40,47630000000000,10000000000,19,2,-200,200,11670900,11670800,-0.5000,-0.085683
1343,47630000000000,13:13:50,47640000000000,10000000000,139,29,-1201,1903,11670800,11670100,-3.5000,-0.599788
1344,47640000000000,13:14:00,47650000000000,10000000000,86,19,-337,1247,11670100,11667800,-11.5000,-1.970849
1345,47650000000000,13:14:10,47660000000000,10000000000,107,16,-272,1072,11667800,11667000,-4.0000,-0.685648
1346,47660000000000,13:14:20,47670000000000,10000000000,128,23,-443,2435,11667000,11665300,-8.5000,-1.457101
1347,47670000000000,13:14:30,47680000000000,10000000000,104,20,172,626,11665300,11666300,5.0000,0.857243
1348,47680000000000,13:14:40,47690000000000,10000000000,74,20,68,1248,11666300,11666000,-1.5000,-0.257151
1349,47690000000000,13:14:50,47700000000000,10000000000,160,28,916,1326,11666000,11670600,23.0000,3.943082
1350,47700000000000,13:15:00,47710000000000,10000000000,110,10,-160,376,11670600,11669500,-5.5000,-0.942539
1351,47710000000000,13:15:10,47720000000000,10000000000,99,4,210,230,11669500,11669800,1.5000,0.257080
1352,47720000000000,13:15:20,47730000000000,10000000000,45,3,100,300,11669800,11669200,-3.0000,-0.514148
1353,47730000000000,13:15:30,47740000000000,10000000000,66,7,268,286,11669200,11670000,4.0000,0.685565
1354,47740000000000,13:15:40,47750000000000,10000000000,115,30,1497,2745,11670000,11672000,10.0000,1.713796
1355,47750000000000,13:15:50,47760000000000,10000000000,284,59,-1762,3640,11672000,11670200,-9.0000,-1.542152
1356,47760000000000,13:16:00,47770000000000,10000000000,114,19,837,1451,11670200,11672500,11.5000,1.970832
1357,47770000000000,13:16:10,47780000000000,10000000000,116,20,1253,1431,11672500,11674800,11.5000,1.970443
1358,47780000000000,13:16:20,47790000000000,10000000000,116,13,-298,962,11674800,11674800,0.0000,0.000000
1359,47790000000000,13:16:30,47800000000000,10000000000,377,67,488,3918,11674800,11673000,-9.0000,-1.541782
1360,47800000000000,13:16:40,47810000000000,10000000000,199,26,248,1008,11673000,11673300,1.5000,0.257003
1361,47810000000000,13:16:50,47820000000000,10000000000,73,11,-192,408,11673300,11670900,-12.0000,-2.055974
1362,47820000000000,13:17:00,47830000000000,10000000000,169,46,-1802,6272,11670900,11672200,6.5000,1.113882
1363,47830000000000,13:17:10,47840000000000,10000000000,67,14,-218,848,11672200,11671000,-6.0000,-1.028084
1364,47840000000000,13:17:20,47850000000000,10000000000,36,8,-31,63,11671000,11670700,-1.5000,-0.257047
1365,47850000000000,13:17:30,47860000000000,10000000000,145,41,564,2622,11670700,11672400,8.5000,1.456639
1366,47860000000000,13:17:40,47870000000000,10000000000,86,28,-727,1427,11672400,11671800,-3.0000,-0.514033
1367,47870000000000,13:17:50,47880000000000,10000000000,42,5,-208,208,11671800,11671000,-4.0000,-0.685413
1368,47880000000000,13:18:00,47890000000000,10000000000,90,21,540,596,11671000,11672200,6.0000,1.028190
1369,47890000000000,13:18:10,47900000000000,10000000000,162,39,-1304,2176,11672200,11669800,-12.0000,-2.056168
1370,47900000000000,13:18:20,47910000000000,10000000000,112,16,198,488,11669800,11670900,5.5000,0.942604
1371,47910000000000,13:18:30,47920000000000,10000000000,40,3,100,300,11670900,11671000,0.5000,0.085683
1372,47920000000000,13:18:40,47930000000000,10000000000,35,3,-100,116,11671000,11670900,-0.5000,-0.085682
1373,47930000000000,13:18:50,47940000000000,10000000000,50,10,-93,583,11670900,11670700,-1.0000,-0.171366
1374,47940000000000,13:19:00,47950000000000,10000000000,202,50,-864,2934,11670700,11666200,-22.5000,-3.855810
1375,47950000000000,13:19:10,47960000000000,10000000000,30,6,291,509,11666200,11667100,4.5000,0.771459
1376,47960000000000,13:19:20,47970000000000,10000000000,152,22,-643,1843,11667100,11665500,-8.0000,-1.371378
1377,47970000000000,13:19:30,47980000000000,10000000000,119,35,-1215,4365,11665500,11664500,-5.0000,-0.857229
1378,47980000000000,13:19:40,47990000000000,10000000000,274,104,-2326,7846,11664500,11663500,-5.0000,-0.857302
1379,47990000000000,13:19:50,48000000000000,10000000000,369,87,-7551,8051,11663500,11657300,-31.0000,-5.315729
1380,48000000000000,13:20:00,48010000000000,10000000000,227,56,-351,3175,11657300,11657900,3.0000,0.514699
1381,48010000000000,13:20:10,48020000000000,10000000000,152,20,1037,1729,11657900,11661000,15.5000,2.659141
1382,48020000000000,13:20:20,48030000000000,10000000000,155,29,170,1540,11661000,11661300,1.5000,0.257268
1383,48030000000000,13:20:30,48040000000000,10000000000,127,21,21,1305,11661300,11661200,-0.5000,-0.085754
1384,48040000000000,13:20:40,48050000000000,10000000000,141,14,791,3301,11661200,11660800,-2.0000,-0.343018
1385,48050000000000,13:20:50,48060000000000,10000000000,59,7,21,421,11660800,11661200,2.0000,0.343030
1386,48060000000000,13:21:00,48070000000000,10000000000,153,41,834,29868,11661200,11661300,0.5000,0.085754
1387,48070000000000,13:21:10,48080000000000,10000000000,157,40,1079,1761,11661300,11663300,10.0000,1.715075
1388,48080000000000,13:21:20,48090000000000,10000000000,90,12,210,484,11663300,11664600,6.5000,1.114607
1389,48090000000000,13:21:30,48100000000000,10000000000,96,12,420,640,11664600,11666000,7.0000,1.200213
1390,48100000000000,13:21:40,48110000000000,10000000000,89,19,-408,7058,11666000,11664600,-7.0000,-1.200069
1391,48110000000000,13:21:50,48120000000000,10000000000,21,3,-57,157,11664600,11664600,0.0000,0.000000
1392,48120000000000,13:22:00,48130000000000,10000000000,53,13,-94,994,11664600,11663100,-7.5000,-1.285942
1393,48130000000000,13:22:10,48140000000000,10000000000,135,46,1077,5895,11663100,11664300,6.0000,1.028886
1394,48140000000000,13:22:20,48150000000000,10000000000,193,30,153,3213,11664300,11666700,12.0000,2.057560
1395,48150000000000,13:22:30,48160000000000,10000000000,126,34,-1109,6223,11666700,11664300,-12.0000,-2.057137
1396,48160000000000,13:22:40,48170000000000,10000000000,93,18,1742,4362,11664300,11665100,4.0000,0.685853
1397,48170000000000,13:22:50,48180000000000,10000000000,139,26,145,1501,11665100,11666600,7.5000,1.285887
1398,48180000000000,13:23:00,48190000000000,10000000000,130,22,-175,1317,11666600,11666200,-2.0000,-0.342859
1399,48190000000000,13:23:10,48200000000000,10000000000,77,11,-416,816,11666200,11664800,-7.0000,-1.200048
1400,48200000000000,13:23:20,48210000000000,10000000000,205,42,-2360,3648,11664800,11662500,-11.5000,-1.971744
1401,48210000000000,13:23:30,48220000000000,10000000000,200,12,564,964,11662500,11663700,6.0000,1.028939
1402,48220000000000,13:23:40,48230000000000,10000000000,78,18,421,1421,11663700,11665200,7.5000,1.286041
1403,48230000000000,13:23:50,48240000000000,10000000000,35,5,279,321,11665200,11665700,2.5000,0.428625
1404,48240000000000,13:24:00,48250000000000,10000000000,12,3,100,300,11665700,11665900,1.0000,0.171443
1405,48250000000000,13:24:10,48260000000000,10000000000,116,46,-1894,2610,11665900,11663700,-11.0000,-1.885838
1406,48260000000000,13:24:20,48270000000000,10000000000,141,43,-2248,3064,11663700,11661800,-9.5000,-1.628986
1407,48270000000000,13:24:30,48280000000000,10000000000,145,31,-345,2823,11661800,11662100,1.5000,0.257250
1408,48280000000000,13:24:40,48290000000000,10000000000,109,24,155,3355,11662100,11662000,-0.5000,-0.085748
1409,48290000000000,13:24:50,48300000000000,10000000000,64,11,-423,439,11662000,11661600,-2.0000,-0.342994
1410,48300000000000,13:25:00,48310000000000,10000000000,17,2,86,114,11661600,11661600,0.0000,0.000000
1411,48310000000000,13:25:10,48320000000000,10000000000,91,15,-228,844,11661600,11661000,-3.0000,-0.514509
1412,48320000000000,13:25:20,48330000000000,10000000000,309,46,1221,2485,11661000,11663700,13.5000,2.315410
1413,48330000000000,13:25:30,48340000000000,10000000000,46,7,-144,160,11663700,11663600,-0.5000,-0.085736
1414,48340000000000,13:25:40,48350000000000,10000000000,116,18,-52,1068,11663600,11663500,-0.5000,-0.085737
1415,48350000000000,13:25:50,48360000000000,10000000000,151,25,-1999,2219,11663500,11660800,-13.5000,-2.314914
1416,48360000000000,13:26:00,48370000000000,10000000000,34,10,129,809,11660800,11661000,1.0000,0.171515
1417,48370000000000,13:26:10,48380000000000,10000000000,65,7,-226,426,11661000,11658600,-12.0000,-2.058143
1418,48380000000000,13:26:20,48390000000000,10000000000,77,17,904,1960,11658600,11660300,8.5000,1.458151
1419,48390000000000,13:26:30,48400000000000,10000000000,53,8,143,543,11660300,11662300,10.0000,1.715222
1420,48400000000000,13:26:40,48410000000000,10000000000,82,14,-207,1087,11662300,11660900,-7.0000,-1.200449
1421,48410000000000,13:26:50,48420000000000,10000000000,149,28,198,2630,11660900,11659200,-8.5000,-1.457863
1422,48420000000000,13:27:00,48430000000000,10000000000,57,7,-999,1243,11659200,11658500,-3.5000,-0.600384
1423,48430000000000,13:27:10,48440000000000,10000000000,74,12,100,920,11658500,11658500,0.0000,0.000000
1424,48440000000000,13:27:20,48450000000000,10000000000,49,7,93,507,11658500,11658900,2.0000,0.343097
1425,48450000000000,13:27:30,48460000000000,10000000000,41,10,184,432,11658900,11658900,0.0000,0.000000
1426,48460000000000,13:27:40,48470000000000,10000000000,212,45,-961,2509,11658900,11655900,-15.0000,-2.573142
1427,48470000000000,13:27:50,48480000000000,10000000000,198,29,-620,2912,11655900,11654800,-5.5000,-0.943728
1428,48480000000000,13:28:00,48490000000000,10000000000,113,20,-1957,3533,11654800,11653200,-8.0000,-1.372825
1429,48490000000000,13:28:10,48500000000000,10000000000,263,62,3480,8786,11653200,11657100,19.5000,3.346720
1430,48500000000000,13:28:20,48510000000000,10000000000,98,14,-381,1101,11657100,11655100,-10.0000,-1.715693
1431,48510000000000,13:28:30,48520000000000,10000000000,73,10,107,535,11655100,11655600,2.5000,0.428997
1432,48520000000000,13:28:40,48530000000000,10000000000,71,18,-279,15919,11655600,11654600,-5.0000,-0.857957
1433,48530000000000,13:28:50,48540000000000,10000000000,190,28,-657,2171,11654600,11652700,-9.5000,-1.630258
1434,48540000000000,13:29:00,48550000000000,10000000000,257,66,-3426,8960,11652700,11649700,-15.0000,-2.574511
1435,48550000000000,13:29:10,48560000000000,10000000000,174,31,178,1084,11649700,11650600,4.5000,0.772552
1436,48560000000000,13:29:20,48570000000000,10000000000,180,42,1356,2140,11650600,11653900,16.5000,2.832472
1437,48570000000000,13:29:30,48580000000000,10000000000,40,9,278,722,11653900,11654400,2.5000,0.429041
1438,48580000000000,13:29:40,48590000000000,10000000000,104,16,-716,974,11654400,11652500,-9.5000,-1.630286
1439,48590000000000,13:29:50,48600000000000,10000000000,37,4,60,340,11652500,11651900,-3.0000,-0.514911
1440,48600000000000,13:30:00,48610000000000,10000000000,204,54,5,2249,11651900,11651600,-1.5000,-0.257469
1441,48610000000000,13:30:10,48620000000000,10000000000,236,63,1964,4524,11651600,11655000,17.0000,2.918054
1442,48620000000000,13:30:20,48630000000000,10000000000,279,97,-255,8185,11655000,11657300,11.5000,1.973402
1443,48630000000000,13:30:30,48640000000000,10000000000,130,36,101,4515,11657300,11659400,10.5000,1.801446
1444,48640000000000,13:30:40,48650000000000,10000000000,134,46,537,5795,11659400,11661700,11.5000,1.972657
1445,48650000000000,13:30:50,48660000000000,10000000000,376,39,-5,2999,11661700,11660300,-7.0000,-1.200511
1446,48660000000000,13:31:00,48670000000000,10000000000,67,11,-158,190,11660300,11660000,-1.5000,-0.257283
1447,48670000000000,13:31:10,48680000000000,10000000000,115,27,83,1603,11660000,11661400,7.0000,1.200686
1448,48680000000000,13:31:20,48690000000000,10000000000,203,46,-62,4182,11661400,11662000,3.0000,0.514518
1449,48690000000000,13:31:30,48700000000000,10000000000,143,28,-501,1795,11662000,11658600,-17.0000,-2.915452
1450,48700000000000,13:31:40,48710000000000,10000000000,101,19,336,1356,11658600,11660400,9.0000,1.543925
1451,48710000000000,13:31:50,48720000000000,10000000000,136,48,-861,3073,11660400,11657100,-16.5000,-2.830092
1452,48720000000000,13:32:00,48730000000000,10000000000,93,30,-47,1547,11657100,11656000,-5.5000,-0.943631
1453,48730000000000,13:32:10,48740000000000,10000000000,80,12,126,726,11656000,11657100,5.5000,0.943720
1454,48740000000000,13:32:20,48750000000000,10000000000,295,52,1414,3806,11657100,11659000,9.5000,1.629908
1455,48750000000000,13:32:30,48760000000000,10000000000,33,2,0,200,11659000,11659700,3.5000,0.600395
1456,48760000000000,13:32:40,48770000000000,10000000000,48,7,-392,696,11659700,11659200,-2.5000,-0.428827
1457,48770000000000,13:32:50,48780000000000,10000000000,94,23,-1082,1392,11659200,11656700,-12.5000,-2.144229
1458,48780000000000,13:33:00,48790000000000,10000000000,95,19,-577,1577,11656700,11655600,-5.5000,-0.943663
1459,48790000000000,13:33:10,48800000000000,10000000000,53,8,200,368,11655600,11656700,5.5000,0.943752
1460,48800000000000,13:33:20,48810000000000,10000000000,47,3,135,135,11656700,11656700,0.0000,0.000000
1461,48810000000000,13:33:30,48820000000000,10000000000,45,11,-223,677,11656700,11656300,-2.0000,-0.343150
1462,48820000000000,13:33:40,48830000000000,10000000000,48,7,-700,700,11656300,11655600,-3.5000,-0.600534
1463,48830000000000,13:33:50,48840000000000,10000000000,133,27,-214,2424,11655600,11656000,2.0000,0.343183
1464,48840000000000,13:34:00,48850000000000,10000000000,193,28,-898,1998,11656000,11653100,-14.5000,-2.487989
1465,48850000000000,13:34:10,48860000000000,10000000000,51,11,-166,566,11653100,11652800,-1.5000,-0.257442
1466,48860000000000,13:34:20,48870000000000,10000000000,190,54,1341,4015,11652800,11656800,20.0000,3.432651
1467,48870000000000,13:34:30,48880000000000,10000000000,248,103,-559,9783,11656800,11654900,-9.5000,-1.629950
1468,48880000000000,13:34:40,48890000000000,10000000000,97,20,-148,1748,11654900,11654200,-3.5000,-0.600606
1469,48890000000000,13:34:50,48900000000000,10000000000,49,10,-322,596,11654200,11653200,-5.0000,-0.858060
1470,48900000000000,13:35:00,48910000000000,10000000000,48,6,-21,215,11653200,11653000,-1.0000,-0.171627
1471,48910000000000,13:35:10,48920000000000,10000000000,39,12,-330,530,11653000,11651500,-7.5000,-1.287222
1472,48920000000000,13:35:20,48930000000000,10000000000,33,12,-517,1097,11651500,11651800,1.5000,0.257478
1473,48930000000000,13:35:30,48940000000000,10000000000,116,30,-144,1568,11651800,11651600,-1.0000,-0.171647
1474,48940000000000,13:35:40,48950000000000,10000000000,73,6,-2,314,11651600,11651500,-0.5000,-0.085825
1475,48950000000000,13:35:50,48960000000000,10000000000,179,28,735,2509,11651500,11651600,0.5000,0.085826
1476,48960000000000,13:36:00,48970000000000,10000000000,87,15,-969,1169,11651600,11650400,-6.0000,-1.029901
1477,48970000000000,13:36:10,48980000000000,10000000000,335,52,1999,3855,11650400,11654800,22.0000,3.776694
1478,48980000000000,13:36:20,48990000000000,10000000000,67,12,86,1114,11654800,11654900,0.5000,0.085802
1479,48990000000000,13:36:30,49000000000000,10000000000,107,16,-71,1105,11654900,11654800,-0.5000,-0.085801
1480,49000000000000,13:36:40,49010000000000,10000000000,81,18,-133,991,11654800,11654000,-4.0000,-0.686412
1481,49010000000000,13:36:50,49020000000000,10000000000,92,17,-253,651,11654000,11653400,-3.0000,-0.514845
1482,49020000000000,13:37:00,49030000000000,10000000000,91,14,213,813,11653400,11653900,2.5000,0.429059
1483,49030000000000,13:37:10,49040000000000,10000000000,277,68,-2080,5038,11653900,11648300,-28.0000,-4.805258
1484,49040000000000,13:37:20,49050000000000,10000000000,179,73,94,3906,11648300,11649600,6.5000,1.116043
1485,49050000000000,13:37:30,49060000000000,10000000000,31,5,-79,151,11649600,11649700,0.5000,0.085840
1486,49060000000000,13:37:40,49070000000000,10000000000,81,30,554,1560,11649700,11651000,6.5000,1.115909
1487,49070000000000,13:37:50,49080000000000,10000000000,171,24,79,1691,11651000,11652300,6.5000,1.115784
1488,49080000000000,13:38:00,49090000000000,10000000000,141,18,-318,1574,11652300,11651200,-5.5000,-0.944020
1489,49090000000000,13:38:10,49100000000000,10000000000,358,63,2035,5157,11651200,11653800,13.0000,2.231530
1490,49100000000000,13:38:20,49110000000000,10000000000,182,22,940,1370,11653800,11656400,13.0000,2.231032
1491,49110000000000,13:38:30,49120000000000,10000000000,14,1,5,5,11656400,11656700,1.5000,0.257369
1492,49120000000000,13:38:40,49130000000000,10000000000,92,17,-454,1454,11656700,11655400,-6.5000,-1.115238
1493,49130000000000,13:38:50,49140000000000,10000000000,51,7,-165,465,11655400,11655200,-1.0000,-0.171594
1494,49140000000000,13:39:00,49150000000000,10000000000,41,3,300,300,11655200,11655300,0.5000,0.085799
1495,49150000000000,13:39:10,49160000000000,10000000000,93,14,-648,1048,11655300,11654500,-4.0000,-0.686383
1496,49160000000000,13:39:20,49170000000000,10000000000,212,66,11,6425,11654500,11653300,-6.0000,-1.029645
1497,49170000000000,13:39:30,49180000000000,10000000000,39,4,-500,700,11653300,11652800,-2.5000,-0.429063
1498,49180000000000,13:39:40,49190000000000,10000000000,18,2,200,200,11652800,11653100,1.5000,0.257449
1499,49190000000000,13:39:50,49200000000000,10000000000,152,31,-160,2660,11653100,11651000,-10.5000,-1.802096
1500,49200000000000,13:40:00,49210000000000,10000000000,162,53,-805,3061,11651000,11648200,-14.0000,-2.403227
1501,49210000000000,13:40:10,49220000000000,10000000000,213,46,1282,3230,11648200,11651700,17.5000,3.004756
1502,49220000000000,13:40:20,49230000000000,10000000000,63,5,140,360,11651700,11651700,0.0000,0.000000
1503,49230000000000,13:40:30,49240000000000,10000000000,36,5,-206,406,11651700,11650800,-4.5000,-0.772419
1504,49240000000000,13:40:40,49250000000000,10000000000,101,10,-212,628,11650800,11650200,-3.0000,-0.514986
1505,49250000000000,13:40:50,49260000000000,10000000000,170,38,-1178,4020,11650200,11646900,-16.5000,-2.832569
1506,49260000000000,13:41:00,49270000000000,10000000000,248,82,-3489,7405,11646900,11643100,-19.0000,-3.262671
1507,49270000000000,13:41:10,49280000000000,10000000000,138,45,-14,2402,11643100,11644400,6.5000,1.116541
1508,49280000000000,13:41:20,49290000000000,10000000000,158,52,-665,4389,11644400,11641700,-13.5000,-2.318711
1509,49290000000000,13:41:30,49300000000000,10000000000,506,246,-5026,23008,11641700,11637800,-19.5000,-3.350026
1510,49300000000000,13:41:40,49310000000000,10000000000,321,67,715,5043,11637800,11636200,-8.0000,-1.374830
1511,49310000000000,13:41:50,49320000000000,10000000000,279,66,-921,5195,11636200,11634500,-8.5000,-1.460958
1512,49320000000000,13:42:00,49330000000000,10000000000,232,35,1591,3091,11634500,11638000,17.5000,3.008294
1513,49330000000000,13:42:10,49340000000000,10000000000,194,35,894,3322,11638000,11639000,5.0000,0.859254
1514,49340000000000,13:42:20,49350000000000,10000000000,202,26,419,2261,11639000,11640400,7.0000,1.202852
1515,49350000000000,13:42:30,49360000000000,10000000000,107,36,-469,3607,11640400,11639500,-4.5000,-0.773169
1516,49360000000000,13:42:40,49370000000000,10000000000,783,214,5568,20688,11639500,11650500,55.0000,9.450578
1517,49370000000000,13:42:50,49380000000000,10000000000,232,35,430,2504,11650500,11651500,5.0000,0.858332
1518,49380000000000,13:43:00,49390000000000,10000000000,305,116,-1566,13230,11651500,11650300,-6.0000,-1.029910
1519,49390000000000,13:43:10,49400000000000,10000000000,172,37,-211,2667,11650300,11650300,0.0000,0.000000
1520,49400000000000,13:43:20,49410000000000,10000000000,79,21,87,2087,11650300,11650800,2.5000,0.429173
1521,49410000000000,13:43:30,49420000000000,10000000000,81,14,-170,1170,11650800,11649700,-5.5000,-0.944141
1522,49420000000000,13:43:40,49430000000000,10000000000,94,17,-246,1252,11649700,11649400,-1.5000,-0.257517
1523,49430000000000,13:43:50,49440000000000,10000000000,205,46,-1271,4449,11649400,11648100,-6.5000,-1.115937
1524,49440000000000,13:44:00,49450000000000,10000000000,304,68,-1004,3030,11648100,11644600,-17.5000,-3.004782
1525,49450000000000,13:44:10,49460000000000,10000000000,132,38,-118,1076,11644600,11643100,-7.5000,-1.288151
1526,49460000000000,13:44:20,49470000000000,10000000000,242,50,-947,1429,11643100,11641600,-7.5000,-1.288317
1527,49470000000000,13:44:30,49480000000000,10000000000,68,23,-441,1123,11641600,11641100,-2.5000,-0.429494
1528,49480000000000,13:44:40,49490000000000,10000000000,139,33,-1508,3108,11641100,11638900,-11.0000,-1.889856
1529,49490000000000,13:44:50,49500000000000,10000000000,69,12,-193,817,11638900,11639000,0.5000,0.085919
1530,49500000000000,13:45:00,49510000000000,10000000000,408,119,1842,12972,11639000,11642300,16.5000,2.835295
1531,49510000000000,13:45:10,49520000000000,10000000000,175,37,451,2057,11642300,11644700,12.0000,2.061448
1532,49520000000000,13:45:20,49530000000000,10000000000,372,71,919,1987,11644700,11646600,9.5000,1.631644
1533,49530000000000,13:45:30,49540000000000,10000000000,94,12,229,481,11646600,11647300,3.5000,0.601034
1534,49540000000000,13:45:40,49550000000000,10000000000,58,13,442,664,11647300,11648200,4.5000,0.772711
1535,49550000000000,13:45:50,49560000000000,10000000000,50,19,-192,1408,11648200,11647700,-2.5000,-0.429251
1536,49560000000000,13:46:00,49570000000000,10000000000,128,40,1438,3714,11647700,11650600,14.5000,2.489762
1537,49570000000000,13:46:10,49580000000000,10000000000,69,23,184,2216,11650600,11651600,5.0000,0.858325
1538,49580000000000,13:46:20,49590000000000,10000000000,275,53,-942,3580,11651600,11647200,-22.0000,-3.776305
1539,49590000000000,13:46:30,49600000000000,10000000000,133,29,897,2129,11647200,11649100,9.5000,1.631293
1540,49600000000000,13:46:40,49610000000000,10000000000,116,19,2,1058,11649100,11649600,2.5000,0.429218
1541,49610000000000,13:46:50,49620000000000,10000000000,84,17,134,3090,11649600,11650300,3.5000,0.600879
1542,49620000000000,13:47:00,49630000000000,10000000000,201,46,1589,5251,11650300,11653300,15.0000,2.575041
1543,49630000000000,13:47:10,49640000000000,10000000000,253,53,646,4238,11653300,11655600,11.5000,1.973690
1544,49640000000000,13:47:20,49650000000000,10000000000,43,5,-109,319,11655600,11655600,0.0000,0.000000
1545,49650000000000,13:47:30,49660000000000,10000000000,111,24,-161,1587,11655600,11654000,-8.0000,-1.372731
1546,49660000000000,13:47:40,49670000000000,10000000000,156,21,-1198,1398,11654000,11652400,-8.0000,-1.372919
1547,49670000000000,13:47:50,49680000000000,10000000000,92,14,-147,659,11652400,11652100,-1.5000,-0.257458
1548,49680000000000,13:48:00,49690000000000,10000000000,137,34,744,2058,11652100,11656100,20.0000,3.432858
1549,49690000000000,13:48:10,49700000000000,10000000000,178,36,-794,3810,11656100,11651400,-23.5000,-4.032223
1550,49700000000000,13:48:20,49710000000000,10000000000,62,9,-141,941,11651400,11651200,-1.0000,-0.171653
1551,49710000000000,13:48:30,49720000000000,10000000000,148,20,381,717,11651200,11652000,4.0000,0.686625
1552,49720000000000,13:48:40,49730000000000,10000000000,305,66,-159,4903,11652000,11650600,-7.0000,-1.201510
1553,49730000000000,13:48:50,49740000000000,10000000000,170,44,-91,2613,11650600,11651600,5.0000,0.858325
1554,49740000000000,13:49:00,49750000000000,10000000000,147,23,-6,1426,11651600,11651200,-2.0000,-0.343300
1555,49750000000000,13:49:10,49760000000000,10000000000,244,90,-740,3452,11651200,11646900,-21.5000,-3.690607
1556,49760000000000,13:49:20,49770000000000,10000000000,80,24,277,445,11646900,11647900,5.0000,0.858598
1557,49770000000000,13:49:30,49780000000000,10000000000,308,71,1216,2378,11647900,11653600,28.5000,4.893586
1558,49780000000000,13:49:40,49790000000000,10000000000,58,7,237,455,11653600,11654200,3.0000,0.514862
1559,49790000000000,13:49:50,49800000000000,10000000000,105,16,-545,963,11654200,11651700,-12.5000,-2.145149
1560,49800000000000,13:50:00,49810000000000,10000000000,82,5,250,306,11651700,11652000,1.5000,0.257473
1561,49810000000000,13:50:10,49820000000000,10000000000,89,18,-83,893,11652000,11651900,-0.5000,-0.085822
1562,49820000000000,13:50:20,49830000000000,10000000000,55,12,-234,490,11651900,11650400,-7.5000,-1.287344
1563,49830000000000,13:50:30,49840000000000,10000000000,134,25,-213,3013,11650400,11646800,-18.0000,-3.090023
1564,49840000000000,13:50:40,49850000000000,10000000000,148,44,405,4205,11646800,11647600,4.0000,0.686884
1565,49850000000000,13:50:50,49860000000000,10000000000,190,37,944,3168,11647600,11649800,11.0000,1.888801
1566,49860000000000,13:51:00,49870000000000,10000000000,46,10,-10,450,11649800,11649600,-1.0000,-0.171677
1567,49870000000000,13:51:10,49880000000000,10000000000,18,1,28,28,11649600,11649600,0.0000,0.000000
1568,49880000000000,13:51:20,49890000000000,10000000000,209,41,986,2858,11649600,11654500,24.5000,4.206153
1569,49890000000000,13:51:30,49900000000000,10000000000,117,15,112,1068,11654500,11653700,-4.0000,-0.686430
1570,49900000000000,13:51:40,49910000000000,10000000000,53,14,377,1023,11653700,11654600,4.5000,0.772287
1571,49910000000000,13:51:50,49920000000000,10000000000,194,38,1309,2951,11654600,11657700,15.5000,2.659894
1572,49920000000000,13:52:00,49930000000000,10000000000,232,41,-803,1639,11657700,11654300,-17.0000,-2.916527
1573,49930000000000,13:52:10,49940000000000,10000000000,130,30,362,522,11654300,11655500,6.0000,1.029663
1574,49940000000000,13:52:20,49950000000000,10000000000,101,28,-92,2584,11655500,11654600,-4.5000,-0.772168
1575,49950000000000,13:52:30,49960000000000,10000000000,422,104,2963,6835,11654600,11659700,25.5000,4.375955
1576,49960000000000,13:52:40,49970000000000,10000000000,210,15,-490,1430,11659700,11658900,-4.0000,-0.686124
1577,49970000000000,13:52:50,49980000000000,10000000000,243,58,1226,3194,11658900,11659800,4.5000,0.771942
1578,49980000000000,13:53:00,49990000000000,10000000000,181,32,1027,2125,11659800,11661800,10.0000,1.715295
1579,49990000000000,13:53:10,50000000000000,10000000000,138,43,-1666,6794,11661800,11660500,-6.5000,-1.114751
1580,50000000000000,13:53:20,50010000000000,10000000000,128,34,1082,2208,11660500,11661900,7.0000,1.200635
1581,50010000000000,13:53:30,50020000000000,10000000000,191,37,408,2664,11661900,11661100,-4.0000,-0.685995
1582,50020000000000,13:53:40,50030000000000,10000000000,359,79,950,5502,11661100,11662100,5.0000,0.857552
1583,50030000000000,13:53:50,50040000000000,10000000000,181,33,-18,2066,11662100,11661800,-1.5000,-0.257244
1584,50040000000000,13:54:00,50050000000000,10000000000,46,10,-528,544,11661800,11660500,-6.5000,-1.114751
1585,50050000000000,13:54:10,50060000000000,10000000000,186,36,-708,2020,11660500,11656300,-21.0000,-3.601904
1586,50060000000000,13:54:20,50070000000000,10000000000,129,32,508,1324,11656300,11657900,8.0000,1.372648
1587,50070000000000,13:54:30,50080000000000,10000000000,32,17,-235,383,11657900,11657300,-3.0000,-0.514672
1588,50080000000000,13:54:40,50090000000000,10000000000,84,26,375,1155,11657300,11658600,6.5000,1.115181
1589,50090000000000,13:54:50,50100000000000,10000000000,52,17,-8,752,11658600,11657700,-4.5000,-0.771962
1590,50100000000000,13:55:00,50110000000000,10000000000,105,25,-249,935,11657700,11657500,-1.0000,-0.171560
1591,50110000000000,13:55:10,50120000000000,10000000000,310,88,1387,5347,11657500,11659700,11.0000,1.887197
1592,50120000000000,13:55:20,50130000000000,10000000000,173,37,-638,1612,11659700,11657300,-12.0000,-2.058372
1593,50130000000000,13:55:30,50140000000000,10000000000,130,30,-664,1244,11657300,11656100,-6.0000,-1.029398
1594,50140000000000,13:55:40,50150000000000,10000000000,77,16,103,541,11656100,11656600,2.5000,0.428960
1595,50150000000000,13:55:50,50160000000000,10000000000,52,21,67,1077,11656600,11657000,2.0000,0.343153
1596,50160000000000,13:56:00,50170000000000,10000000000,59,9,-367,575,11657000,11655800,-6.0000,-1.029424
1597,50170000000000,13:56:10,50180000000000,10000000000,85,11,403,897,11655800,11656500,3.5000,0.600559
1598,50180000000000,13:56:20,50190000000000,10000000000,56,11,-445,855,11656500,11655200,-6.5000,-1.115258
1599,50190000000000,13:56:30,50200000000000,10000000000,55,5,100,500,11655200,11655500,1.5000,0.257396
1600,50200000000000,13:56:40,50210000000000,10000000000,186,39,1844,3006,11655500,11660100,23.0000,3.946635
1601,50210000000000,13:56:50,50220000000000,10000000000,166,19,398,1246,11660100,11661700,8.0000,1.372201
1602,50220000000000,13:57:00,50230000000000,10000000000,206,51,419,2701,11661700,11663300,8.0000,1.372013
1603,50230000000000,13:57:10,50240000000000,10000000000,37,2,0,200,11663300,11663300,0.0000,0.000000
1604,50240000000000,13:57:20,50250000000000,10000000000,46,12,124,572,11663300,11663400,0.5000,0.085739
1605,50250000000000,13:57:30,50260000000000,10000000000,220,103,-760,9222,11663400,11663600,1.0000,0.171477
1606,50260000000000,13:57:40,50270000000000,10000000000,90,18,-128,760,11663600,11663600,0.0000,0.000000
1607,50270000000000,13:57:50,50280000000000,10000000000,32,8,254,478,11663600,11663600,0.0000,0.000000
1608,50280000000000,13:58:00,50290000000000,10000000000,72,24,412,1438,11663600,11665300,8.5000,1.457526
1609,50290000000000,13:58:10,50300000000000,10000000000,29,4,0,400,11665300,11665300,0.0000,0.000000
1610,50300000000000,13:58:20,50310000000000,10000000000,196,17,-616,1232,11665300,11663300,-10.0000,-1.714487
1611,50310000000000,13:58:30,50320000000000,10000000000,331,84,-2701,7255,11663300,11657800,-27.5000,-4.715647
1612,50320000000000,13:58:40,50330000000000,10000000000,165,36,467,1067,11657800,11660200,12.0000,2.058707
1613,50330000000000,13:58:50,50340000000000,10000000000,46,8,110,204,11660200,11660300,0.5000,0.085762
1614,50340000000000,13:59:00,50350000000000,10000000000,20,1,100,100,11660300,11661400,5.5000,0.943372
1615,50350000000000,13:59:10,50360000000000,10000000000,65,16,849,1257,11661400,11662800,7.0000,1.200542
1616,50360000000000,13:59:20,50370000000000,10000000000,14,2,200,200,11662800,11662900,0.5000,0.085743
1617,50370000000000,13:59:30,50380000000000,10000000000,66,13,129,1129,11662900,11663700,4.0000,0.685936
1618,50380000000000,13:59:40,50390000000000,10000000000,39,12,-12,828,11663700,11664000,1.5000,0.257208
1619,50390000000000,13:59:50,50400000000000,10000000000,206,40,-1128,3328,11664000,11659600,-22.0000,-3.772291
1620,50400000000000,14:00:00,50410000000000,10000000000,226,40,423,3139,11659600,11660700,5.5000,0.943429
1621,50410000000000,14:00:10,50420000000000,10000000000,136,27,1578,14438,11660700,11661500,4.0000,0.686065
1622,50420000000000,14:00:20,50430000000000,10000000000,91,23,-901,3245,11661500,11660500,-5.0000,-0.857523
1623,50430000000000,14:00:30,50440000000000,10000000000,99,21,1077,1457,11660500,11660900,2.0000,0.343038
1624,50440000000000,14:00:40,50450000000000,10000000000,166,41,-183,10513,11660900,11662300,7.0000,1.200593
1625,50450000000000,14:00:50,50460000000000,10000000000,161,57,96,6106,11662300,11663600,6.5000,1.114703
1626,50460000000000,14:01:00,50470000000000,10000000000,152,32,-824,2440,11663600,11659900,-18.5000,-3.172262
1627,50470000000000,14:01:10,50480000000000,10000000000,85,19,-24,1480,11659900,11659200,-3.5000,-0.600348
1628,50480000000000,14:01:20,50490000000000,10000000000,48,7,68,188,11659200,11659200,0.0000,0.000000
1629,50490000000000,14:01:30,50500000000000,10000000000,54,2,4,12,11659200,11659100,-0.5000,-0.085769
1630,50500000000000,14:01:40,50510000000000,10000000000,187,56,1034,3458,11659100,11661300,11.0000,1.886938
1631,50510000000000,14:01:50,50520000000000,10000000000,31,5,-114,314,11661300,11661000,-1.5000,-0.257261
1632,50520000000000,14:02:00,50530000000000,10000000000,41,7,-39,177,11661000,11660900,-0.5000,-0.085756
1633,50530000000000,14:02:10,50540000000000,10000000000,73,15,408,656,11660900,11661700,4.0000,0.686053
1634,50540000000000,14:02:20,50550000000000,10000000000,15,5,-100,302,11661700,11661300,-2.0000,-0.343003
1635,50550000000000,14:02:30,50560000000000,10000000000,76,29,250,1366,11661300,11661400,0.5000,0.085754
1636,50560000000000,14:02:40,50570000000000,10000000000,48,13,200,1074,11661400,11661400,0.0000,0.000000
1637,50570000000000,14:02:50,50580000000000,10000000000,39,11,100,1100,11661400,11662500,5.5000,0.943283
1638,50580000000000,14:03:00,50590000000000,10000000000,209,56,2752,6042,11662500,11665300,14.0000,2.400857
1639,50590000000000,14:03:10,50600000000000,10000000000,134,34,-470,2548,11665300,11663500,-9.0000,-1.543038
1640,50600000000000,14:03:20,50610000000000,10000000000,184,40,-1447,2461,11663500,11660300,-16.0000,-2.743602
1641,50610000000000,14:03:30,50620000000000,10000000000,14,0,0,0,11660300,11660300,0.0000,0.000000
1642,50620000000000,14:03:40,50630000000000,10000000000,94,22,466,808,11660300,11661200,4.5000,0.771850
1643,50630000000000,14:03:50,50640000000000,10000000000,137,15,-161,1261,11661200,11660100,-5.5000,-0.943299
1644,50640000000000,14:04:00,50650000000000,10000000000,123,25,500,3546,11660100,11662700,13.0000,2.229827
1645,50650000000000,14:04:10,50660000000000,10000000000,47,3,100,1100,11662700,11662900,1.0000,0.171487
1646,50660000000000,14:04:20,50670000000000,10000000000,111,31,515,2747,11662900,11664000,5.5000,0.943162
1647,50670000000000,14:04:30,50680000000000,10000000000,184,42,-188,2684,11664000,11662700,-6.5000,-1.114540
1648,50680000000000,14:04:40,50690000000000,10000000000,31,4,187,213,11662700,11662800,0.5000,0.085743
1649,50690000000000,14:04:50,50700000000000,10000000000,95,20,-151,271,11662800,11662400,-2.0000,-0.342971
1650,50700000000000,14:05:00,50710000000000,10000000000,39,17,-128,400,11662400,11662500,0.5000,0.085746
1651,50710000000000,14:05:10,50720000000000,10000000000,145,22,-706,1048,11662500,11659900,-13.0000,-2.229368
1652,50720000000000,14:05:20,50730000000000,10000000000,253,51,-1529,3089,11659900,11656700,-16.0000,-2.744449
1653,50730000000000,14:05:30,50740000000000,10000000000,88,10,-41,399,11656700,11656700,0.0000,0.000000
1654,50740000000000,14:05:40,50750000000000,10000000000,111,22,590,1884,11656700,11658100,7.0000,1.201026
1655,50750000000000,14:05:50,50760000000000,10000000000,116,41,-71,5145,11658100,11657900,-1.0000,-0.171555
1656,50760000000000,14:06:00,50770000000000,10000000000,49,9,196,702,11657900,11657500,-2.0000,-0.343115
1657,50770000000000,14:06:10,50780000000000,10000000000,95,23,-607,1807,11657500,11655900,-8.0000,-1.372507
1658,50780000000000,14:06:20,50790000000000,10000000000,104,30,451,2461,11655900,11655300,-3.0000,-0.514761
1659,50790000000000,14:06:30,50800000000000,10000000000,58,15,-200,1800,11655300,11655000,-1.5000,-0.257394
1660,50800000000000,14:06:40,50810000000000,10000000000,17,6,-341,541,11655000,11654600,-2.0000,-0.343200
1661,50810000000000,14:06:50,50820000000000,10000000000,54,14,41,1359,11654600,11654400,-1.0000,-0.171606
1662,50820000000000,14:07:00,50830000000000,10000000000,34,8,180,580,11654400,11654800,2.0000,0.343218
1663,50830000000000,14:07:10,50840000000000,10000000000,82,22,620,2020,11654800,11656400,8.0000,1.372825
1664,50840000000000,14:07:20,50850000000000,10000000000,95,29,-408,2908,11656400,11656000,-2.0000,-0.343159
1665,50850000000000,14:07:30,50860000000000,10000000000,60,17,-729,1329,11656000,11655100,-4.5000,-0.772135
1666,50860000000000,14:07:40,50870000000000,10000000000,184,36,-484,2208,11655100,11652600,-12.5000,-2.144984
1667,50870000000000,14:07:50,50880000000000,10000000000,259,35,-1759,4059,11652600,11648100,-22.5000,-3.861799
1668,50880000000000,14:08:00,50890000000000,10000000000,51,1,100,100,11648100,11648100,0.0000,0.000000
1669,50890000000000,14:08:10,50900000000000,10000000000,138,27,-736,1998,11648100,11646800,-6.5000,-1.116062
1670,50900000000000,14:08:20,50910000000000,10000000000,328,59,1756,5356,11646800,11651600,24.0000,4.121304
1671,50910000000000,14:08:30,50920000000000,10000000000,98,15,-25,1075,11651600,11651300,-1.5000,-0.257475
1672,50920000000000,14:08:40,50930000000000,10000000000,170,52,245,4201,11651300,11652500,6.0000,1.029928
1673,50930000000000,14:08:50,50940000000000,10000000000,63,19,504,1120,11652500,11653300,4.0000,0.686548
1674,50940000000000,14:09:00,50950000000000,10000000000,77,30,146,872,11653300,11652800,-2.5000,-0.429063
1675,50950000000000,14:09:10,50960000000000,10000000000,86,30,-1931,3253,11652800,11650000,-14.0000,-2.402856
1676,50960000000000,14:09:20,50970000000000,10000000000,27,6,-9,451,11650000,11650000,0.0000,0.000000
1677,50970000000000,14:09:30,50980000000000,10000000000,61,11,-20,980,11650000,11650100,0.5000,0.085837
1678,50980000000000,14:09:40,50990000000000,10000000000,97,34,985,3943,11650100,11651600,7.5000,1.287543
1679,50990000000000,14:09:50,51000000000000,10000000000,59,20,-308,1420,11651600,11651400,-1.0000,-0.171650
1680,51000000000000,14:10:00,51010000000000,10000000000,79,27,250,1626,11651400,11652300,4.5000,0.772439
1681,51010000000000,14:10:10,51020000000000,10000000000,129,41,454,3322,11652300,11653500,6.0000,1.029840
1682,51020000000000,14:10:20,51030000000000,10000000000,185,38,-818,3332,11653500,11652400,-5.5000,-0.943922
1683,51030000000000,14:10:30,51040000000000,10000000000,153,39,271,3453,11652400,11653800,7.0000,1.201469
1684,51040000000000,14:10:40,51050000000000,10000000000,89,17,-263,1175,11653800,11653500,-1.5000,-0.257427
1685,51050000000000,14:10:50,51060000000000,10000000000,28,9,-204,620,11653500,11652300,-6.0000,-1.029734
1686,51060000000000,14:11:00,51070000000000,10000000000,243,42,-457,3481,11652300,11649800,-12.5000,-2.145499
1687,51070000000000,14:11:10,51080000000000,10000000000,69,9,-233,633,11649800,11649300,-2.5000,-0.429192
1688,51080000000000,14:11:20,51090000000000,10000000000,191,50,-1109,4299,11649300,11648000,-6.5000,-1.115947
1689,51090000000000,14:11:30,51100000000000,10000000000,32,6,-291,355,11648000,11647300,-3.5000,-0.600962
1690,51100000000000,14:11:40,51110000000000,10000000000,147,25,351,2445,11647300,11648700,7.0000,1.201995
1691,51110000000000,14:11:50,51120000000000,10000000000,24,4,-142,258,11648700,11648600,-0.5000,-0.085846
1692,51120000000000,14:12:00,51130000000000,10000000000,107,27,-711,1551,11648600,11646800,-9.0000,-1.545250
1693,51130000000000,14:12:10,51140000000000,10000000000,432,37,-1212,3860,11646800,11643300,-17.5000,-3.005117
1694,51140000000000,14:12:20,51150000000000,10000000000,166,41,-405,6623,11643300,11641600,-8.5000,-1.460067
1695,51150000000000,14:12:30,51160000000000,10000000000,83,23,-89,1931,11641600,11641100,-2.5000,-0.429494
1696,51160000000000,14:12:40,51170000000000,10000000000,247,69,-5287,10387,11641100,11638300,-14.0000,-2.405271
1697,51170000000000,14:12:50,51180000000000,10000000000,109,35,-27,6227,11638300,11637800,-2.5000,-0.429616
1698,51180000000000,14:13:00,51190000000000,10000000000,107,25,0,4020,11637800,11638100,1.5000,0.257781
1699,51190000000000,14:13:10,51200000000000,10000000000,50,13,-100,946,11638100,11638100,0.0000,0.000000
1700,51200000000000,14:13:20,51210000000000,10000000000,34,12,-290,910,11638100,11637600,-2.5000,-0.429623
1701,51210000000000,14:13:30,51220000000000,10000000000,68,27,400,2600,11637600,11638300,3.5000,0.601499
1702,51220000000000,14:13:40,51230000000000,10000000000,168,67,1065,9065,11638300,11641000,13.5000,2.319926
1703,51230000000000,14:13:50,51240000000000,10000000000,120,39,-197,4653,11641000,11641400,2.0000,0.343613
1704,51240000000000,14:14:00,51250000000000,10000000000,172,35,100,4300,11641400,11641300,-0.5000,-0.085900
1705,51250000000000,14:14:10,51260000000000,10000000000,65,6,400,1400,11641300,11641500,1.0000,0.171802
1706,51260000000000,14:14:20,51270000000000,10000000000,52,13,-790,2102,11641500,11641000,-2.5000,-0.429498
1707,51270000000000,14:14:30,51280000000000,10000000000,245,69,-1399,5045,11641000,11638500,-12.5000,-2.147582
1708,51280000000000,14:14:40,51290000000000,10000000000,42,13,-421,871,11638500,11638400,-0.5000,-0.085922
1709,51290000000000,14:14:50,51300000000000,10000000000,230,50,1333,4729,11638400,11640100,8.5000,1.460682
1710,51300000000000,14:15:00,51310000000000,10000000000,73,17,-500,1328,11640100,11639200,-4.5000,-0.773189
1711,51310000000000,14:15:10,51320000000000,10000000000,106,17,499,1321,11639200,11639500,1.5000,0.257750
1712,51320000000000,14:15:20,51330000000000,10000000000,37,4,-200,400,11639500,11639100,-2.0000,-0.343657
1713,51330000000000,14:15:30,51340000000000,10000000000,64,12,-607,839,11639100,11638600,-2.5000,-0.429586
1714,51340000000000,14:15:40,51350000000000,10000000000,193,57,-1544,4800,11638600,11635600,-15.0000,-2.577630
1715,51350000000000,14:15:50,51360000000000,10000000000,66,18,-1621,2821,11635600,11634600,-5.0000,-0.859431
1716,51360000000000,14:16:00,51370000000000,10000000000,369,153,2491,16411,11634600,11638000,17.0000,2.922318
1717,51370000000000,14:16:10,51380000000000,10000000000,46,13,64,790,11638000,11637900,-0.5000,-0.085925
1718,51380000000000,14:16:20,51390000000000,10000000000,199,51,1057,5173,11637900,11637400,-2.5000,-0.429631
1719,51390000000000,14:16:30,51400000000000,10000000000,133,38,-107,3645,11637400,11636300,-5.5000,-0.945228
1720,51400000000000,14:16:40,51410000000000,10000000000,102,39,300,1780,11636300,11636200,-0.5000,-0.085938
1721,51410000000000,14:16:50,51420000000000,10000000000,40,10,-375,1217,11636200,11635500,-3.5000,-0.601571
1722,51420000000000,14:17:00,51430000000000,10000000000,109,18,348,1286,11635500,11636200,3.5000,0.601607
1723,51430000000000,14:17:10,51440000000000,10000000000,50,5,-100,638,11636200,11636400,1.0000,0.171877
1724,51440000000000,14:17:20,51450000000000,10000000000,37,11,-300,1120,11636400,11635800,-3.0000,-0.515623
1725,51450000000000,14:17:30,51460000000000,10000000000,142,23,937,2537,11635800,11637900,10.5000,1.804775
1726,51460000000000,14:17:40,51470000000000,10000000000,30,7,-122,522,11637900,11638100,1.0000,0.171852
1727,51470000000000,14:17:50,51480000000000,10000000000,37,6,-225,425,11638100,11637100,-5.0000,-0.859247
1728,51480000000000,14:18:00,51490000000000,10000000000,100,24,-250,1744,11637100,11636300,-4.0000,-0.687456
1729,51490000000000,14:18:10,51500000000000,10000000000,60,11,-484,684,11636300,11635500,-4.0000,-0.687504
1730,51500000000000,14:18:20,51510000000000,10000000000,68,20,89,1553,11635500,11636000,2.5000,0.429719
1731,51510000000000,14:18:30,51520000000000,10000000000,85,12,-9,1165,11636000,11635300,-3.5000,-0.601581
1732,51520000000000,14:18:40,51530000000000,10000000000,105,16,-91,891,11635300,11633800,-7.5000,-1.289180
1733,51530000000000,14:18:50,51540000000000,10000000000,213,28,683,1443,11633800,11634100,1.5000,0.257869
1734,51540000000000,14:19:00,51550000000000,10000000000,167,22,87,1761,11634100,11634100,0.0000,0.000000
1735,51550000000000,14:19:10,51560000000000,10000000000,174,31,-1072,2612,11634100,11631100,-15.0000,-2.578627
1736,51560000000000,14:19:20,51570000000000,10000000000,322,114,-3562,10036,11631100,11626200,-24.5000,-4.212843
1737,51570000000000,14:19:30,51580000000000,10000000000,423,126,-858,9904,11626200,11626200,0.0000,0.000000
1738,51580000000000,14:19:40,51590000000000,10000000000,178,33,-1119,2881,11626200,11624200,-10.0000,-1.720253
1739,51590000000000,14:19:50,51600000000000,10000000000,230,73,657,7283,11624200,11628300,20.5000,3.527124
1740,51600000000000,14:20:00,51610000000000,10000000000,361,147,2981,17161,11628300,11627700,-3.0000,-0.515983
1741,51610000000000,14:20:10,51620000000000,10000000000,91,14,-60,1160,11627700,11626800,-4.5000,-0.774014
1742,51620000000000,14:20:20,51630000000000,10000000000,240,67,-1753,6395,11626800,11624000,-14.0000,-2.408229
1743,51630000000000,14:20:30,51640000000000,10000000000,51,13,1450,2082,11624000,11624200,1.0000,0.172058
1744,51640000000000,14:20:40,51650000000000,10000000000,148,37,-1450,7420,11624200,11622700,-7.5000,-1.290411
1745,51650000000000,14:20:50,51660000000000,10000000000,75,12,-100,1308,11622700,11622700,0.0000,0.000000
1746,51660000000000,14:21:00,51670000000000,10000000000,218,36,824,2314,11622700,11624900,11.0000,1.892848
1747,51670000000000,14:21:10,51680000000000,10000000000,162,45,1212,4354,11624900,11628100,16.0000,2.752712
1748,51680000000000,14:21:20,51690000000000,10000000000,163,46,-836,4038,11628100,11627100,-5.0000,-0.859986
1749,51690000000000,14:21:30,51700000000000,10000000000,265,55,1878,4888,11627100,11630500,17.0000,2.924203
1750,51700000000000,14:21:40,51710000000000,10000000000,106,50,387,7441,11630500,11630100,-2.0000,-0.343923
1751,51710000000000,14:21:50,51720000000000,10000000000,91,22,272,2336,11630100,11630100,0.0000,0.000000
1752,51720000000000,14:22:00,51730000000000,10000000000,213,60,-3689,5089,11630100,11626300,-19.0000,-3.267384
1753,51730000000000,14:22:10,51740000000000,10000000000,139,25,494,1908,11626300,11627700,7.0000,1.204166
1754,51740000000000,14:22:20,51750000000000,10000000000,114,29,-739,1725,11627700,11626300,-7.0000,-1.204021
1755,51750000000000,14:22:30,51760000000000,10000000000,108,52,4241,11961,11626300,11627600,6.5000,1.118155
1756,51760000000000,14:22:40,51770000000000,10000000000,65,15,310,1178,11627600,11628700,5.5000,0.946025
1757,51770000000000,14:22:50,51780000000000,10000000000,152,34,-150,1754,11628700,11628200,-2.5000,-0.429971
1758,51780000000000,14:23:00,51790000000000,10000000000,165,50,-116,4814,11628200,11626500,-8.5000,-1.461963
1759,51790000000000,14:23:10,51800000000000,10000000000,229,48,-1033,4267,11626500,11623600,-14.5000,-2.494302
1760,51800000000000,14:23:20,51810000000000,10000000000,170,42,1035,2931,11623600,11625500,9.5000,1.634605
1761,51810000000000,14:23:30,51820000000000,10000000000,219,48,-566,4120,11625500,11625600,0.5000,0.086018
1762,51820000000000,14:23:40,51830000000000,10000000000,109,30,-265,2385,11625600,11625300,-1.5000,-0.258051
1763,51830000000000,14:23:50,51840000000000,10000000000,166,32,-919,2479,11625300,11622200,-15.5000,-2.666598
1764,51840000000000,14:24:00,51850000000000,10000000000,663,272,-5866,32874,11622200,11621000,-6.0000,-1.032507
1765,51850000000000,14:24:10,51860000000000,10000000000,360,86,-628,11800,11621000,11621200,1.0000,0.172102
1766,51860000000000,14:24:20,51870000000000,10000000000,180,24,-155,3345,11621200,11621600,2.0000,0.344199
1767,51870000000000,14:24:30,51880000000000,10000000000,127,18,203,1749,11621600,11621500,-0.5000,-0.086047
1768,51880000000000,14:24:40,51890000000000,10000000000,201,46,-245,3765,11621500,11620700,-4.0000,-0.688379
1769,51890000000000,14:24:50,51900000000000,10000000000,306,42,-86,3326,11620700,11620900,1.0000,0.172107
1770,51900000000000,14:25:00,51910000000000,10000000000,169,16,671,1613,11620900,11620900,0.0000,0.000000
1771,51910000000000,14:25:10,51920000000000,10000000000,219,39,1628,3744,11620900,11621100,1.0000,0.172104
1772,51920000000000,14:25:20,51930000000000,10000000000,342,76,193,8615,11621100,11622600,7.5000,1.290756
1773,51930000000000,14:25:30,51940000000000,10000000000,72,10,23,449,11622600,11622900,1.5000,0.258118
1774,51940000000000,14:25:40,51950000000000,10000000000,115,19,-95,1217,11622900,11623200,1.5000,0.258111
1775,51950000000000,14:25:50,51960000000000,10000000000,175,24,-559,1719,11623200,11621600,-8.0000,-1.376557
1776,51960000000000,14:26:00,51970000000000,10000000000,84,17,-545,1957,11621600,11621000,-3.0000,-0.516280
1777,51970000000000,14:26:10,51980000000000,10000000000,194,30,-949,1999,11621000,11619000,-10.0000,-1.721022
1778,51980000000000,14:26:20,51990000000000,10000000000,691,232,-11204,22870,11619000,11612000,-35.0000,-6.024615
1779,51990000000000,14:26:30,52000000000000,10000000000,214,20,540,3060,11612000,11612000,0.0000,0.000000
1780,52000000000000,14:26:40,52010000000000,10000000000,149,23,538,5066,11612000,11612500,2.5000,0.430589
1781,52010000000000,14:26:50,52020000000000,10000000000,268,52,-3381,5281,11612500,11608600,-19.5000,-3.358450
1782,52020000000000,14:27:00,52030000000000,10000000000,303,80,7292,23238,11608600,11611000,12.0000,2.067433
1783,52030000000000,14:27:10,52040000000000,10000000000,163,39,1937,4607,11611000,11613000,10.0000,1.722505
1784,52040000000000,14:27:20,52050000000000,10000000000,295,52,662,4958,11613000,11613800,4.0000,0.688883
1785,52050000000000,14:27:30,52060000000000,10000000000,196,36,929,3729,11613800,11613800,0.0000,0.000000
1786,52060000000000,14:27:40,52070000000000,10000000000,196,29,1049,3253,11613800,11614200,2.0000,0.344418
1787,52070000000000,14:27:50,52080000000000,10000000000,221,59,-2184,5590,11614200,11611400,-14.0000,-2.410842
1788,52080000000000,14:28:00,52090000000000,10000000000,176,25,1195,4195,11611400,11613300,9.5000,1.636323
1789,52090000000000,14:28:10,52100000000000,10000000000,115,22,109,2029,11613300,11612700,-3.0000,-0.516649
1790,52100000000000,14:28:20,52110000000000,10000000000,66,26,3991,11209,11612700,11612500,-1.0000,-0.172225
1791,52110000000000,14:28:30,52120000000000,10000000000,141,46,3400,15600,11612500,11612600,0.5000,0.086114
1792,52120000000000,14:28:40,52130000000000,10000000000,196,47,4717,13217,11612600,11613500,4.5000,0.775020
1793,52130000000000,14:28:50,52140000000000,10000000000,182,45,2282,4686,11613500,11615300,9.0000,1.549920
1794,52140000000000,14:29:00,52150000000000,10000000000,91,11,-95,1005,11615300,11614800,-2.5000,-0.430467
1795,52150000000000,14:29:10,52160000000000,10000000000,143,29,-768,2658,11614800,11614400,-2.0000,-0.344388
1796,52160000000000,14:29:20,52170000000000,10000000000,156,56,-1452,5226,11614400,11614200,-1.0000,-0.172200
1797,52170000000000,14:29:30,52180000000000,10000000000,129,21,300,1704,11614200,11615400,6.0000,1.033218
1798,52180000000000,14:29:40,52190000000000,10000000000,646,154,1655,9185,11615400,11617500,10.5000,1.807945
1799,52190000000000,14:29:50,52200000000000,10000000000,378,80,3324,5646,11617500,11621800,21.5000,3.701313
1800,52200000000000,14:30:00,52210000000000,10000000000,248,61,-1042,4574,11621800,11619500,-11.5000,-1.979039
1801,52210000000000,14:30:10,52220000000000,10000000000,98,12,-593,1207,11619500,11619300,-1.0000,-0.172124
1802,52220000000000,14:30:20,52230000000000,10000000000,463,74,1040,5790,11619300,11623000,18.5000,3.184357
1803,52230000000000,14:30:30,52240000000000,10000000000,82,7,300,520,11623000,11623200,1.0000,0.172073
1804,52240000000000,14:30:40,52250000000000,10000000000,258,67,650,5906,11623200,11624500,6.5000,1.118453
1805,52250000000000,14:30:50,52260000000000,10000000000,95,31,-342,4142,11624500,11623900,-3.0000,-0.516151
1806,52260000000000,14:31:00,52270000000000,10000000000,288,88,2875,6849,11623900,11625000,5.5000,0.946326
1807,52270000000000,14:31:10,52280000000000,10000000000,292,71,1215,5987,11625000,11627500,12.5000,2.150538
1808,52280000000000,14:31:20,52290000000000,10000000000,151,37,-201,3093,11627500,11627300,-1.0000,-0.172006
1809,52290000000000,14:31:30,52300000000000,10000000000,135,36,558,2232,11627300,11628500,6.0000,1.032054
1810,52300000000000,14:31:40,52310000000000,10000000000,77,12,-314,1714,11628500,11627800,-3.5000,-0.601969
1811,52310000000000,14:31:50,52320000000000,10000000000,117,27,2209,3875,11627800,11628900,5.5000,0.946009
1812,52320000000000,14:32:00,52330000000000,10000000000,65,17,-2141,3141,11628900,11628100,-4.0000,-0.687941
1813,52330000000000,14:32:10,52340000000000,10000000000,66,18,-223,1645,11628100,11627300,-4.0000,-0.687989
1814,52340000000000,14:32:20,52350000000000,10000000000,175,50,1097,4071,11627300,11628600,6.5000,1.118058
1815,52350000000000,14:32:30,52360000000000,10000000000,202,46,-192,2590,11628600,11628600,0.0000,0.000000
1816,52360000000000,14:32:40,52370000000000,10000000000,390,95,-1906,6350,11628600,11622100,-32.5000,-5.589667
1817,52370000000000,14:32:50,52380000000000,10000000000,137,26,624,1468,11622100,11624100,10.0000,1.720859
1818,52380000000000,14:33:00,52390000000000,10000000000,134,28,677,1827,11624100,11625800,8.5000,1.462479
1819,52390000000000,14:33:10,52400000000000,10000000000,150,36,-550,3248,11625800,11624800,-5.0000,-0.860156
1820,52400000000000,14:33:20,52410000000000,10000000000,106,19,-402,1032,11624800,11624700,-0.5000,-0.086023
1821,52410000000000,14:33:30,52420000000000,10000000000,77,28,-401,2435,11624700,11624600,-0.5000,-0.086024
1822,52420000000000,14:33:40,52430000000000,10000000000,215,56,-1109,4581,11624600,11623200,-7.0000,-1.204343
1823,52430000000000,14:33:50,52440000000000,10000000000,67,18,-180,846,11623200,11623200,0.0000,0.000000
1824,52440000000000,14:34:00,52450000000000,10000000000,109,30,652,2380,11623200,11624600,7.0000,1.204488
1825,52450000000000,14:34:10,52460000000000,10000000000,34,4,200,400,11624600,11624800,1.0000,0.172049
1826,52460000000000,14:34:20,52470000000000,10000000000,238,93,1082,8094,11624800,11628100,16.5000,2.838759
1827,52470000000000,14:34:30,52480000000000,10000000000,109,32,-114,2342,11628100,11626900,-6.0000,-1.031983
1828,52480000000000,14:34:40,52490000000000,10000000000,192,38,-864,2788,11626900,11625100,-9.0000,-1.548134
1829,52490000000000,14:34:50,52500000000000,10000000000,138,40,-372,2688,11625100,11624900,-1.0000,-0.172042
1830,52500000000000,14:35:00,52510000000000,10000000000,101,28,4928,6936,11624900,11625200,1.5000,0.258067
1831,52510000000000,14:35:10,52520000000000,10000000000,84,26,245,1077,11625200,11625700,2.5000,0.430100
1832,52520000000000,14:35:20,52530000000000,10000000000,82,17,334,1334,11625700,11625800,0.5000,0.086016
1833,52530000000000,14:35:30,52540000000000,10000000000,100,21,-505,1905,11625800,11624800,-5.0000,-0.860156
1834,52540000000000,14:35:40,52550000000000,10000000000,61,11,211,831,11624800,11625400,3.0000,0.516138
1835,52550000000000,14:35:50,52560000000000,10000000000,79,15,412,724,11625400,11626900,7.5000,1.290278
1836,52560000000000,14:36:00,52570000000000,10000000000,98,20,69,999,11626900,11627100,1.0000,0.172015
1837,52570000000000,14:36:10,52580000000000,10000000000,78,17,-336,754,11627100,11626400,-3.5000,-0.602042
1838,52580000000000,14:36:20,52590000000000,10000000000,58,11,-359,959,11626400,11625600,-4.0000,-0.688089
1839,52590000000000,14:36:30,52600000000000,10000000000,25,9,-202,604,11625600,11625200,-2.0000,-0.344068
1840,52600000000000,14:36:40,52610000000000,10000000000,347,115,-6804,11894,11625200,11623000,-11.0000,-1.892441
1841,52610000000000,14:36:50,52620000000000,10000000000,198,43,543,4535,11623000,11623300,1.5000,0.258109
1842,52620000000000,14:37:00,52630000000000,10000000000,71,21,684,1132,11623300,11623500,1.0000,0.172068
1843,52630000000000,14:37:10,52640000000000,10000000000,120,21,827,1627,11623500,11624500,5.0000,0.860326
1844,52640000000000,14:37:20,52650000000000,10000000000,135,23,1510,1910,11624500,11626600,10.5000,1.806529
1845,52650000000000,14:37:30,52660000000000,10000000000,153,20,-346,1354,11626600,11625900,-3.5000,-0.602068
1846,52660000000000,14:37:40,52670000000000,10000000000,181,60,-144,3084,11625900,11624700,-6.0000,-1.032178
1847,52670000000000,14:37:50,52680000000000,10000000000,131,28,703,1783,11624700,11626500,9.0000,1.548427
1848,52680000000000,14:38:00,52690000000000,10000000000,71,10,190,810,11626500,11626100,-2.0000,-0.344042
1849,52690000000000,14:38:10,52700000000000,10000000000,92,11,-508,716,11626100,11625000,-5.5000,-0.946147
1850,52700000000000,14:38:20,52710000000000,10000000000,106,26,-317,1151,11625000,11624000,-5.0000,-0.860215
1851,52710000000000,14:38:30,52720000000000,10000000000,75,18,-235,977,11624000,11624100,0.5000,0.086029
1852,52720000000000,14:38:40,52730000000000,10000000000,70,10,-201,409,11624100,11623600,-2.5000,-0.430141
1853,52730000000000,14:38:50,52740000000000,10000000000,47,14,74,744,11623600,11623700,0.5000,0.086032
1854,52740000000000,14:39:00,52750000000000,10000000000,221,85,-173,6827,11623700,11622500,-6.0000,-1.032374
1855,52750000000000,14:39:10,52760000000000,10000000000,84,36,-169,1739,11622500,11622200,-1.5000,-0.258120
1856,52760000000000,14:39:20,52770000000000,10000000000,120,37,591,3425,11622200,11623900,8.5000,1.462718
1857,52770000000000,14:39:30,52780000000000,10000000000,138,21,-82,2918,11623900,11624500,3.0000,0.516178
1858,52780000000000,14:39:40,52790000000000,10000000000,169,41,1712,2748,11624500,11626800,11.5000,1.978580
1859,52790000000000,14:39:50,52800000000000,10000000000,169,31,1131,1803,11626800,11628900,10.5000,1.806172
1860,52800000000000,14:40:00,52810000000000,10000000000,164,23,1193,1645,11628900,11630900,10.0000,1.719853
1861,52810000000000,14:40:10,52820000000000,10000000000,239,35,-1528,2450,11630900,11628300,-13.0000,-2.235425
1862,52820000000000,14:40:20,52830000000000,10000000000,74,10,-500,740,11628300,11627700,-3.0000,-0.515983
1863,52830000000000,14:40:30,52840000000000,10000000000,248,41,1563,2671,11627700,11631500,19.0000,3.268058
1864,52840000000000,14:40:40,52850000000000,10000000000,288,76,1211,5943,11631500,11634600,15.5000,2.665176
1865,52850000000000,14:40:50,52860000000000,10000000000,101,18,497,1511,11634600,11635100,2.5000,0.429753
1866,52860000000000,14:41:00,52870000000000,10000000000,147,32,-735,1953,11635100,11632900,-11.0000,-1.890830
1867,52870000000000,14:41:10,52880000000000,10000000000,85,11,332,540,11632900,11634300,7.0000,1.203483
1868,52880000000000,14:41:20,52890000000000,10000000000,209,53,188,2028,11634300,11636500,11.0000,1.890960
1869,52890000000000,14:41:30,52900000000000,10000000000,398,72,1820,3170,11636500,11640000,17.5000,3.007777
1870,52900000000000,14:41:40,52910000000000,10000000000,318,104,1280,5302,11640000,11642300,11.5000,1.975945
1871,52910000000000,14:41:50,52920000000000,10000000000,165,31,-38,2820,11642300,11642300,0.0000,0.000000
1872,52920000000000,14:42:00,52930000000000,10000000000,329,85,-1757,6489,11642300,11637900,-22.0000,-3.779322
1873,52930000000000,14:42:10,52940000000000,10000000000,234,41,-1732,3132,11637900,11633500,-22.0000,-3.780751
1874,52940000000000,14:42:20,52950000000000,10000000000,268,22,219,1835,11633500,11633900,2.0000,0.343835
1875,52950000000000,14:42:30,52960000000000,10000000000,157,32,-600,2832,11633900,11631500,-12.0000,-2.062937
1876,52960000000000,14:42:40,52970000000000,10000000000,162,31,-983,2383,11631500,11631400,-0.5000,-0.085973
1877,52970000000000,14:42:50,52980000000000,10000000000,165,29,-727,2529,11631400,11630200,-6.0000,-1.031690
1878,52980000000000,14:43:00,52990000000000,10000000000,94,10,203,803,11630200,11631500,6.5000,1.117780
1879,52990000000000,14:43:10,53000000000000,10000000000,73,12,200,1006,11631500,11630900,-3.0000,-0.515841
1880,53000000000000,14:43:20,53010000000000,10000000000,67,14,449,1049,11630900,11631900,5.0000,0.859779
1881,53010000000000,14:43:30,53020000000000,10000000000,193,53,1546,4586,11631900,11634600,13.5000,2.321203
1882,53020000000000,14:43:40,53030000000000,10000000000,225,79,205,4771,11634600,11634400,-1.0000,-0.171901
1883,53030000000000,14:43:50,53040000000000,10000000000,172,41,-4,3220,11634400,11632100,-11.5000,-1.976896
1884,53040000000000,14:44:00,53050000000000,10000000000,586,146,359,14593,11632100,11634700,13.0000,2.235194
1885,53050000000000,14:44:10,53060000000000,10000000000,193,61,-595,3047,11634700,11631100,-18.0000,-3.094192
1886,53060000000000,14:44:20,53070000000000,10000000000,54,10,-112,144,11631100,11630600,-2.5000,-0.429882
1887,53070000000000,14:44:30,53080000000000,10000000000,41,10,118,742,11630600,11630500,-0.5000,-0.085980
1888,53080000000000,14:44:40,53090000000000,10000000000,85,21,345,1545,11630500,11631100,3.0000,0.515885
1889,53090000000000,14:44:50,53100000000000,10000000000,107,31,-12,1672,11631100,11630900,-1.0000,-0.171953
1890,53100000000000,14:45:00,53110000000000,10000000000,35,9,414,618,11630900,11631400,2.5000,0.429889
1891,53110000000000,14:45:10,53120000000000,10000000000,27,10,-200,1000,11631400,11631300,-0.5000,-0.085974
1892,53120000000000,14:45:20,53130000000000,10000000000,179,36,316,2042,11631300,11631900,3.0000,0.515849
1893,53130000000000,14:45:30,53140000000000,10000000000,103,19,358,1166,11631900,11632800,4.5000,0.773734
1894,53140000000000,14:45:40,53150000000000,10000000000,293,71,-1658,6882,11632800,11629800,-15.0000,-2.578915
1895,53150000000000,14:45:50,53160000000000,10000000000,58,9,2,606,11629800,11629800,0.0000,0.000000
1896,53160000000000,14:46:00,53170000000000,10000000000,70,20,-514,1922,11629800,11629600,-1.0000,-0.171972
1897,53170000000000,14:46:10,53180000000000,10000000000,14,2,-116,116,11629600,11629600,0.0000,0.000000
1898,53180000000000,14:46:20,53190000000000,10000000000,128,51,-1656,3956,11629600,11627900,-8.5000,-1.461787
1899,53190000000000,14:46:30,53200000000000,10000000000,301,76,-1974,5082,11627900,11623900,-20.0000,-3.440002
1900,53200000000000,14:46:40,53210000000000,10000000000,147,22,65,1085,11623900,11623000,-4.5000,-0.774267
1901,53210000000000,14:46:50,53220000000000,10000000000,182,54,2082,3816,11623000,11625900,14.5000,2.495053
1902,53220000000000,14:47:00,53230000000000,10000000000,244,43,2967,3467,11625900,11629400,17.5000,3.010520
1903,53230000000000,14:47:10,53240000000000,10000000000,208,21,-75,1807,11629400,11627300,-10.5000,-1.805768
1904,53240000000000,14:47:20,53250000000000,10000000000,48,6,-117,335,11627300,11627000,-1.5000,-0.258013
1905,53250000000000,14:47:30,53260000000000,10000000000,47,5,-124,324,11627000,11626800,-1.0000,-0.172013
1906,53260000000000,14:47:40,53270000000000,10000000000,116,15,-457,707,11626800,11624900,-9.5000,-1.634156
1907,53270000000000,14:47:50,53280000000000,10000000000,77,4,284,316,11624900,11625700,4.0000,0.688178
1908,53280000000000,14:48:00,53290000000000,10000000000,116,31,-733,2273,11625700,11624000,-8.5000,-1.462278
1909,53290000000000,14:48:10,53300000000000,10000000000,93,19,-228,1000,11624000,11623500,-2.5000,-0.430145
1910,53300000000000,14:48:20,53310000000000,10000000000,31,4,-224,224,11623500,11623300,-1.0000,-0.172065
1911,53310000000000,14:48:30,53320000000000,10000000000,16,2,84,116,11623300,11623700,2.0000,0.344136
1912,53320000000000,14:48:40,53330000000000,10000000000,50,20,552,576,11623700,11624700,5.0000,0.860311
1913,53330000000000,14:48:50,53340000000000,10000000000,41,6,217,433,11624700,11625100,2.0000,0.344095
1914,53340000000000,14:49:00,53350000000000,10000000000,16,9,192,616,11625100,11625200,0.5000,0.086021
1915,53350000000000,14:49:10,53360000000000,10000000000,87,11,329,385,11625200,11626300,5.5000,0.946220
1916,53360000000000,14:49:20,53370000000000,10000000000,209,44,-32,2866,11626300,11626300,0.0000,0.000000
1917,53370000000000,14:49:30,53380000000000,10000000000,56,9,511,701,11626300,11627800,7.5000,1.290178
1918,53380000000000,14:49:40,53390000000000,10000000000,133,31,-320,1420,11627800,11626000,-9.0000,-1.548014
1919,53390000000000,14:49:50,53400000000000,10000000000,56,6,-303,511,11626000,11626000,0.0000,0.000000
1920,53400000000000,14:50:00,53410000000000,10000000000,137,32,110,2192,11626000,11626300,1.5000,0.258042
1921,53410000000000,14:50:10,53420000000000,10000000000,101,23,-500,1936,11626300,11625900,-2.0000,-0.344048
1922,53420000000000,14:50:20,53430000000000,10000000000,106,23,14,2014,11625900,11626100,1.0000,0.172030
1923,53430000000000,14:50:30,53440000000000,10000000000,99,29,-493,2713,11626100,11624300,-9.0000,-1.548241
1924,53440000000000,14:50:40,53450000000000,10000000000,74,7,78,522,11624300,11625500,6.0000,1.032320
1925,53450000000000,14:50:50,53460000000000,10000000000,105,11,-104,724,11625500,11624700,-4.0000,-0.688142
1926,53460000000000,14:51:00,53470000000000,10000000000,220,28,-233,1861,11624700,11623000,-8.5000,-1.462403
1927,53470000000000,14:51:10,53480000000000,10000000000,99,30,226,1788,11623000,11623700,3.5000,0.602254
1928,53480000000000,14:51:20,53490000000000,10000000000,201,57,2979,5407,11623700,11627400,18.5000,3.183152
1929,53490000000000,14:51:30,53500000000000,10000000000,243,45,199,3669,11627400,11627000,-2.0000,-0.344015
1930,53500000000000,14:51:40,53510000000000,10000000000,68,12,282,1390,11627000,11627700,3.5000,0.602047
1931,53510000000000,14:51:50,53520000000000,10000000000,183,43,1682,2942,11627700,11630200,12.5000,2.150038
1932,53520000000000,14:52:00,53530000000000,10000000000,169,37,1787,2987,11630200,11633700,17.5000,3.009407
1933,53530000000000,14:52:10,53540000000000,10000000000,81,6,185,415,11633700,11634500,4.0000,0.687657
1934,53540000000000,14:52:20,53550000000000,10000000000,124,23,-607,2207,11634500,11632200,-11.5000,-1.976879
1935,53550000000000,14:52:30,53560000000000,10000000000,207,38,1429,2087,11632200,11637500,26.5000,4.556318
1936,53560000000000,14:52:40,53570000000000,10000000000,260,60,428,4484,11637500,11638700,6.0000,1.031149
1937,53570000000000,14:52:50,53580000000000,10000000000,121,39,111,2485,11638700,11638600,-0.5000,-0.085920
1938,53580000000000,14:53:00,53590000000000,10000000000,496,144,-736,11428,11638600,11636400,-11.0000,-1.890262
1939,53590000000000,14:53:10,53600000000000,10000000000,71,13,283,1117,11636400,11636900,2.5000,0.429686
1940,53600000000000,14:53:20,53610000000000,10000000000,216,43,-1361,2925,11636900,11633300,-18.0000,-3.093607
1941,53610000000000,14:53:30,53620000000000,10000000000,152,30,-1200,1800,11633300,11629600,-18.5000,-3.180525
1942,53620000000000,14:53:40,53630000000000,10000000000,154,29,852,1724,11629600,11631700,10.5000,1.805737
1943,53630000000000,14:53:50,53640000000000,10000000000,77,16,203,761,11631700,11631700,0.0000,0.000000
1944,53640000000000,14:54:00,53650000000000,10000000000,145,28,1240,2274,11631700,11634000,11.5000,1.977355
1945,53650000000000,14:54:10,53660000000000,10000000000,228,45,-890,2998,11634000,11633400,-3.0000,-0.515730
1946,53660000000000,14:54:20,53670000000000,10000000000,173,38,-964,3006,11633400,11632300,-5.5000,-0.945553
1947,53670000000000,14:54:30,53680000000000,10000000000,196,62,-1722,4974,11632300,11629300,-15.0000,-2.579026
1948,53680000000000,14:54:40,53690000000000,10000000000,133,22,251,1861,11629300,11629100,-1.0000,-0.171979
1949,53690000000000,14:54:50,53700000000000,10000000000,113,18,641,1275,11629100,11630300,6.0000,1.031894
1950,53700000000000,14:55:00,53710000000000,10000000000,106,32,721,2575,11630300,11631800,7.5000,1.289735
1951,53710000000000,14:55:10,53720000000000,10000000000,47,13,100,1300,11631800,11631700,-0.5000,-0.085971
1952,53720000000000,14:55:20,53730000000000,10000000000,233,37,-348,2824,11631700,11631000,-3.5000,-0.601804
1953,53730000000000,14:55:30,53740000000000,10000000000,57,10,-740,1002,11631000,11631000,0.0000,0.000000
1954,53740000000000,14:55:40,53750000000000,10000000000,54,15,-200,836,11631000,11630700,-1.5000,-0.257931
1955,53750000000000,14:55:50,53760000000000,10000000000,223,72,-1234,8668,11630700,11627900,-14.0000,-2.407422
1956,53760000000000,14:56:00,53770000000000,10000000000,230,52,906,3386,11627900,11630200,11.5000,1.978001
1957,53770000000000,14:56:10,53780000000000,10000000000,77,18,183,1105,11630200,11630600,2.0000,0.343932
1958,53780000000000,14:56:20,53790000000000,10000000000,151,55,1573,5373,11630600,11633500,14.5000,2.493423
1959,53790000000000,14:56:30,53800000000000,10000000000,96,22,600,2002,11633500,11633300,-1.0000,-0.171917
1960,53800000000000,14:56:40,53810000000000,10000000000,127,16,244,958,11633300,11634500,6.0000,1.031522
1961,53810000000000,14:56:50,53820000000000,10000000000,37,9,193,707,11634500,11634900,2.0000,0.343805
1962,53820000000000,14:57:00,53830000000000,10000000000,140,33,-1036,1708,11634900,11632400,-12.5000,-2.148708
1963,53830000000000,14:57:10,53840000000000,10000000000,257,41,1944,2768,11632400,11636900,22.5000,3.868505
1964,53840000000000,14:57:20,53850000000000,10000000000,96,17,623,1223,11636900,11637700,4.0000,0.687468
1965,53850000000000,14:57:30,53860000000000,10000000000,39,7,193,607,11637700,11638300,3.0000,0.515566
1966,53860000000000,14:57:40,53870000000000,10000000000,268,83,-1027,16573,11638300,11635200,-15.5000,-2.663619
1967,53870000000000,14:57:50,53880000000000,10000000000,123,23,310,1370,11635200,11637400,11.0000,1.890814
1968,53880000000000,14:58:00,53890000000000,10000000000,135,48,-635,3825,11637400,11634800,-13.0000,-2.234176
1969,53890000000000,14:58:10,53900000000000,10000000000,53,22,-115,2115,11634800,11634800,0.0000,0.000000
1970,53900000000000,14:58:20,53910000000000,10000000000,27,5,100,700,11634800,11635700,4.5000,0.773541
1971,53910000000000,14:58:30,53920000000000,10000000000,83,15,616,1016,11635700,11638300,13.0000,2.234502
1972,53920000000000,14:58:40,53930000000000,10000000000,31,3,190,210,11638300,11638400,0.5000,0.085923
1973,53930000000000,14:58:50,53940000000000,10000000000,231,62,3438,7410,11638400,11642700,21.5000,3.694666
1974,53940000000000,14:59:00,53950000000000,10000000000,197,55,93,5409,11642700,11639700,-15.0000,-2.576722
1975,53950000000000,14:59:10,53960000000000,10000000000,170,25,-346,1796,11639700,11639700,0.0000,0.000000
1976,53960000000000,14:59:20,53970000000000,10000000000,181,56,-1227,3007,11639700,11638300,-7.0000,-1.202780
1977,53970000000000,14:59:30,53980000000000,10000000000,52,12,-217,1017,11638300,11638200,-0.5000,-0.085923
1978,53980000000000,14:59:40,53990000000000,10000000000,145,29,770,1660,11638200,11639200,5.0000,0.859239
1979,53990000000000,14:59:50,54000000000000,10000000000,176,35,-480,2898,11639200,11638400,-4.0000,-0.687332
1980,54000000000000,15:00:00,54010000000000,10000000000,171,35,-1135,2531,11638400,11636600,-9.0000,-1.546604
1981,54010000000000,15:00:10,54020000000000,10000000000,211,68,-1936,6948,11636600,11634400,-11.0000,-1.890587
1982,54020000000000,15:00:20,54030000000000,10000000000,117,37,983,2907,11634400,11635800,7.0000,1.203328
1983,54030000000000,15:00:30,54040000000000,10000000000,138,45,-935,4285,11635800,11634400,-7.0000,-1.203183
1984,54040000000000,15:00:40,54050000000000,10000000000,81,12,-407,807,11634400,11633400,-5.0000,-0.859520
1985,54050000000000,15:00:50,54060000000000,10000000000,170,37,-1352,3746,11633400,11631400,-10.0000,-1.719188
1986,54060000000000,15:01:00,54070000000000,10000000000,85,23,-534,1276,11631400,11630800,-3.0000,-0.515845
1987,54070000000000,15:01:10,54080000000000,10000000000,57,7,-32,432,11630800,11630500,-1.5000,-0.257936
1988,54080000000000,15:01:20,54090000000000,10000000000,45,11,-424,674,11630500,11630200,-1.5000,-0.257942
1989,54090000000000,15:01:30,54100000000000,10000000000,122,24,-693,2307,11630200,11629900,-1.5000,-0.257949
1990,54100000000000,15:01:40,54110000000000,10000000000,208,25,424,3838,11629900,11632700,14.0000,2.407587
1991,54110000000000,15:01:50,54120000000000,10000000000,71,13,-7,3007,11632700,11632700,0.0000,0.000000
1992,54120000000000,15:02:00,54130000000000,10000000000,132,32,938,2598,11632700,11634200,7.5000,1.289468
1993,54130000000000,15:02:10,54140000000000,10000000000,155,28,819,2153,11634200,11634800,3.0000,0.515721
1994,54140000000000,15:02:20,54150000000000,10000000000,74,18,412,1434,11634800,11634700,-0.5000,-0.085949
1995,54150000000000,15:02:30,54160000000000,10000000000,212,66,-300,5494,11634700,11634100,-3.0000,-0.515699
1996,54160000000000,15:02:40,54170000000000,10000000000,132,20,-637,1437,11634100,11632200,-9.5000,-1.633130
1997,54170000000000,15:02:50,54180000000000,10000000000,67,12,-286,822,11632200,11630800,-7.0000,-1.203556
1998,54180000000000,15:03:00,54190000000000,10000000000,102,17,222,1236,11630800,11632400,8.0000,1.375658
1999,54190000000000,15:03:10,54200000000000,10000000000,65,20,-210,1372,11632400,11631400,-5.0000,-0.859668
2000,54200000000000,15:03:20,54210000000000,10000000000,13,1,3,3,11631400,11631600,1.0000,0.171948
2001,54210000000000,15:03:30,54220000000000,10000000000,11,2,-112,112,11631600,11631600,0.0000,0.000000
2002,54220000000000,15:03:40,54230000000000,10000000000,195,35,-1393,2979,11631600,11630000,-8.0000,-1.375563
2003,54230000000000,15:03:50,54240000000000,10000000000,29,4,-107,307,11630000,11630100,0.5000,0.085985
2004,54240000000000,15:04:00,54250000000000,10000000000,105,25,1142,1562,11630100,11631700,8.0000,1.375741
2005,54250000000000,15:04:10,54260000000000,10000000000,113,18,452,1116,11631700,11634700,15.0000,2.579159
2006,54260000000000,15:04:20,54270000000000,10000000000,117,31,-942,1734,11634700,11632900,-9.0000,-1.547096
2007,54270000000000,15:04:30,54280000000000,10000000000,35,19,16,1184,11632900,11633400,2.5000,0.429815
2008,54280000000000,15:04:40,54290000000000,10000000000,88,16,-521,921,11633400,11630900,-12.5000,-2.148985
2009,54290000000000,15:04:50,54300000000000,10000000000,81,26,-107,1489,11630900,11629700,-6.0000,-1.031734
2010,54300000000000,15:05:00,54310000000000,10000000000,61,14,-280,1134,11629700,11629500,-1.0000,-0.171973
2011,54310000000000,15:05:10,54320000000000,10000000000,150,40,-1731,3021,11629500,11627800,-8.5000,-1.461800
2012,54320000000000,15:05:20,54330000000000,10000000000,234,52,-1317,4009,11627800,11628000,1.0000,0.172002
2013,54330000000000,15:05:30,54340000000000,10000000000,150,52,-2834,4130,11628000,11625000,-15.0000,-2.579979
2014,54340000000000,15:05:40,54350000000000,10000000000,176,46,1359,3929,11625000,11626400,7.0000,1.204301
2015,54350000000000,15:05:50,54360000000000,10000000000,55,8,-94,628,11626400,11627000,3.0000,0.516067
2016,54360000000000,15:06:00,54370000000000,10000000000,51,12,307,697,11627000,11628300,6.5000,1.118087
2017,54370000000000,15:06:10,54380000000000,10000000000,86,23,-500,1522,11628300,11627100,-6.0000,-1.031965
2018,54380000000000,15:06:20,54390000000000,10000000000,26,6,-500,900,11627100,11626500,-3.0000,-0.516036
2019,54390000000000,15:06:30,54400000000000,10000000000,40,6,-1400,2600,11626500,11626200,-1.5000,-0.258031
2020,54400000000000,15:06:40,54410000000000,10000000000,108,28,260,3602,11626200,11625200,-5.0000,-0.860126
2021,54410000000000,15:06:50,54420000000000,10000000000,80,15,226,1402,11625200,11625900,3.5000,0.602140
2022,54420000000000,15:07:00,54430000000000,10000000000,146,38,472,2520,11625900,11626900,5.0000,0.860148
2023,54430000000000,15:07:10,54440000000000,10000000000,207,75,-2786,5500,11626900,11626000,-4.5000,-0.774067
2024,54440000000000,15:07:20,54450000000000,10000000000,79,16,870,1328,11626000,11627000,5.0000,0.860141
2025,54450000000000,15:07:30,54460000000000,10000000000,236,61,3467,4757,11627000,11633400,32.0000,5.504429
2026,54460000000000,15:07:40,54470000000000,10000000000,347,38,-1431,3231,11633400,11630200,-16.0000,-2.750701
2027,54470000000000,15:07:50,54480000000000,10000000000,200,28,230,1764,11630200,11630800,3.0000,0.515898
2028,54480000000000,15:08:00,54490000000000,10000000000,90,13,67,557,11630800,11630400,-2.0000,-0.343914
2029,54490000000000,15:08:10,54500000000000,10000000000,92,16,129,945,11630400,11631000,3.0000,0.515889
2030,54500000000000,15:08:20,54510000000000,10000000000,72,13,-413,913,11631000,11630900,-0.5000,-0.085977
2031,54510000000000,15:08:30,54520000000000,10000000000,44,6,-170,460,11630900,11630600,-1.5000,-0.257934
2032,54520000000000,15:08:40,54530000000000,10000000000,39,2,-107,107,11630600,11630500,-0.5000,-0.085980
2033,54530000000000,15:08:50,54540000000000,10000000000,141,30,-561,2763,11630500,11627200,-16.5000,-2.837367
2034,54540000000000,15:09:00,54550000000000,10000000000,69,7,-318,718,11627200,11626800,-2.0000,-0.344021
2035,54550000000000,15:09:10,54560000000000,10000000000,49,10,-268,472,11626800,11627500,3.5000,0.602057
2036,54560000000000,15:09:20,54570000000000,10000000000,110,21,127,1163,11627500,11628400,4.5000,0.774027
2037,54570000000000,15:09:30,54580000000000,10000000000,34,6,200,332,11628400,11629200,4.0000,0.687971
2038,54580000000000,15:09:40,54590000000000,10000000000,100,12,-342,942,11629200,11627000,-11.0000,-1.891790
2039,54590000000000,15:09:50,54600000000000,10000000000,59,14,130,786,11627000,11627900,4.5000,0.774060
2040,54600000000000,15:10:00,54610000000000,10000000000,107,7,41,389,11627900,11627200,-3.5000,-0.602000
2041,54610000000000,15:10:10,54620000000000,10000000000,20,5,155,187,11627200,11628000,4.0000,0.688042
2042,54620000000000,15:10:20,54630000000000,10000000000,30,3,-120,120,11628000,11627400,-3.0000,-0.515996
2043,54630000000000,15:10:30,54640000000000,10000000000,49,16,-507,1907,11627400,11627100,-1.5000,-0.258011
2044,54640000000000,15:10:40,54650000000000,10000000000,24,4,-113,313,11627100,11627000,-0.5000,-0.086006
2045,54650000000000,15:10:50,54660000000000,10000000000,240,50,-1136,4840,11627000,11622800,-21.0000,-3.612282
2046,54660000000000,15:11:00,54670000000000,10000000000,114,3,-300,300,11622800,11622300,-2.5000,-0.430189
2047,54670000000000,15:11:10,54680000000000,10000000000,264,74,-3946,7130,11622300,11620900,-7.0000,-1.204581
2048,54680000000000,15:11:20,54690000000000,10000000000,47,12,15,2687,11620900,11621000,0.5000,0.086052
2049,54690000000000,15:11:30,54700000000000,10000000000,17,10,-960,2134,11621000,11621000,0.0000,0.000000
2050,54700000000000,15:11:40,54710000000000,10000000000,147,62,-1877,5455,11621000,11619000,-10.0000,-1.721022
2051,54710000000000,15:11:50,54720000000000,10000000000,36,4,-78,238,11619000,11618900,-0.5000,-0.086066
2052,54720000000000,15:12:00,54730000000000,10000000000,49,10,-205,625,11618900,11618900,0.0000,0.000000
2053,54730000000000,15:12:10,54740000000000,10000000000,116,24,-871,1321,11618900,11617900,-5.0000,-0.860667
2054,54740000000000,15:12:20,54750000000000,10000000000,74,22,-274,1534,11617900,11616600,-6.5000,-1.118963
2055,54750000000000,15:12:30,54760000000000,10000000000,33,12,-100,1152,11616600,11616600,0.0000,0.000000
2056,54760000000000,15:12:40,54770000000000,10000000000,187,50,1525,3565,11616600,11618300,8.5000,1.463423
2057,54770000000000,15:12:50,54780000000000,10000000000,114,17,-256,488,11618300,11617900,-2.0000,-0.344284
2058,54780000000000,15:13:00,54790000000000,10000000000,391,158,-359,19505,11617900,11620000,10.5000,1.807556
2059,54790000000000,15:13:10,54800000000000,10000000000,89,5,-207,407,11620000,11619500,-2.5000,-0.430293
2060,54800000000000,15:13:20,54810000000000,10000000000,255,55,506,2796,11619500,11623500,20.0000,3.442489
2061,54810000000000,15:13:30,54820000000000,10000000000,104,26,-434,1082,11623500,11623300,-1.0000,-0.172065
2062,54820000000000,15:13:40,54830000000000,10000000000,164,37,-1062,2480,11623300,11622000,-6.5000,-1.118443
2063,54830000000000,15:13:50,54840000000000,10000000000,305,62,1308,3454,11622000,11625700,18.5000,3.183617
2064,54840000000000,15:14:00,54850000000000,10000000000,143,25,-566,1012,11625700,11623600,-10.5000,-1.806343
2065,54850000000000,15:14:10,54860000000000,10000000000,98,20,371,661,11623600,11625500,9.5000,1.634605
2066,54860000000000,15:14:20,54870000000000,10000000000,45,10,198,704,11625500,11625300,-1.0000,-0.172036
2067,54870000000000,15:14:30,54880000000000,10000000000,321,46,420,2268,11625300,11627200,9.5000,1.634366
2068,54880000000000,15:14:40,54890000000000,10000000000,219,53,-2083,3013,11627200,11622000,-26.0000,-4.472272
2069,54890000000000,15:14:50,54900000000000,10000000000,138,40,-674,1132,11622000,11620300,-8.5000,-1.462743
2070,54900000000000,15:15:00,54910000000000,10000000000,94,11,-14,516,11620300,11620500,1.0000,0.172113
2071,54910000000000,15:15:10,54920000000000,10000000000,119,36,-716,1488,11620500,11618600,-9.5000,-1.635042
2072,54920000000000,15:15:20,54930000000000,10000000000,145,38,-235,1991,11618600,11618000,-3.0000,-0.516413
2073,54930000000000,15:15:30,54940000000000,10000000000,75,13,-523,627,11618000,11617200,-4.0000,-0.688587
2074,54940000000000,15:15:40,54950000000000,10000000000,496,147,-389,6573,11617200,11615700,-7.5000,-1.291189
2075,54950000000000,15:15:50,54960000000000,10000000000,271,121,2772,9896,11615700,11615800,0.5000,0.086090
2076,54960000000000,15:16:00,54970000000000,10000000000,235,54,1283,2625,11615800,11619200,17.0000,2.927048
2077,54970000000000,15:16:10,54980000000000,10000000000,231,80,-484,34836,11619200,11619800,3.0000,0.516387
2078,54980000000000,15:16:20,54990000000000,10000000000,149,31,-874,2650,11619800,11619100,-3.5000,-0.602420
2079,54990000000000,15:16:30,55000000000000,10000000000,227,76,-58,6584,11619100,11619900,4.0000,0.688521
2080,55000000000000,15:16:40,55010000000000,10000000000,383,107,-3554,7434,11619900,11617700,-11.0000,-1.893304
2081,55010000000000,15:16:50,55020000000000,10000000000,454,105,-4227,9961,11617700,11612300,-27.0000,-4.648080
2082,55020000000000,15:17:00,55030000000000,10000000000,282,111,-4867,9611,11612300,11607800,-22.5000,-3.875201
2083,55030000000000,15:17:10,55040000000000,10000000000,1105,314,58,27164,11607800,11610200,12.0000,2.067575
2084,55040000000000,15:17:20,55050000000000,10000000000,225,42,1234,3928,11610200,11611900,8.5000,1.464230
2085,55050000000000,15:17:30,55060000000000,10000000000,203,30,-581,2459,11611900,11609200,-13.5000,-2.325201
2086,55060000000000,15:17:40,55070000000000,10000000000,131,14,-810,1310,11609200,11608100,-5.5000,-0.947524
2087,55070000000000,15:17:50,55080000000000,10000000000,68,10,90,718,11608100,11608800,3.5000,0.603027
2088,55080000000000,15:18:00,55090000000000,10000000000,108,27,-359,2243,11608800,11607400,-7.0000,-1.205982
2089,55090000000000,15:18:10,55100000000000,10000000000,95,21,-1393,1657,11607400,11606700,-3.5000,-0.603064
2090,55100000000000,15:18:20,55110000000000,10000000000,114,29,2803,3425,11606700,11609500,14.0000,2.412400
2091,55110000000000,15:18:30,55120000000000,10000000000,122,35,146,2768,11609500,11611300,9.0000,1.550454
2092,55120000000000,15:18:40,55130000000000,10000000000,170,32,260,3002,11611300,11611300,0.0000,0.000000
2093,55130000000000,15:18:50,55140000000000,10000000000,173,25,-595,2099,11611300,11610800,-2.5000,-0.430615
2094,55140000000000,15:19:00,55150000000000,10000000000,231,37,-1156,3132,11610800,11609300,-7.5000,-1.291901
2095,55150000000000,15:19:10,55160000000000,10000000000,284,104,-5166,11170,11609300,11605500,-19.0000,-3.273238
2096,55160000000000,15:19:20,55170000000000,10000000000,459,121,-1394,10520,11605500,11603500,-10.0000,-1.723321
2097,55170000000000,15:19:30,55180000000000,10000000000,260,68,-578,8254,11603500,11603100,-2.0000,-0.344724
2098,55180000000000,15:19:40,55190000000000,10000000000,889,725,-24731,86223,11603100,11601000,-10.5000,-1.809861
2099,55190000000000,15:19:50,55200000000000,10000000000,1195,496,-8865,56017,11601000,11592700,-41.5000,-7.154556
2100,55200000000000,15:20:00,55210000000000,10000000000,389,79,-730,10784,11592700,11591900,-4.0000,-0.690089
2101,55210000000000,15:20:10,55220000000000,10000000000,682,94,280,9884,11591900,11593000,5.5000,0.948938
2102,55220000000000,15:20:20,55230000000000,10000000000,431,183,-314,20992,11593000,11592200,-4.0000,-0.690072
2103,55230000000000,15:20:30,55240000000000,10000000000,276,90,700,8548,11592200,11593600,7.0000,1.207709
2104,55240000000000,15:20:40,55250000000000,10000000000,231,58,-1558,4598,11593600,11590900,-13.5000,-2.328871
2105,55250000000000,15:20:50,55260000000000,10000000000,318,103,-2245,9981,11590900,11588900,-10.0000,-1.725492
2106,55260000000000,15:21:00,55270000000000,10000000000,430,124,3266,14484,11588900,11591500,13.0000,2.243526
2107,55270000000000,15:21:10,55280000000000,10000000000,496,163,-2316,13736,11591500,11586200,-26.5000,-4.572316
2108,55280000000000,15:21:20,55290000000000,10000000000,335,69,367,4821,11586200,11587400,6.0000,1.035715
2109,55290000000000,15:21:30,55300000000000,10000000000,162,60,682,4630,11587400,11588200,4.0000,0.690405
2110,55300000000000,15:21:40,55310000000000,10000000000,103,20,-500,1978,11588200,11587500,-3.5000,-0.604063
2111,55310000000000,15:21:50,55320000000000,10000000000,409,105,2818,8042,11587500,11592500,25.0000,4.314995
2112,55320000000000,15:22:00,55330000000000,10000000000,282,49,464,2984,11592500,11593000,2.5000,0.431313
2113,55330000000000,15:22:10,55340000000000,10000000000,362,101,-496,7344,11593000,11593400,2.0000,0.345036
2114,55340000000000,15:22:20,55350000000000,10000000000,181,37,-529,9497,11593400,11591800,-8.0000,-1.380096
2115,55350000000000,15:22:30,55360000000000,10000000000,286,68,-1878,5200,11591800,11590400,-7.0000,-1.207750
2116,55360000000000,15:22:40,55370000000000,10000000000,134,34,-38,4102,11590400,11590100,-1.5000,-0.258835
2117,55370000000000,15:22:50,55380000000000,10000000000,403,103,1686,8574,11590100,11593300,16.0000,2.760977
2118,55380000000000,15:23:00,55390000000000,10000000000,193,33,309,3179,11593300,11592500,-4.0000,-0.690054
2119,55390000000000,15:23:10,55400000000000,10000000000,237,62,1000,5734,11592500,11593800,6.5000,1.121415
2120,55400000000000,15:23:20,55410000000000,10000000000,379,44,1491,3715,11593800,11596800,15.0000,2.587590
2121,55410000000000,15:23:30,55420000000000,10000000000,344,107,2564,9308,11596800,11597500,3.5000,0.603615
2122,55420000000000,15:23:40,55430000000000,10000000000,264,56,569,5459,11597500,11597100,-2.0000,-0.344902
2123,55430000000000,15:23:50,55440000000000,10000000000,231,47,601,4101,11597100,11597600,2.5000,0.431142
2124,55440000000000,15:24:00,55450000000000,10000000000,438,83,-2459,8381,11597600,11594000,-18.0000,-3.104091
2125,55450000000000,15:24:10,55460000000000,10000000000,588,219,6740,23536,11594000,11597100,15.5000,2.673797
2126,55460000000000,15:24:20,55470000000000,10000000000,412,167,7769,27911,11597100,11596600,-2.5000,-0.431142
2127,55470000000000,15:24:30,55480000000000,10000000000,297,132,3567,18169,11596600,11596000,-3.0000,-0.517393
2128,55480000000000,15:24:40,55490000000000,10000000000,157,40,-298,2316,11596000,11595500,-2.5000,-0.431183
2129,55490000000000,15:24:50,55500000000000,10000000000,721,367,12338,42652,11595500,11602000,32.5000,5.605623
2130,55500000000000,15:25:00,55510000000000,10000000000,583,154,-474,10146,11602000,11598900,-15.5000,-2.671953
2131,55510000000000,15:25:10,55520000000000,10000000000,299,67,-1412,4756,11598900,11597900,-5.0000,-0.862151
2132,55520000000000,15:25:20,55530000000000,10000000000,341,94,3235,8121,11597900,11600600,13.5000,2.328008
2133,55530000000000,15:25:30,55540000000000,10000000000,745,139,967,10869,11600600,11601000,2.0000,0.344810
2134,55540000000000,15:25:40,55550000000000,10000000000,383,99,133,7871,11601000,11603100,10.5000,1.810189
2135,55550000000000,15:25:50,55560000000000,10000000000,278,62,-1457,12049,11603100,11601100,-10.0000,-1.723677
2136,55560000000000,15:26:00,55570000000000,10000000000,164,22,315,2015,11601100,11602800,8.5000,1.465378
2137,55570000000000,15:26:10,55580000000000,10000000000,89,33,-644,3310,11602800,11602000,-4.0000,-0.689489
2138,55580000000000,15:26:20,55590000000000,10000000000,205,69,-3005,6275,11602000,11599400,-13.0000,-2.240993
2139,55590000000000,15:26:30,55600000000000,10000000000,364,95,509,9885,11599400,11602100,13.5000,2.327707
2140,55600000000000,15:26:40,55610000000000,10000000000,249,34,-714,2542,11602100,11599100,-15.0000,-2.585739
2141,55610000000000,15:26:50,55620000000000,10000000000,82,11,-432,1052,11599100,11598600,-2.5000,-0.431068
2142,55620000000000,15:27:00,55630000000000,10000000000,100,11,-216,836,11598600,11597700,-4.5000,-0.775956
2143,55630000000000,15:27:10,55640000000000,10000000000,196,45,1648,3352,11597700,11600700,15.0000,2.586720
2144,55640000000000,15:27:20,55650000000000,10000000000,286,60,788,5650,11600700,11602400,8.5000,1.465429
2145,55650000000000,15:27:30,55660000000000,10000000000,309,68,-244,5342,11602400,11600100,-11.5000,-1.982348
2146,55660000000000,15:27:40,55670000000000,10000000000,236,62,-606,4742,11600100,11599400,-3.5000,-0.603443
2147,55670000000000,15:27:50,55680000000000,10000000000,116,14,-531,1331,11599400,11598700,-3.5000,-0.603479
2148,55680000000000,15:28:00,55690000000000,10000000000,151,14,471,969,11598700,11600200,7.5000,1.293248
2149,55690000000000,15:28:10,55700000000000,10000000000,237,46,-1091,5203,11600200,11597600,-13.0000,-2.241341
2150,55700000000000,15:28:20,55710000000000,10000000000,122,40,-894,3408,11597600,11596200,-7.0000,-1.207146
2151,55710000000000,15:28:30,55720000000000,10000000000,259,49,416,3880,11596200,11597300,5.5000,0.948587
2152,55720000000000,15:28:40,55730000000000,10000000000,31,9,64,1142,11597300,11597600,1.5000,0.258681
2153,55730000000000,15:28:50,55740000000000,10000000000,222,48,-113,4549,11597600,11597200,-2.0000,-0.344899
2154,55740000000000,15:29:00,55750000000000,10000000000,238,63,3182,6060,11597200,11600600,17.0000,2.931742
2155,55750000000000,15:29:10,55760000000000,10000000000,185,46,1619,4875,11600600,11602700,10.5000,1.810251
2156,55760000000000,15:29:20,55770000000000,10000000000,260,41,-2450,3250,11602700,11599300,-17.0000,-2.930352
2157,55770000000000,15:29:30,55780000000000,10000000000,334,84,2514,6386,11599300,11601700,12.0000,2.069090
2158,55780000000000,15:29:40,55790000000000,10000000000,374,54,-1609,3621,11601700,11598400,-16.5000,-2.844411
2159,55790000000000,15:29:50,55800000000000,10000000000,251,69,-584,4060,11598400,11596300,-10.5000,-1.810595
2160,55800000000000,15:30:00,55810000000000,10000000000,68,22,-1,885,11596300,11596400,0.5000,0.086234
2161,55810000000000,15:30:10,55820000000000,10000000000,871,336,956,31716,11596400,11589600,-34.0000,-5.863889
2162,55820000000000,15:30:20,55830000000000,10000000000,285,83,1208,7720,11589600,11590800,6.0000,1.035411
2163,55830000000000,15:30:30,55840000000000,10000000000,156,36,52,2356,11590800,11588700,-10.5000,-1.811782
2164,55840000000000,15:30:40,55850000000000,10000000000,839,264,2898,25250,11588700,11593700,25.0000,4.314548
2165,55850000000000,15:30:50,55860000000000,10000000000,526,185,-1596,16158,11593700,11591700,-10.0000,-1.725075
2166,55860000000000,15:31:00,55870000000000,10000000000,202,67,-1423,5419,11591700,11589400,-11.5000,-1.984178
2167,55870000000000,15:31:10,55880000000000,10000000000,245,62,-2632,5096,11589400,11587300,-10.5000,-1.812001
2168,55880000000000,15:31:20,55890000000000,10000000000,140,36,352,1582,11587300,11588500,6.0000,1.035617
2169,55890000000000,15:31:30,55900000000000,10000000000,71,29,-901,1757,11588500,11587100,-7.0000,-1.208094
2170,55900000000000,15:31:40,55910000000000,10000000000,191,103,-2037,8817,11587100,11585900,-6.0000,-1.035634
2171,55910000000000,15:31:50,55920000000000,10000000000,456,129,-6398,10642,11585900,11581400,-22.5000,-3.884031
2172,55920000000000,15:32:00,55930000000000,10000000000,230,85,-2713,5461,11581400,11579900,-7.5000,-1.295180
2173,55930000000000,15:32:10,55940000000000,10000000000,247,78,1442,5492,11579900,11580600,3.5000,0.604496
2174,55940000000000,15:32:20,55950000000000,10000000000,126,31,-284,2552,11580600,11580400,-1.0000,-0.172703
2175,55950000000000,15:32:30,55960000000000,10000000000,193,43,-271,2409,11580400,11579500,-4.5000,-0.777175
2176,55960000000000,15:32:40,55970000000000,10000000000,117,34,-728,2386,11579500,11578900,-3.0000,-0.518157
2177,55970000000000,15:32:50,55980000000000,10000000000,156,68,37,6067,11578900,11578400,-2.5000,-0.431820
2178,55980000000000,15:33:00,55990000000000,10000000000,325,44,1302,4404,11578400,11579900,7.5000,1.295516
2179,55990000000000,15:33:10,56000000000000,10000000000,328,61,278,4288,11579900,11581700,9.0000,1.554418
2180,56000000000000,15:33:20,56010000000000,10000000000,304,63,-1594,4442,11581700,11578900,-14.0000,-2.417607
2181,56010000000000,15:33:30,56020000000000,10000000000,503,138,-4871,10943,11578900,11572200,-33.5000,-5.786387
2182,56020000000000,15:33:40,56030000000000,10000000000,536,159,-1646,12454,11572200,11571300,-4.5000,-0.777726
2183,56030000000000,15:33:50,56040000000000,10000000000,969,341,8259,27471,11571300,11583400,60.5000,10.456906
2184,56040000000000,15:34:00,56050000000000,10000000000,719,202,-9512,17084,11583400,11567800,-78.0000,-13.467548
2185,56050000000000,15:34:10,56060000000000,10000000000,837,402,-9785,28049,11567800,11559900,-39.5000,-6.829302
2186,56060000000000,15:34:20,56070000000000,10000000000,435,87,3324,8772,11559900,11567100,36.0000,6.228428
2187,56070000000000,15:34:30,56080000000000,10000000000,169,46,-1931,4259,11567100,11564900,-11.0000,-1.901946
2188,56080000000000,15:34:40,56090000000000,10000000000,423,99,5964,14242,11564900,11567900,15.0000,2.594056
2189,56090000000000,15:34:50,56100000000000,10000000000,193,39,-516,3406,11567900,11566900,-5.0000,-0.864461
2190,56100000000000,15:35:00,56110000000000,10000000000,295,73,2737,9483,11566900,11571400,22.5000,3.890411
2191,56110000000000,15:35:10,56120000000000,10000000000,339,69,-998,4236,11571400,11570800,-3.0000,-0.518520
2192,56120000000000,15:35:20,56130000000000,10000000000,242,93,1146,7010,11570800,11572400,8.0000,1.382791
2193,56130000000000,15:35:30,56140000000000,10000000000,97,38,-251,2599,11572400,11572300,-0.5000,-0.086412
2194,56140000000000,15:35:40,56150000000000,10000000000,209,45,-2093,3609,11572300,11569200,-15.5000,-2.678811
2195,56150000000000,15:35:50,56160000000000,10000000000,339,90,-1244,6792,11569200,11566200,-15.0000,-2.593092
2196,56160000000000,15:36:00,56170000000000,10000000000,336,164,3673,15091,11566200,11567500,6.5000,1.123965
2197,56170000000000,15:36:10,56180000000000,10000000000,923,367,-785,26875,11567500,11568100,3.0000,0.518695
2198,56180000000000,15:36:20,56190000000000,10000000000,288,63,-1184,3880,11568100,11567200,-4.5000,-0.778002
2199,56190000000000,15:36:30,56200000000000,10000000000,289,83,1734,6332,11567200,11569500,11.5000,1.988381
2200,56200000000000,15:36:40,56210000000000,10000000000,265,52,-63,3743,11569500,11569800,1.5000,0.259302
2201,56210000000000,15:36:50,56220000000000,10000000000,329,76,-1630,7184,11569800,11567800,-10.0000,-1.728638
2202,56220000000000,15:37:00,56230000000000,10000000000,134,26,-50,1496,11567800,11567300,-2.5000,-0.432234
2203,56230000000000,15:37:10,56240000000000,10000000000,157,53,802,3842,11567300,11568100,4.0000,0.691605
2204,56240000000000,15:37:20,56250000000000,10000000000,328,84,2817,6103,11568100,11575200,35.5000,6.137568
2205,56250000000000,15:37:30,56260000000000,10000000000,288,51,-1566,3676,11575200,11570500,-23.5000,-4.060405
2206,56260000000000,15:37:40,56270000000000,10000000000,226,62,1988,3878,11570500,11574500,20.0000,3.457068
2207,56270000000000,15:37:50,56280000000000,10000000000,85,16,42,810,11574500,11574300,-1.0000,-0.172794
2208,56280000000000,15:38:00,56290000000000,10000000000,170,41,-232,6176,11574300,11574100,-1.0000,-0.172797
2209,56290000000000,15:38:10,56300000000000,10000000000,318,101,-6095,11181,11574100,11569300,-24.0000,-4.147191
2210,56300000000000,15:38:20,56310000000000,10000000000,341,123,5234,11716,11569300,11575700,32.0000,5.531882
2211,56310000000000,15:38:30,56320000000000,10000000000,319,83,1268,5530,11575700,11576100,2.0000,0.345551
2212,56320000000000,15:38:40,56330000000000,10000000000,228,88,1704,8498,11576100,11578200,10.5000,1.814082
2213,56330000000000,15:38:50,56340000000000,10000000000,374,77,-2600,6876,11578200,11575400,-14.0000,-2.418338
2214,56340000000000,15:39:00,56350000000000,10000000000,277,83,-2259,5579,11575400,11571900,-17.5000,-3.023654
2215,56350000000000,15:39:10,56360000000000,10000000000,212,70,-3583,6015,11571900,11568800,-15.5000,-2.678903
2216,56360000000000,15:39:20,56370000000000,10000000000,244,49,1023,4171,11568800,11572600,19.0000,3.284697
2217,56370000000000,15:39:30,56380000000000,10000000000,106,21,-638,1440,11572600,11570600,-10.0000,-1.728220
2218,56380000000000,15:39:40,56390000000000,10000000000,131,31,-308,3490,11570600,11568100,-12.5000,-2.160649
2219,56390000000000,15:39:50,56400000000000,10000000000,86,24,-50,1798,11568100,11568100,0.0000,0.000000
2220,56400000000000,15:40:00,56410000000000,10000000000,204,70,-1431,4901,11568100,11565700,-12.0000,-2.074671
2221,56410000000000,15:40:10,56420000000000,10000000000,176,76,-192,6334,11565700,11564800,-4.5000,-0.778163
2222,56420000000000,15:40:20,56430000000000,10000000000,269,75,1214,4756,11564800,11566700,9.5000,1.642916
2223,56430000000000,15:40:30,56440000000000,10000000000,264,68,1670,4936,11566700,11569600,14.5000,2.507197
2224,56440000000000,15:40:40,56450000000000,10000000000,205,54,-1284,3952,11569600,11567500,-10.5000,-1.815102
2225,56450000000000,15:40:50,56460000000000,10000000000,391,138,2116,10890,11567500,11571000,17.5000,3.025719
2226,56460000000000,15:41:00,56470000000000,10000000000,150,45,-45,3767,11571000,11571000,0.0000,0.000000
2227,56470000000000,15:41:10,56480000000000,10000000000,287,102,565,8101,11571000,11572200,6.0000,1.037075
2228,56480000000000,15:41:20,56490000000000,10000000000,534,198,-1570,29950,11572200,11568700,-17.5000,-3.024490
2229,56490000000000,15:41:30,56500000000000,10000000000,86,19,-100,2512,11568700,11568700,0.0000,0.000000
2230,56500000000000,15:41:40,56510000000000,10000000000,355,163,5241,29279,11568700,11568800,0.5000,0.086440
2231,56510000000000,15:41:50,56520000000000,10000000000,129,27,1368,1988,11568800,11570700,9.5000,1.642348
2232,56520000000000,15:42:00,56530000000000,10000000000,235,76,1543,6607,11570700,11572700,10.0000,1.728504
2233,56530000000000,15:42:10,56540000000000,10000000000,141,37,-1983,2783,11572700,11570600,-10.5000,-1.814615
2234,56540000000000,15:42:20,56550000000000,10000000000,290,91,-1400,9310,11570600,11568800,-9.0000,-1.555667
2235,56550000000000,15:42:30,56560000000000,10000000000,160,41,33,3825,11568800,11568800,0.0000,0.000000
2236,56560000000000,15:42:40,56570000000000,10000000000,106,44,-1202,3288,11568800,11566500,-11.5000,-1.988106
2237,56570000000000,15:42:50,56580000000000,10000000000,142,38,602,3102,11566500,11567300,4.0000,0.691653
2238,56580000000000,15:43:00,56590000000000,10000000000,176,51,1536,4102,11567300,11568100,4.0000,0.691605
2239,56590000000000,15:43:10,56600000000000,10000000000,67,8,-300,900,11568100,11567800,-1.5000,-0.259334
2240,56600000000000,15:43:20,56610000000000,10000000000,58,18,332,1288,11567800,11568200,2.0000,0.345787
2241,56610000000000,15:43:30,56620000000000,10000000000,412,158,-4320,13216,11568200,11564200,-20.0000,-3.457755
2242,56620000000000,15:43:40,56630000000000,10000000000,254,82,-538,7328,11564200,11564200,0.0000,0.000000
2243,56630000000000,15:43:50,56640000000000,10000000000,179,66,-438,5554,11564200,11564400,1.0000,0.172948
2244,56640000000000,15:44:00,56650000000000,10000000000,245,59,2741,5405,11564400,11567700,16.5000,2.853585
2245,56650000000000,15:44:10,56660000000000,10000000000,232,43,320,3758,11567700,11567400,-1.5000,-0.259343
2246,56660000000000,15:44:20,56670000000000,10000000000,237,53,-2073,4597,11567400,11565300,-10.5000,-1.815447
2247,56670000000000,15:44:30,56680000000000,10000000000,105,26,-190,2052,11565300,11565800,2.5000,0.432328
2248,56680000000000,15:44:40,56690000000000,10000000000,276,80,-1646,6544,11565800,11564000,-9.0000,-1.556313
2249,56690000000000,15:44:50,56700000000000,10000000000,254,76,1745,6415,11564000,11566600,13.0000,2.248357
2250,56700000000000,15:45:00,56710000000000,10000000000,696,250,-7386,22112,11566600,11562300,-21.5000,-3.717601
2251,56710000000000,15:45:10,56720000000000,10000000000,343,134,1210,16966,11562300,11560800,-7.5000,-1.297320
2252,56720000000000,15:45:20,56730000000000,10000000000,168,66,-1189,5361,11560800,11559000,-9.0000,-1.556986
2253,56730000000000,15:45:30,56740000000000,10000000000,663,318,971,29483,11559000,11553800,-26.0000,-4.498659
2254,56740000000000,15:45:40,56750000000000,10000000000,337,89,1182,6416,11553800,11556000,11.0000,1.904135
2255,56750000000000,15:45:50,56760000000000,10000000000,160,40,1697,3761,11556000,11558000,10.0000,1.730703
2256,56760000000000,15:46:00,56770000000000,10000000000,465,156,2328,13802,11558000,11559600,8.0000,1.384323
2257,56770000000000,15:46:10,56780000000000,10000000000,169,58,-387,5587,11559600,11559900,1.5000,0.259525
2258,56780000000000,15:46:20,56790000000000,10000000000,393,124,-24,11914,11559900,11560100,1.0000,0.173012
2259,56790000000000,15:46:30,56800000000000,10000000000,451,117,-2832,8646,11560100,11556000,-20.5000,-3.546682
2260,56800000000000,15:46:40,56810000000000,10000000000,183,35,-559,2715,11556000,11556500,2.5000,0.432676
2261,56810000000000,15:46:50,56820000000000,10000000000,208,70,1537,5245,11556500,11558200,8.5000,1.471034
2262,56820000000000,15:47:00,56830000000000,10000000000,348,78,2472,7892,11558200,11557700,-2.5000,-0.432593
2263,56830000000000,15:47:10,56840000000000,10000000000,302,95,71,7037,11557700,11560400,13.5000,2.336105
2264,56840000000000,15:47:20,56850000000000,10000000000,265,56,-631,6253,11560400,11558700,-8.5000,-1.470537
2265,56850000000000,15:47:30,56860000000000,10000000000,631,243,1008,22124,11558700,11557100,-8.0000,-1.384239
2266,56860000000000,15:47:40,56870000000000,10000000000,125,36,1264,2498,11557100,11558800,8.5000,1.470957
2267,56870000000000,15:47:50,56880000000000,10000000000,343,88,-2650,7508,11558800,11554500,-21.5000,-3.720109
2268,56880000000000,15:48:00,56890000000000,10000000000,280,84,1600,6634,11554500,11555600,5.5000,0.952010
2269,56890000000000,15:48:10,56900000000000,10000000000,554,156,-5417,11725,11555600,11552400,-16.0000,-2.769220
2270,56900000000000,15:48:20,56910000000000,10000000000,298,94,2187,9421,11552400,11555600,16.0000,2.769987
2271,56910000000000,15:48:30,56920000000000,10000000000,83,13,366,1434,11555600,11555100,-2.5000,-0.432691
2272,56920000000000,15:48:40,56930000000000,10000000000,273,63,2258,5708,11555100,11556300,6.0000,1.038502
2273,56930000000000,15:48:50,56940000000000,10000000000,201,34,-70,3090,11556300,11556800,2.5000,0.432664
2274,56940000000000,15:49:00,56950000000000,10000000000,242,44,-734,4144,11556800,11556000,-4.0000,-0.692233
2275,56950000000000,15:49:10,56960000000000,10000000000,228,52,1963,5253,11556000,11558200,11.0000,1.903773
2276,56960000000000,15:49:20,56970000000000,10000000000,452,178,-537,31877,11558200,11553600,-23.0000,-3.979858
2277,56970000000000,15:49:30,56980000000000,10000000000,185,61,2,7474,11553600,11552500,-5.5000,-0.952084
2278,56980000000000,15:49:40,56990000000000,10000000000,341,131,-308,11440,11552500,11553100,3.0000,0.519368
2279,56990000000000,15:49:50,57000000000000,10000000000,133,34,742,2800,11553100,11553600,2.5000,0.432784
2280,57000000000000,15:50:00,57010000000000,10000000000,323,120,2121,9987,11553600,11556100,12.5000,2.163828
2281,57010000000000,15:50:10,57020000000000,10000000000,488,91,-39,8267,11556100,11555400,-3.5000,-0.605741
2282,57020000000000,15:50:20,57030000000000,10000000000,307,76,-1186,7114,11555400,11555000,-2.0000,-0.346159
2283,57030000000000,15:50:30,57040000000000,10000000000,158,42,-1445,3789,11555000,11554300,-3.5000,-0.605798
2284,57040000000000,15:50:40,57050000000000,10000000000,366,125,-570,9040,11554300,11553900,-2.0000,-0.346191
2285,57050000000000,15:50:50,57060000000000,10000000000,385,98,5673,9871,11553900,11558100,21.0000,3.635136
2286,57060000000000,15:51:00,57070000000000,10000000000,408,126,6724,11472,11558100,11563600,27.5000,4.758568
2287,57070000000000,15:51:10,57080000000000,10000000000,349,98,1370,8452,11563600,11565600,10.0000,1.729565
2288,57080000000000,15:51:20,57090000000000,10000000000,241,76,1321,6377,11565600,11567400,9.0000,1.556339
2289,57090000000000,15:51:30,57100000000000,10000000000,277,99,-1913,8169,11567400,11566200,-6.0000,-1.037398
2290,57100000000000,15:51:40,57110000000000,10000000000,351,101,400,8796,11566200,11567400,6.0000,1.037506
2291,57110000000000,15:51:50,57120000000000,10000000000,1034,338,-4999,39323,11567400,11556700,-53.5000,-9.250134
2292,57120000000000,15:52:00,57130000000000,10000000000,698,134,2545,10757,11556700,11562600,29.5000,5.105264
2293,57130000000000,15:52:10,57140000000000,10000000000,357,122,-6081,12557,11562600,11559900,-13.5000,-2.335115
2294,57140000000000,15:52:20,57150000000000,10000000000,263,71,-3544,5560,11559900,11556600,-16.5000,-2.854696
2295,57150000000000,15:52:30,57160000000000,10000000000,195,84,1425,10105,11556600,11557100,2.5000,0.432653
2296,57160000000000,15:52:40,57170000000000,10000000000,448,174,373,21155,11557100,11553100,-20.0000,-3.461076
2297,57170000000000,15:52:50,57180000000000,10000000000,101,25,-473,1933,11553100,11552900,-1.0000,-0.173114
2298,57180000000000,15:53:00,57190000000000,10000000000,282,95,2824,6454,11552900,11555100,11.0000,1.904284
2299,57190000000000,15:53:10,57200000000000,10000000000,302,72,1172,5538,11555100,11558600,17.5000,3.028966
2300,57200000000000,15:53:20,57210000000000,10000000000,224,60,-1432,4832,11558600,11556700,-9.5000,-1.643798
2301,57210000000000,15:53:30,57220000000000,10000000000,152,37,-909,2881,11556700,11556000,-3.5000,-0.605709
2302,57220000000000,15:53:40,57230000000000,10000000000,402,107,-1335,8291,11556000,11554600,-7.0000,-1.211492
2303,57230000000000,15:53:50,57240000000000,10000000000,319,99,5459,9063,11554600,11556900,11.5000,1.990549
2304,57240000000000,15:54:00,57250000000000,10000000000,304,83,916,10386,11556900,11557500,3.0000,0.519170
2305,57250000000000,15:54:10,57260000000000,10000000000,279,74,2213,5639,11557500,11560300,14.0000,2.422669
2306,57260000000000,15:54:20,57270000000000,10000000000,239,72,1883,5311,11560300,11561700,7.0000,1.211041
2307,57270000000000,15:54:30,57280000000000,10000000000,233,68,-657,6191,11561700,11561700,0.0000,0.000000
2308,57280000000000,15:54:40,57290000000000,10000000000,241,64,-332,5248,11561700,11561200,-2.5000,-0.432462
2309,57290000000000,15:54:50,57300000000000,10000000000,212,56,-1251,3835,11561200,11560400,-4.0000,-0.691970
2310,57300000000000,15:55:00,57310000000000,10000000000,313,157,3715,15597,11560400,11561400,5.0000,0.865022
2311,57310000000000,15:55:10,57320000000000,10000000000,428,146,-1594,12416,11561400,11559200,-11.0000,-1.902884
2312,57320000000000,15:55:20,57330000000000,10000000000,183,31,-844,2444,11559200,11558200,-5.0000,-0.865112
2313,57330000000000,15:55:30,57340000000000,10000000000,459,127,-2818,8354,11558200,11555700,-12.5000,-2.162967
2314,57340000000000,15:55:40,57350000000000,10000000000,202,43,695,2603,11555700,11555900,1.0000,0.173075
2315,57350000000000,15:55:50,57360000000000,10000000000,422,79,2967,6623,11555900,11558900,15.0000,2.596076
2316,57360000000000,15:56:00,57370000000000,10000000000,388,164,4918,13054,11558900,11561700,14.0000,2.422376
2317,57370000000000,15:56:10,57380000000000,10000000000,93,15,692,2548,11561700,11562000,1.5000,0.259477
2318,57380000000000,15:56:20,57390000000000,10000000000,209,53,2388,4778,11562000,11562200,1.0000,0.172980
2319,57390000000000,15:56:30,57400000000000,10000000000,552,189,-1332,13368,11562200,11560800,-7.0000,-1.210842
2320,57400000000000,15:56:40,57410000000000,10000000000,273,83,-1677,5441,11560800,11559500,-6.5000,-1.124490
2321,57410000000000,15:56:50,57420000000000,10000000000,158,71,-1175,6735,11559500,11559500,0.0000,0.000000
2322,57420000000000,15:57:00,57430000000000,10000000000,191,109,2226,10792,11559500,11559600,0.5000,0.086509
2323,57430000000000,15:57:10,57440000000000,10000000000,506,170,-5213,12187,11559600,11555100,-22.5000,-3.892868
2324,57440000000000,15:57:20,57450000000000,10000000000,241,54,1675,4339,11555100,11555800,3.5000,0.605793
2325,57450000000000,15:57:30,57460000000000,10000000000,383,161,1728,13238,11555800,11557300,7.5000,1.298049
2326,57460000000000,15:57:40,57470000000000,10000000000,233,84,-300,6620,11557300,11556800,-2.5000,-0.432627
2327,57470000000000,15:57:50,57480000000000,10000000000,364,172,605,16475,11556800,11557100,1.5000,0.259587
2328,57480000000000,15:58:00,57490000000000,10000000000,322,132,-404,10984,11557100,11556100,-5.0000,-0.865269
2329,57490000000000,15:58:10,57500000000000,10000000000,190,67,2563,7705,11556100,11556300,1.0000,0.173069
2330,57500000000000,15:58:20,57510000000000,10000000000,528,190,-7409,16321,11556300,11553600,-13.5000,-2.336388
2331,57510000000000,15:58:30,57520000000000,10000000000,277,80,2114,18018,11553600,11553600,0.0000,0.000000
2332,57520000000000,15:58:40,57530000000000,10000000000,354,140,-5170,13060,11553600,11552400,-6.0000,-1.038637
2333,57530000000000,15:58:50,57540000000000,10000000000,500,207,-4836,21774,11552400,11550500,-9.5000,-1.644680
2334,57540000000000,15:59:00,57550000000000,10000000000,590,213,-302,19302,11550500,11551700,6.0000,1.038916
2335,57550000000000,15:59:10,57560000000000,10000000000,543,190,-708,18836,11551700,11551000,-3.5000,-0.605971
2336,57560000000000,15:59:20,57570000000000,10000000000,535,171,691,17969,11551000,11551000,0.0000,0.000000
2337,57570000000000,15:59:30,57580000000000,10000000000,441,160,3104,16420,11551000,11552300,6.5000,1.125444
2338,57580000000000,15:59:40,57590000000000,10000000000,572,133,2282,15756,11552300,11551600,-3.5000,-0.605940
2339,57590000000000,15:59:50,57600000000000,10000000000,400,175,1419,25971,11551600,11552100,2.5000,0.432840
